symbol,timeframe_minutes,direction,signal_at_ms,entry_at_ms,exit_at_ms,entry_price,stop_price,take_profit,exit_price,exit_reason,atr,macd,macd_signal,histogram,point_indices,prices,histograms,divergence_score,quantity,risk_fraction,pnl,pnl_percent,r_multiple,fees,funding,slippage_cost,holding_bars,ambiguous_exit,leverage_capped,entry_at,exit_at
BTCUSDT,15,LONG,1735689599999,1735689600000,1735723799999,93567.50976,92961.9114924409,95384.30456267734,92943.3191101424,STOP,330.3256717060743,-267.98545691164327,-259.7336495101147,-8.251807401528595,"[175379, 175387]","[93426.1, 93343.4]","[-110.23513953406686, -24.175462464366547]",0.1815987167812607,1.651259,0.009999995896913909,-1153.891502200923,-0.011538915022009232,-1.1538919756527348,123.19107390771299,0.0,61.59549818965929,38,False,False,2025-01-01T00:00:00+00:00,2025-01-01T09:29:59.999000+00:00
BTCUSDT,15,SHORT,1735750799999,1735750800000,1735761599999,94051.28598,94469.63622341734,92796.23524974796,94488.53015066203,STOP,260.3574822782313,182.87276756670326,167.8317535765895,15.041013990113754,"[175448, 175455]","[94430.0, 94489.5]","[94.03314793259264, 76.8392235143079]",0.03816449844799502,2.362759,0.009999997145143418,-1211.2922583976751,-0.012254324189450978,-1.2254327687885784,178.18965896842676,0.0,89.09479172390107,12,False,False,2025-01-01T17:00:00+00:00,2025-01-01T19:59:59.999000+00:00
BTCUSDT,15,SHORT,1735770599999,1735770600000,1735779599999,94705.85504,95204.64210805378,93209.49383583863,95223.6830364754,STOP,243.0947387025258,300.90860181942116,283.7854175057172,17.123184313703973,"[175455, 175477]","[94489.5, 95161.2]","[76.8392235143079, 57.58132855591094]",0.6797954204099285,1.957444,0.009999995813434701,-1162.329878625019,-0.011904870858516048,-1.1904875842570057,148.71057389222733,0.0,74.35524937555145,10,False,False,2025-01-01T22:30:00+00:00,2025-01-02T00:59:59.999000+00:00
BTCUSDT,15,SHORT,1735820099999,1735820100000,1735829099999,96757.74458,97214.92964842703,95386.18937471893,97234.37263435671,STOP,245.95309895134935,462.709256129383,454.47261340858734,8.236642720795658,"[175527, 175532]","[96800.0, 96870.9]","[73.88146232384412, 52.23762567557844]",0.0806281231977045,2.11014,0.009999996233981552,-1169.4921331077478,-0.01212254578713997,-1.2122550352514796,163.74021048748108,0.0,81.87006828846636,10,False,False,2025-01-02T12:15:00+00:00,2025-01-02T14:44:59.999000+00:00
BTCUSDT,15,SHORT,1735936199999,1735936200000,1736129699999,98540.48796,99182.26720843316,96615.15021470054,99202.10366187485,STOP,318.1781389554369,547.9964805125928,541.8405760382242,6.15590447436864,"[175649, 175661]","[98423.0, 98949.0]","[139.84598214560498, 89.54756868834528]",0.5408585909363,1.48498,0.0099999937678934,-1099.9436024527636,-0.011541542963751131,-1.154155015656822,117.45751748266068,0.0,58.72872179103582,215,False,False,2025-01-03T20:30:00+00:00,2025-01-06T02:14:59.999000+00:00
BTCUSDT,15,LONG,1736226899999,1736226900000,1736250299999,101688.03354,101209.26488874062,103124.33949377814,101189.02303576288,STOP,213.02340750625245,12.2622118335712,53.35946792273838,-41.09725608916718,"[175974, 175983]","[101646.2, 101459.4]","[-85.67541286283824, -80.17429869274301]",0.0499258562077307,1.967611,0.009999999558623197,-1141.5318085189547,-0.012117779636038604,-1.2117780170889312,159.67325126643735,0.0,79.83658955233996,26,False,False,2025-01-07T05:15:00+00:00,2025-01-07T11:44:59.999000+00:00
BTCUSDT,15,LONG,1736276399999,1736276400000,1736318699999,96748.44582,95795.32425862642,99607.81050412072,95776.16519377471,STOP,522.4504942490476,-1298.0169244369026,-1216.4452943710476,-81.57163006585506,"[176031, 176039]","[97100.0, 96530.8]","[-357.7039657971925, -169.0988607230181]",0.5216371419360006,0.976386,0.009999993129881379,-1024.5125254573306,-0.011008981354315857,-1.1008988917621834,75.19133393971818,0.0,37.59563050083664,47,False,False,2025-01-07T19:00:00+00:00,2025-01-08T06:44:59.999000+00:00
BTCUSDT,15,SHORT,1736352899999,1736352900000,1736454599999,94962.60368,96257.17759562156,91078.88193313534,91097.09770952197,TAKE_PROFIT,533.9850637477025,-263.3033501722675,-286.3896139711436,23.086263798876075,"[176108, 176124]","[96015.8, 96064.5]","[47.71713887367912, 40.89333761413286]",0.014134266532196583,0.710944,0.009999994512590465,2695.2470653376668,0.029284384335675744,2.928440040522555,52.91121133786892,0.0,26.455716653494193,113,False,False,2025-01-08T16:15:00+00:00,2025-01-09T20:29:59.999000+00:00
BTCUSDT,15,SHORT,1736486099999,1736486100000,1736494199999,93670.86208,94313.04551545762,91744.31177362712,94331.90812456072,STOP,308.76367697175095,344.64630909801053,275.8474068354567,68.79890226255384,"[176266, 176272]","[93649.0, 93862.0]","[150.62918839470987, 114.15792204547168]",0.15116030445777517,1.475158,0.009999994708423441,-1086.0808771978673,-0.01146474235242564,-1.146474841908504,110.93351619576775,0.0,55.466721310658286,9,False,False,2025-01-10T05:15:00+00:00,2025-01-10T07:29:59.999000+00:00
BTCUSDT,15,SHORT,1736499599999,1736499600000,1736506799999,94613.47352,95174.97852099175,92928.95851702474,95194.01351669595,STOP,320.71901399450144,505.945894421704,473.06277725236777,32.88311716933623,"[176278, 176287]","[94208.1, 94975.2]","[70.1101745808046, 63.224204020445256]",0.21992607372271045,1.66777,0.009999994347982781,-1094.8292833516816,-0.01169112687005718,-1.1691133477905953,126.62209306207616,0.0,63.311010335190886,8,False,False,2025-01-10T09:00:00+00:00,2025-01-10T10:59:59.999000+00:00
BTCUSDT,15,LONG,1736619299999,1736619300000,1736675099999,94236.8436,93806.2345295505,95528.67081134854,93787.47328264458,STOP,177.04364696634212,-63.44215835217619,-22.556504116105817,-40.88565423607038,"[176409, 176416]","[94262.1, 94251.0]","[-24.05042228895828, -14.701477224041227]",0.02990679247212641,2.149312,0.009999997952117317,-1127.4861837628878,-0.012182277910055004,-1.218228040484311,161.64916822706823,0.0,80.82454871303544,62,False,False,2025-01-11T18:15:00+00:00,2025-01-12T09:44:59.999000+00:00
BTCUSDT,15,SHORT,1737062099999,1737062100000,1737078299999,100150.4659,100935.38712546667,97795.70222359999,100955.57420289176,STOP,398.45808364444656,393.24017730109335,312.75965638239677,80.48052091869658,"[176902, 176912]","[100324.0, 100599.8]","[173.05660863063855, 122.15888718168259]",0.18294894687711555,1.164752,0.009999999968083893,-1031.4469709785562,-0.01128203299101879,-1.1282033027026648,93.69546496876936,0.0,46.84769684823231,18,False,False,2025-01-16T21:15:00+00:00,2025-01-17T01:44:59.999000+00:00
BTCUSDT,15,SHORT,1737114299999,1737114300000,1737118799999,102248.5462,102771.34472525754,100680.15062422739,102791.89899420258,STOP,280.82981683835703,410.65050922463706,406.47227934711907,4.1782298775179925,"[176964, 176970]","[102249.9, 102568.8]","[30.105692364311494, 14.675885132765416]",0.533430920476053,1.72901,0.009999997541194764,-1081.2692067623063,-0.011961946874394015,-1.1961949815604498,141.80679205809128,0.0,70.9033612866835,5,False,False,2025-01-17T11:45:00+00:00,2025-01-17T12:59:59.999000+00:00
BTCUSDT,15,LONG,1737161999999,1737162000000,1737171899999,104636.62314,103983.55545203625,106595.82620389127,103962.75874094584,STOP,326.0296986425032,111.26300124955014,200.58102066348232,-89.31801941393218,"[177019, 177023]","[104150.0, 104024.8]","[-185.76164252972103, -185.5378593230452]",0.00044134308321771984,1.367563,0.009999997740590242,-1035.6611377570077,-0.011596102435595185,-1.1596105055630477,114.10911859330078,0.0,57.054524716750606,11,False,False,2025-01-18T01:00:00+00:00,2025-01-18T03:44:59.999000+00:00
BTCUSDT,15,SHORT,1737246599999,1737246600000,1737252899999,104214.6529,104798.83043799839,102462.12028600482,104819.79020408599,STOP,270.62029199892726,153.94345067982795,144.20200729384172,9.74144338598623,"[177104, 177117]","[104469.0, 104744.3]","[33.04013096057122, 29.972629668567407]",0.09034090163736427,1.511107,0.009999999659525667,-1040.7765802517433,-0.011790098267683064,-1.179009866910566,126.34936408627443,0.0,63.17464799303449,7,False,False,2025-01-19T00:30:00+00:00,2025-01-19T02:14:59.999000+00:00
BTCUSDT,15,LONG,1737337499999,1737337500000,1737356399999,100063.90878,98332.55392657593,105257.97334027219,105236.92174560414,TAKE_PROFIT,1056.3640489493764,-1597.3742229671188,-1302.7523480867071,-294.6218748804117,"[177214, 177218]","[99600.0, 99501.0]","[-571.7466023121407, -415.04633028619446]",0.024807331183118904,0.503852,0.009999995121692229,2565.056435120782,0.02940408281890705,2.9404097163130625,41.376493624794676,0.0,20.688351897248566,21,False,False,2025-01-20T01:45:00+00:00,2025-01-20T06:59:59.999000+00:00
BTCUSDT,15,SHORT,1737470699999,1737470700000,1737476099999,103713.35318,106184.65715368374,96299.44125894876,106205.89408511449,STOP,594.9047691224966,643.1341886699374,618.025623074671,25.10856559526644,"[177361, 177365]","[104700.0, 104958.0]","[222.15979656893217, 191.74978436631181]",0.07499460502319724,0.363369,0.00999997392083361,-936.223354934335,-0.010425677748012174,-1.0425704937381555,30.511258783790954,0.0,15.255593773635383,6,False,False,2025-01-21T14:45:00+00:00,2025-01-21T16:14:59.999000+00:00
BTCUSDT,15,LONG,1737524699999,1737524700000,1737533699999,105625.42086,105008.441553519,107476.35877944299,104987.4398652083,STOP,314.6389643206661,-55.72872055617336,-25.117305504564264,-30.611415051609093,"[177419, 177426]","[105524.6, 105251.6]","[-78.68950135094414, -60.57346885812468]",0.18125680467646296,1.4403,0.009999999247808086,-1040.2223081194968,-0.011705839680034101,-1.1705840560537963,121.338281321007,0.0,60.66910633190668,10,False,False,2025-01-22T05:45:00+00:00,2025-01-22T08:14:59.999000+00:00
BTCUSDT,15,LONG,1737611099999,1737611100000,1737629099999,102474.19074,101371.67612637884,105781.7345808635,101351.40179115356,STOP,403.81591574744465,-573.8379085607303,-569.8421886563026,-3.9957199044276877,"[177514, 177522]","[102082.0, 101550.4]","[-130.27548591297892, -98.3866472838804]",0.3095878976163488,0.796572,0.00999999011555881,-959.326942517999,-0.010923374444000803,-1.0923385241156705,64.94470395749042,0.0,32.47231750234837,20,False,False,2025-01-23T05:45:00+00:00,2025-01-23T10:44:59.999000+00:00
BTCUSDT,15,LONG,1737764999999,1737765000000,1737933299999,104597.4153,103884.31452952206,106736.71761143384,103863.53766661615,STOP,379.45698031863014,-348.62915782182245,-273.585060153982,-75.04409766784045,"[177683, 177692]","[104670.1, 104400.0]","[-226.60917287797716, -127.33499613225086]",0.275948614900149,1.218116,0.009999995264675923,-995.5199361405544,-0.011460675144449628,-1.1460680571453292,101.57184887355304,0.0,50.785890710288655,187,False,False,2025-01-25T00:30:00+00:00,2025-01-26T23:14:59.999000+00:00
BTCUSDT,15,LONG,1737947699999,1737947700000,1737957599999,101396.7753,99873.83091929834,105965.60844210497,99853.85615311448,STOP,505.7793871344402,-1133.5352116040594,-1030.8748687972247,-102.6603428068347,"[177892, 177896]","[101100.0, 100768.7]","[-314.2323500747583, -218.93930177950574]",0.19936635901172806,0.563831,0.009999983498205016,-915.3341834207461,-0.010659724288718968,-1.0659741879206475,45.388537913136396,0.0,22.69423506651178,11,False,False,2025-01-27T03:15:00+00:00,2025-01-27T05:59:59.999000+00:00
BTCUSDT,15,SHORT,1737993599999,1737993600000,1738023299999,101050.58584,102609.1043614633,96375.03027561012,102629.62618233559,STOP,725.8029076421967,488.40816721222654,294.05608105888564,194.3520861533409,"[177941, 177947]","[101640.6, 102267.8]","[414.46098929384243, 326.41180024534]",0.17894101651172492,0.545089,0.009999999694900922,-905.1270583997804,-0.010654428251025106,-1.065442857609074,44.40953723641715,0.0,22.204735077697134,33,False,False,2025-01-27T16:00:00+00:00,2025-01-28T00:14:59.999000+00:00
BTCUSDT,15,SHORT,1738026899999,1738026900000,1738036799999,101781.1397,102617.89633681359,99270.86978955925,102638.41991608095,STOP,507.6642245423901,595.5815267998842,580.3437447917208,15.237782008163322,"[177972, 177984]","[102423.3, 102846.1]","[304.30184626430423, 125.69440545107977]",0.4496711370985243,1.004449,0.009999991783383132,-943.2258646570172,-0.011222465732970185,-1.1222474954047885,82.13160889472516,0.0,41.06577164622321,11,False,False,2025-01-28T01:15:00+00:00,2025-01-28T03:59:59.999000+00:00
BTCUSDT,15,SHORT,1738043999999,1738044000000,1738179899999,102948.50618,103866.85345371648,100193.46435885057,103887.62682440721,STOP,380.90230247765015,614.6234602638142,586.698995866451,27.92446439736318,"[177984, 178002]","[102846.1, 103325.3]","[125.69440545107977, 77.12294616816371]",0.44753169467968096,0.904938,0.009999994538797631,-924.7155083200764,-0.011127103752569253,-1.112710982930911,74.8695506114969,0.0,37.434742809299856,151,False,False,2025-01-28T06:00:00+00:00,2025-01-29T19:44:59.999000+00:00
BTCUSDT,15,LONG,1738287899999,1738287900000,1738293299999,104630.02182,104042.72446277401,106391.91389167798,104021.91591788146,STOP,279.8503581506607,-195.7229798722401,-150.74155351153235,-44.98142636070776,"[178260, 178273]","[104737.0, 104356.1]","[-75.85519822048295, -61.742442515267115]",0.24100709199641152,1.399292,0.009999998170313088,-967.7037188917105,-0.011775407162483363,-1.1775409317014596,116.78599490444624,0.0,58.39296575123279,6,False,False,2025-01-31T01:45:00+00:00,2025-01-31T03:14:59.999000+00:00
BTCUSDT,15,SHORT,1738332899999,1738332900000,1738337399999,104591.0776,105087.34620473883,103102.27178578351,105108.36367397978,STOP,239.83080315922095,96.73649835506512,73.61544180675658,23.121056548308545,"[178317, 178324]","[104821.8, 104989.6]","[87.91185948858674, 68.62250055387375]",0.15624458525297624,1.636459,0.009999995294804434,-983.7832665259857,-0.012113713458570562,-1.2113719158312328,137.26581518711026,0.0,68.63287647817214,5,False,False,2025-01-31T14:15:00+00:00,2025-01-31T15:29:59.999000+00:00
BTCUSDT,15,SHORT,1738380599999,1738380600000,1738448999999,102285.23886,102791.16310678734,100767.46611963799,100787.61961286192,TAKE_PROFIT,261.5087378582251,-192.47523281355097,-254.83958825003756,62.36435543648659,"[178368, 178377]","[102538.7, 102734.9]","[143.0853272063622, 138.57209440817155]",0.02159200121150962,1.585782,0.009999997380258112,2246.0859315032026,0.027996083241423754,2.7996090575676877,128.81171346192477,0.0,64.40595430310636,76,False,False,2025-02-01T03:30:00+00:00,2025-02-01T22:29:59.999000+00:00
BTCUSDT,15,LONG,1738662299999,1738662300000,1738703699999,98666.2293,97679.06870437323,101627.71108688028,97659.53289063236,STOP,493.95419708450834,-609.0177659265028,-600.6344075609352,-8.383358365567574,"[178678, 178690]","[98183.0, 97792.8]","[-353.8579777325571, -142.11380639310664]",0.4443847633698793,0.835473,0.009999992614676895,-906.6776186294856,-0.010993407937640297,-1.0993416056633258,65.60994940587767,0.0,32.804942372429764,46,False,False,2025-02-04T09:45:00+00:00,2025-02-04T21:14:59.999000+00:00
BTCUSDT,15,SHORT,1738736099999,1738736100000,1738766699999,97969.20224,98800.16538241116,95476.31281276653,98819.92541548764,STOP,406.77692160743777,-67.75115493421617,-103.84521644250178,36.094061508285606,"[178766, 178771]","[98278.1, 98300.0]","[73.13320001272808, 68.07991012079506]",0.003497055569867698,0.981607,0.009999992400290062,-912.3436582131028,-0.011185070345074386,-1.1185078845409873,77.2678340922081,0.0,38.6338851884265,34,False,False,2025-02-05T06:15:00+00:00,2025-02-05T14:44:59.999000+00:00
BTCUSDT,15,SHORT,1738819799999,1738819800000,1738823399999,97689.9581,98150.79095492733,96307.45953521799,98170.42111311833,STOP,291.39396995155715,165.52251469554903,82.66895992821827,82.85355476733076,"[178857, 178865]","[97419.3, 97800.0]","[115.30148973178206, 91.90476381893617]",0.2306734371708681,1.750214,0.009999996202498806,-978.0321231395129,-0.0121260224096781,-1.2126027014538305,137.11903109764347,0.0,68.55948465467743,4,False,False,2025-02-06T05:30:00+00:00,2025-02-06T06:29:59.999000+00:00
BTCUSDT,15,LONG,1738872899999,1738872900000,1738940399999,96258.04776,95000.97498350138,100029.26608949585,100009.26023627796,TAKE_PROFIT,490.0166776657458,-609.1695073506417,-576.6337715879342,-32.53573576270742,"[178916, 178922]","[96330.0, 95811.1]","[-228.42960088382927, -122.33415284604973]",0.5254355090820777,0.633834,0.009999992053061471,2327.8856515305574,0.029216308737769845,2.9216331955809256,49.76035715860514,0.0,24.880274680353903,75,False,False,2025-02-06T20:15:00+00:00,2025-02-07T14:59:59.999000+00:00
BTCUSDT,15,SHORT,1738988099999,1738988100000,1739072699999,96559.28428,97056.92305868391,95066.3679439483,97076.33444329564,STOP,264.5487057892693,-51.903861763421446,-109.12074138225515,57.2168796188337,"[179041, 179052]","[96812.9, 96850.0]","[133.4899253395854, 101.64294872476495]",0.02992357806510101,1.647891,0.0099999940091405,-979.6784679928369,-0.011946497742760184,-1.194650489974342,127.63615734942015,0.0,63.818047145739534,94,False,False,2025-02-08T04:15:00+00:00,2025-02-09T03:44:59.999000+00:00
BTCUSDT,15,SHORT,1739179799999,1739179800000,1739195999999,97610.37402,98317.88300392014,95487.84706823957,98337.54658052092,STOP,323.78866928009415,426.42868308656034,385.2175481115272,41.21113497503313,"[179255, 179265]","[97634.0, 97859.9]","[94.93201258057942, 68.08662278732419]",0.18119929908724525,1.145226,0.009999993981810234,-922.538784122198,-0.011385738729442646,-1.13857455816004,89.76186132706087,0.0,44.88089914768949,18,False,False,2025-02-10T09:30:00+00:00,2025-02-10T13:59:59.999000+00:00
BTCUSDT,15,SHORT,1739403899999,1739403900000,1739437199999,97667.76254,98326.72968558465,95690.86110324606,95709.99927546672,TAKE_PROFIT,399.1531237230968,489.9764269046573,488.1703720611783,1.8060548434789894,"[179505, 179514]","[97605.2, 98090.9]","[73.00177213338264, 50.45033099996351]",0.33455099458947113,1.215588,0.009999997143194309,2285.806456515593,0.028535741655853805,2.8535749807963047,94.02707469189582,0.0,47.01363441983454,37,False,False,2025-02-12T23:45:00+00:00,2025-02-13T08:59:59.999000+00:00
BTCUSDT,15,SHORT,1739458799999,1739458800000,1739483099999,95799.43628,96523.55722380111,93627.07344859668,96542.86193524586,STOP,311.3714825340716,-206.65512605088588,-239.36123801925527,32.706111968369385,"[179565, 179574]","[96237.0, 96250.0]","[51.6728284270356, 19.535114641291216]",0.029827323824353144,1.13778,0.009999993682007971,-933.3921300509802,-0.011329075111696703,-1.1329082269401851,87.53728802533698,0.0,43.76861192921928,27,False,False,2025-02-13T15:00:00+00:00,2025-02-13T21:44:59.999000+00:00
BTCUSDT,15,SHORT,1739592899999,1739592900000,1739715299999,97709.15426,98048.69722361088,96690.52536916734,96709.86347424117,TAKE_PROFIT,199.1314824072586,110.81893327190483,100.89666441377487,9.922268858129954,"[179720, 179724]","[97870.0, 97941.2]","[51.486007974322696, 46.58803997665528]",0.03075755092535493,2.39898,0.009999998185174755,2210.7156751540824,0.027140100375657766,2.714010530111259,186.56293406563594,0.0,93.281566655225,136,False,False,2025-02-15T04:15:00+00:00,2025-02-16T14:14:59.999000+00:00
BTCUSDT,15,SHORT,1739744099999,1739744100000,1739766599999,97025.89094,97376.86264709223,95972.97581872331,95992.17041388706,TAKE_PROFIT,152.24176472815358,-6.292687046458013,-37.72845080712953,31.43576376067152,"[179876, 179889]","[97134.0, 97137.1]","[32.26574321725228, 29.026995072810834]",0.002033646911276269,2.38385,0.009999997854923783,2280.184233950962,0.027253282161021606,2.72532880070596,184.05044222338546,0.0,92.0253233620927,25,False,False,2025-02-16T22:15:00+00:00,2025-02-17T04:29:59.999000+00:00
BTCUSDT,15,SHORT,1739927699999,1739927700000,1739933999999,95152.9656,95828.8211799435,93125.3988601695,95847.98694417949,STOP,329.1474532956673,188.38486316159833,141.34488999714793,47.0399731644504,"[180085, 180096]","[95296.0, 95799.8]","[175.04023975813124, 153.62138196212555]",0.17044602180857676,1.27167,0.00999999231597933,-980.9938652814743,-0.011413993689296777,-1.1414002459839858,97.1560725287427,0.0,48.57800285397975,7,False,False,2025-02-19T01:15:00+00:00,2025-02-19T02:59:59.999000+00:00
BTCUSDT,15,SHORT,1739937599999,1739937600000,1739960099999,95653.06556,96132.5701980593,94214.5516458221,96151.7967120989,STOP,246.1801320395331,236.60568086925196,215.9258329143125,20.679847954939447,"[180096, 180107]","[95799.8, 95929.0]","[153.62138196212555, 44.89730512444217]",0.32651781920159695,1.771945,0.009999998337876183,-1019.6712379773995,-0.012000989264449114,-1.2000991259162452,135.94706667149373,0.0,67.97350070572004,25,False,False,2025-02-19T04:00:00+00:00,2025-02-19T10:14:59.999000+00:00
BTCUSDT,15,SHORT,1740018599999,1740018600000,1740020399999,96796.43684,97208.64132625883,95559.8233812235,97228.08305452409,STOP,209.8942175058904,200.14958640289842,178.47767429032592,21.6719121125725,"[180188, 180196]","[96878.7, 96997.3]","[39.35793162672768, 21.229130436884986]",0.22806485178999544,2.036511,0.0099999963760709,-1037.1054916006306,-0.01235444675901339,-1.2354451236178925,158.05322761396687,0.0,79.02658180595614,2,False,False,2025-02-20T02:30:00+00:00,2025-02-20T02:59:59.999000+00:00
BTCUSDT,15,LONG,1740111299999,1740111300000,1740143699999,98212.53858,97858.62372208523,99274.28315374428,99254.42829711353,TAKE_PROFIT,164.91751860983933,40.540114395858836,65.94276027547762,-25.402645879618788,"[180291, 180300]","[98030.5, 98030.3]","[-40.744360036744496, -38.72561777476281]",5.5945310682060794e-05,2.34262,0.009999997643612908,2255.715662726228,0.027207185059673192,2.720719147074067,185.0360263782655,0.0,92.51811451992488,36,False,False,2025-02-21T04:15:00+00:00,2025-02-21T13:14:59.999000+00:00
BTCUSDT,15,SHORT,1740193199999,1740193200000,1740229199999,96276.94076,96778.64208810756,94771.83677567734,96797.99781652518,STOP,270.16139207170295,-115.41214895123267,-235.54920162786948,120.13705267663681,"[180383, 180390]","[96150.0, 96399.9]","[202.73877885171362, 183.4486062274852]",0.07895420898752738,1.697514,0.00999999591191762,-1015.6006127633941,-0.011925158532625178,-1.192516340773022,131.0989645131166,0.0,65.54944949847037,40,False,False,2025-02-22T03:00:00+00:00,2025-02-22T12:59:59.999000+00:00
BTCUSDT,15,LONG,1740247199999,1740247200000,1740275999999,96611.8185,96327.91202927269,97463.53791218196,96308.64644686683,STOP,143.191980484879,42.864770376167144,51.46053512139129,-8.595764745224145,"[180446, 180451]","[96444.2, 96407.1]","[-22.28112320969487, -14.884350876711245]",0.08442884320232907,2.963966,0.009999997101598424,-1127.3155371596004,-0.013396669963163585,-1.3396673846057643,228.72387952268204,0.0,114.36190839215105,32,False,False,2025-02-22T18:00:00+00:00,2025-02-23T01:59:59.999000+00:00
BTCUSDT,15,LONG,1740316499999,1740316500000,1740322799999,95833.6629,95489.53170477442,96866.05648567676,95470.43379843346,STOP,128.0455301503905,-179.3161470105988,-129.52958768432345,-49.78655932627535,"[180504, 180522]","[96102.2, 96034.0]","[-26.171238441492036, -17.588980335905312]",0.23387077797698524,2.412499,0.009999999390627987,-1060.8982210925274,-0.012778577459694353,-1.2778578238385145,184.60837679234962,0.0,92.30415703674731,7,False,False,2025-02-23T13:15:00+00:00,2025-02-23T14:59:59.999000+00:00
BTCUSDT,15,LONG,1740327299999,1740327300000,1740372299999,95523.40086,95138.66029980541,96677.62254058376,95119.63256774546,STOP,160.89313346305727,-227.04822677648917,-193.92553620324753,-33.12269057324164,"[180531, 180539]","[95617.8, 95476.8]","[-57.09413809889999, -16.921495120873942]",0.6430422997812318,2.130285,0.009999997700648229,-1022.5911342517276,-0.01247659968598368,-1.2476602554793497,162.44959778624988,0.0,81.2247677364542,50,False,False,2025-02-23T16:15:00+00:00,2025-02-24T04:44:59.999000+00:00
BTCUSDT,15,LONG,1740482999999,1740483000000,1740496499999,87706.83786,86522.765698151,91259.05434554703,86505.46114501136,STOP,696.6228678993413,-1322.3347695093253,-1242.1479731722754,-80.18679633704983,"[180702, 180713]","[88131.6, 86800.0]","[-272.3120857881954, -208.4211175174937]",0.4317711397699983,0.683557,0.00999999374026677,-868.8430777558787,-0.01073465688911325,-1.07346636087263,47.63361458838742,0.0,23.8167753984862,15,False,False,2025-02-25T11:30:00+00:00,2025-02-25T15:14:59.999000+00:00
BTCUSDT,15,SHORT,1740525299999,1740525300000,1740580199999,88924.81148,89954.24296197643,85836.51703407068,85853.6843374775,TAKE_PROFIT,592.6286413176247,248.61539772510878,64.1260668543828,184.48933087072598,"[180754, 180760]","[88970.8, 89442.7]","[263.01057874523906, 255.26027740204844]",0.021038993715269644,0.777801,0.00999999931936667,2334.348607051009,0.029154106829535013,2.915410881386083,54.37715553013193,0.0,27.188674401643443,61,False,False,2025-02-25T23:15:00+00:00,2025-02-26T14:29:59.999000+00:00
BTCUSDT,15,LONG,1740681899999,1740681900000,1740685499999,84739.9446,83738.0282688179,87745.6935935463,83721.28066316414,STOP,494.714487454732,-467.69860561040696,-397.67879486595155,-70.01981074445541,"[180924, 180934]","[84609.0, 84302.2]","[-210.72400380393168, -171.6947707570406]",0.10385517304201553,0.82246,0.009999996712073992,-893.2313892219995,-0.010839708227682852,-1.0839711791699882,55.42104773197679,0.0,27.710491461994394,4,False,False,2025-02-27T18:45:00+00:00,2025-02-27T19:44:59.999000+00:00
BTCUSDT,15,LONG,1740719699999,1740719700000,1740731399999,79826.9622,78484.71447801356,83853.70536595934,78469.01753511795,STOP,869.5236813242961,-1359.8665185574937,-1218.6219520445688,-141.24456651292485,"[180970, 180976]","[79500.0, 79301.3]","[-409.32066317985254, -295.7914106998819]",0.06263760354406477,0.607267,0.009999983862166934,-863.0861526992483,-0.010588662136540042,-1.0588679224373814,38.45116989032235,0.0,19.22555272878397,13,False,False,2025-02-28T05:15:00+00:00,2025-02-28T08:29:59.999000+00:00
BTCUSDT,15,SHORT,1740764699999,1740764700000,1740797099999,83613.274,85309.28051515282,78525.25445454156,85326.34237125584,STOP,710.0536767685412,1168.7106353459676,1056.3352798110507,112.37535553491693,"[181022, 181026]","[84380.9, 84888.0]","[420.3819797396278, 326.36083917155383]",0.15039642214755006,0.475513,0.00999999931526528,-846.7194739407973,-0.010499040422123702,-1.0499041141029501,32.13319351981799,0.0,16.066564819120373,36,False,False,2025-02-28T17:45:00+00:00,2025-03-01T02:44:59.999000+00:00
BTCUSDT,15,LONG,1740832199999,1740832200000,1740866399999,84466.89,84024.02005909455,85795.49982271636,85778.34072275182,TAKE_PROFIT,283.9866272703027,-133.31785343567026,-27.234090415548117,-106.08376302012215,"[181087, 181101]","[84698.8, 84343.0]","[-185.1570622535632, -120.55630012513166]",0.3982649998836952,1.801896,0.009999994592964292,2240.39213142025,0.028074878047389264,2.807489322758428,122.70568010336144,0.0,61.35293702971067,38,False,False,2025-03-01T12:30:00+00:00,2025-03-01T21:59:59.999000+00:00
BTCUSDT,15,LONG,1740929399999,1740929400000,1740936599999,86393.97534,84496.27353700217,92087.08074899348,92068.66333284367,TAKE_PROFIT,409.81764199855076,-113.94344416609965,-107.18651092533807,-6.756933240761583,"[181193, 181201]","[85732.0, 85689.2]","[-36.795582753299655, -12.188475116279605]",0.1453029292397989,0.432317,0.009999985647783838,2422.40311597695,0.029526740642504747,2.952678301998199,30.860973025251106,0.0,15.430585260412522,8,False,False,2025-03-02T15:30:00+00:00,2025-03-02T17:29:59.999000+00:00
BTCUSDT,15,LONG,1740972599999,1740972600000,1740985199999,92683.93308,91547.6578855439,96092.7586633683,91529.3483539668,STOP,568.1614096374003,259.5922437520494,526.9752449139364,-267.383001161887,"[181253, 181257]","[92610.8, 92380.1]","[-412.44029710193627, -393.7057158048408]",0.018450888067262666,0.743335,0.009999990086529095,-913.0161091477827,-0.010809606924076178,-1.0809617640159175,54.77287182188708,0.0,27.386402676670155,14,False,False,2025-03-03T03:30:00+00:00,2025-03-03T06:59:59.999000+00:00
BTCUSDT,15,LONG,1740989699999,1740989700000,1740992399999,92168.32998,91419.68203061602,94414.27382815191,91401.3980942099,STOP,470.21197958931504,-220.33722862230206,-119.02939465078995,-101.30783397151211,"[181257, 181276]","[92380.1, 91150.0]","[-393.7057158048408, -181.50778414669043]",1.3092139264516316,1.116016,0.00999999152576848,-937.8549569105065,-0.01122502326455233,-1.1225032776904986,81.94670145858697,0.0,40.973318131895994,3,False,False,2025-03-03T08:15:00+00:00,2025-03-03T08:59:59.999000+00:00
BTCUSDT,15,LONG,1740995999999,1740996000000,1741013099999,91826.3616,90978.29076401971,94370.57410794088,90960.0951058669,STOP,504.3394906535276,-324.8456465335912,-275.2658509451627,-49.57979558842851,"[181276, 181283]","[91150.0, 91100.0]","[-181.50778414669043, -115.86304687190335]",0.035318055766864725,0.974122,0.009999990443954249,-915.0717733096121,-0.011076671184580363,-1.1076681769508139,71.222523511693,0.0,35.61122942632568,19,False,False,2025-03-03T10:00:00+00:00,2025-03-03T14:44:59.999000+00:00
BTCUSDT,15,LONG,1741038299999,1741038300000,1741052699999,86218.64028,84750.9639604875,90621.66923853749,84734.0137676954,STOP,835.5573596749987,-1806.400262207986,-1768.6147892604288,-37.78547294755731,"[181312, 181330]","[89655.0, 85150.0]","[-363.92652880465016, -355.0759647244388]",0.1150105382635338,0.556644,0.009999983923561873,-864.4723479791694,-0.01058138675805917,-1.0581403769187467,38.06390766389014,0.0,19.031921536884322,16,False,False,2025-03-03T21:45:00+00:00,2025-03-04T01:44:59.999000+00:00
BTCUSDT,15,SHORT,1741090499999,1741090500000,1741099499999,83590.87848,84551.16355798792,80710.02324603625,84568.07379069952,STOP,440.64237199194383,-229.31571476026147,-313.1914689443063,83.87575418404481,"[181380, 181388]","[84150.0, 84359.5]","[152.9687682687303, 129.6446647612479]",0.0667193389862829,0.84176,0.009999997032450586,-879.183716599776,-0.010876547033802805,-1.087655026147284,56.61979186535361,0.0,28.30986416251438,10,False,False,2025-03-04T12:15:00+00:00,2025-03-04T14:44:59.999000+00:00
BTCUSDT,15,SHORT,1741124699999,1741124700000,1741171499999,87897.31702,90177.37660981555,81057.13825055335,90195.41208513752,STOP,950.9844065436998,1400.6780924415798,1295.6577663393405,105.02032610223932,"[181421, 181425]","[88488.0, 88800.0]","[556.2663339427025, 458.0294667890505]",0.06664880873120795,0.350665,0.009999989070008706,-830.8418607571072,-0.010391524755251047,-1.0391536113190971,24.98035474066122,0.0,12.490145635476194,52,False,False,2025-03-04T21:45:00+00:00,2025-03-05T10:44:59.999000+00:00
BTCUSDT,15,LONG,1741271399999,1741271400000,1741281299999,89922.38088,88813.63269153712,93248.62544538864,88795.86996499881,STOP,444.24487230858426,-479.8701170624263,-320.1498307824404,-159.72028627998588,"[181574, 181587]","[90572.4, 89800.0]","[-211.88049400269094, -133.85780708407376]",0.6847791652351215,0.713624,0.009999997041240794,-854.9202784232094,-0.010804958901815336,-1.0804962098743445,51.015053216404574,0.0,25.507495472293098,11,False,False,2025-03-06T14:30:00+00:00,2025-03-06T17:14:59.999000+00:00
BTCUSDT,15,SHORT,1741335299999,1741335300000,1741339799999,88127.371,89109.02993427591,85182.39419717227,89126.85174026276,STOP,483.68662285060634,-40.142473261090345,-152.61957015057686,112.47709688948652,"[181655, 181660]","[88400.0, 88569.9]","[185.4893505999322, 162.3177936199874]",0.03834258697424439,0.797303,0.009999990605485528,-853.419122075115,-0.01090380157927337,-1.0903811822875167,56.53012942139189,0.0,28.265033965737597,5,False,False,2025-03-07T08:15:00+00:00,2025-03-07T09:29:59.999000+00:00
BTCUSDT,15,SHORT,1741344299999,1741344300000,1741355099999,89054.08562,89868.87860357993,86609.70666926021,89886.85237930065,STOP,433.8524023866216,257.8303352708899,135.7356875471159,122.09464772377402,"[181660, 181670]","[88569.9, 89666.0]","[162.3177936199874, 147.0072805234255]",0.21346466517711207,0.950113,0.009999990294644842,-859.2281685495487,-0.011099043254273688,-1.1099054026299813,68.00564457013182,0.0,34.00279199627663,12,False,False,2025-03-07T10:45:00+00:00,2025-03-07T13:44:59.999000+00:00
BTCUSDT,15,SHORT,1741360499999,1741360500000,1741522499999,89969.30254,91879.54211543147,84238.58381370561,84255.43153046836,TAKE_PROFIT,750.2947436209741,450.51276914017217,357.39537871986164,93.11739042031053,"[181676, 181686]","[89404.8, 90300.0]","[107.82502787013541, 77.20958819882173]",0.4754226264051611,0.400763,0.009999993041766188,2261.9789565528163,0.02954695976956414,2.95469803290439,27.929130840113245,0.0,13.96465757496642,180,False,False,2025-03-07T15:15:00+00:00,2025-03-09T12:14:59.999000+00:00
BTCUSDT,15,SHORT,1741587299999,1741587300000,1741598999999,82095.87754,82951.46620552424,79529.1115434273,82968.05649876533,STOP,422.9774703494901,105.28629470035958,43.602186513003886,61.68410818735569,"[181930, 181940]","[82694.2, 82761.0]","[273.3896075703085, 159.13286008546206]",0.0581244345999366,0.921206,0.009999996789901188,-864.2796444564298,-0.010965599113366767,-1.0965602633433564,60.82315456804594,0.0,30.41154636222523,13,False,False,2025-03-10T06:15:00+00:00,2025-03-10T09:29:59.999000+00:00
BTCUSDT,15,SHORT,1741668299999,1741668300000,1741683599999,79888.71906,81046.79279054941,76414.49786835177,81063.00214910752,STOP,557.9285270329395,196.60464926430723,-12.074451939691834,208.67910120399907,"[182006, 182028]","[79844.4, 79888.0]","[263.8026593974146, 226.10671894648942]",0.009471519633667916,0.673127,0.009999997783842007,-833.7780326186062,-0.010695895005718303,-1.069589737609815,43.336379696929164,0.0,21.668159097524832,17,False,False,2025-03-11T04:45:00+00:00,2025-03-11T08:59:59.999000+00:00
BTCUSDT,15,SHORT,1741689899999,1741689900000,1741704299999,81675.86156,82389.08383723018,79536.19472830945,79552.1019672551,TAKE_PROFIT,370.9892248201238,678.2648742771853,603.0083016187606,75.25657265842472,"[182040, 182054]","[80512.3, 81874.9]","[144.20798608383444, 114.16143788639408]",0.706866668647859,1.08128,0.009999998644564518,2226.6457434821,0.02887273987305415,2.887274378656829,69.73302896110016,0.0,34.86660773036529,16,False,False,2025-03-11T10:45:00+00:00,2025-03-11T14:44:59.999000+00:00
BTCUSDT,15,LONG,1741755599999,1741755600000,1741783499999,81792.95532,81043.22409792423,84042.1489862273,84025.34055643006,TAKE_PROFIT,359.1839347171783,-202.6371705429774,-30.869766969153957,-171.76740357382346,"[182115, 182122]","[82555.5, 82167.4]","[-113.81804168648216, -92.50989594074429]",0.16626868185192217,1.058325,0.00999999684564653,2292.393246151471,0.028891116856933474,2.889112597021582,70.19585919336913,0.0,35.098025504169804,31,False,False,2025-03-12T05:00:00+00:00,2025-03-12T12:44:59.999000+00:00
BTCUSDT,15,LONG,1741877099999,1741877100000,1741880699999,82008.09834,81069.95530421883,84822.5274473435,81053.741313158,STOP,497.16313052077663,-373.8576326355542,-253.56413623847308,-120.2934963970811,"[182242, 182259]","[82350.0, 82212.0]","[-79.55313303799575, -35.81208178644701]",0.18210787270073528,0.870212,0.009999998151642661,-887.2522848855397,-0.010868082321787445,-1.086808433059779,56.75934784330157,0.0,28.379641837118974,4,False,False,2025-03-13T14:45:00+00:00,2025-03-13T15:44:59.999000+00:00
BTCUSDT,15,SHORT,1741924799999,1741924800000,1741938299999,81845.1277,82291.96036405486,80504.62970783544,82308.41875612766,STOP,283.24024270323486,275.32923411528463,215.51745266021473,59.811781455069905,"[182300, 182315]","[81450.5, 82249.0]","[189.26746074199525, 125.95308031475733]",0.8603751007580559,1.807188,0.00999999595035559,-955.916564866422,-0.011837815429675883,-1.1837820223572133,118.66252772518257,0.0,59.33123274567911,15,False,False,2025-03-14T04:00:00+00:00,2025-03-14T07:44:59.999000+00:00
BTCUSDT,15,SHORT,1742061599999,1742061600000,1742123699999,84358.22498,84635.73601074268,83525.69188777197,83542.39702614953,TAKE_PROFIT,151.15734049511647,96.8357137334242,84.31687233195271,12.51884140147149,"[182454, 182467]","[84442.0, 84453.4]","[68.93967670874812, 9.400645574685797]",0.060234901652540175,2.875387,0.009999997748003902,2152.709386414882,0.02697793793798941,2.6977944013411874,193.1117063233585,0.0,96.555950856761,69,False,False,2025-03-15T18:00:00+00:00,2025-03-16T11:14:59.999000+00:00
BTCUSDT,15,LONG,1742273999999,1742274000000,1742280299999,82974.99168,82458.1180529155,84525.61256125351,82441.62642930492,STOP,216.65463138966794,-260.8666498995881,-222.5278062563347,-38.33884364325337,"[182695, 182702]","[82958.3, 82913.6]","[-132.51329773565922, -62.41559094361901]",0.09978751522995842,1.585453,0.009999999499259057,-950.5296461827753,-0.011599196331597216,-1.1599196912416496,104.90410937250073,0.0,52.45202295930981,7,False,False,2025-03-18T05:00:00+00:00,2025-03-18T06:44:59.999000+00:00
BTCUSDT,15,SHORT,1742349599999,1742349600000,1742373899999,82545.88752,83436.8258359741,79873.07257207768,83453.5132011413,STOP,260.41722398273697,260.6799706897291,240.78279780953025,19.897172880198838,"[182767, 182787]","[82446.8, 83200.0]","[118.46767265319755, 105.12822891721575]",0.3422052582912373,0.909124,0.00999999775692442,-885.5099054143863,-0.010932577547566134,-1.0932579999826455,60.36561567248275,0.0,30.182776037780826,27,False,False,2025-03-19T02:00:00+00:00,2025-03-19T08:44:59.999000+00:00
BTCUSDT,15,SHORT,1742397299999,1742397300000,1742408099999,84153.76588,84901.316877025,81911.11288892497,84918.29714040042,STOP,297.2779180166743,310.20928639719205,286.0706516860024,24.13863471118964,"[182830, 182840]","[84088.2, 84360.8]","[30.84923773631425, 18.90964089608218]",0.36181358566319816,1.071657,0.009999997136729876,-891.7901808630304,-0.011131813757862236,-1.1131816945202127,72.4749039361013,0.0,36.2374206449364,12,False,False,2025-03-19T15:15:00+00:00,2025-03-19T18:14:59.999000+00:00
BTCUSDT,15,SHORT,1742423399999,1742423400000,1742426999999,85750.3465,86495.16768548606,83515.88294354184,86512.46671902316,STOP,382.84512365736884,527.5269073505478,509.8522478237079,17.674659526839946,"[182865, 182869]","[85810.0, 85894.3]","[95.6434900475598, 33.63312742894874]",0.12340986302581931,1.063611,0.009999992672612604,-883.8876974877114,-0.011157372421462322,-1.1157380596907318,73.28824921227937,0.0,36.6440936479255,4,False,False,2025-03-19T22:30:00+00:00,2025-03-19T23:29:59.999000+00:00
BTCUSDT,15,LONG,1742450399999,1742450400000,1742466599999,85802.05698,85163.99159989253,87716.25312032242,85146.95880157255,STOP,266.60560007164776,1.7365718930086587,78.80822494794555,-77.07165305493689,"[182889, 182899]","[85580.6, 85383.0]","[-174.31518098756186, -116.20712725940072]",0.2247291285906592,1.227713,0.009999993012049253,-888.2230815365969,-0.01133860732352394,-1.133861524689243,83.95053160489671,0.0,41.975235310555775,18,False,False,2025-03-20T06:00:00+00:00,2025-03-20T10:29:59.999000+00:00
BTCUSDT,15,SHORT,1742526899999,1742526900000,1742738399999,84372.22218,85028.91363225433,82402.14782323697,85045.91941498079,STOP,226.60908816956083,24.98300787320477,-19.956611795001063,44.939619668205836,"[182964, 182984]","[84582.8, 84813.6]","[97.06571616543744, 86.26508509135058]",0.11157996962288283,1.179365,0.009999992717510314,-874.4572701579878,-0.011290903042862493,-1.1290911265456978,79.92233062486581,0.0,39.96113512948073,235,False,False,2025-03-21T03:15:00+00:00,2025-03-23T13:59:59.999000+00:00
BTCUSDT,15,SHORT,1742748299999,1742748300000,1742768999999,85044.28774,85550.43028646703,83525.86010059892,85567.54037252432,STOP,189.15352431135258,255.57552098274755,242.65204950201456,12.923471480732985,"[183213, 183224]","[85024.8, 85186.4]","[55.27196121903316, 38.69764511117185]",0.3075453652864118,1.512883,0.009999994100130982,-894.8663061914383,-0.011686372128215588,-1.168637902302614,103.24629374014405,0.0,51.62311727019622,23,False,False,2025-03-23T16:45:00+00:00,2025-03-23T22:29:59.999000+00:00
BTCUSDT,15,LONG,1742872499999,1742872500000,1742875199999,86849.46642,86332.9578166201,88398.99223013972,86315.69122505677,STOP,258.0281222532717,-312.53211855638074,-258.9655155755964,-53.56660298078435,"[183357, 183366]","[87010.0, 86758.5]","[-146.52054650771888, -55.495692161741715]",0.5479939649807037,1.465195,0.009999994454060064,-883.5730360171477,-0.011675331632658981,-1.167533810773137,101.48828926229957,0.0,50.74411537752454,3,False,False,2025-03-25T03:15:00+00:00,2025-03-25T03:59:59.999000+00:00
BTCUSDT,15,SHORT,1742906699999,1742906700000,1742909399999,87114.0737,87619.79220646247,85596.91818061257,87637.31616490376,STOP,233.19480430831848,133.0284659969475,86.1282100267101,46.900255970237396,"[183399, 183406]","[87322.0, 87448.0]","[115.32999295406293, 104.9995619446952]",0.05027166252895215,1.478985,0.009999994288422265,-877.2496306914405,-0.011728712208310167,-1.1728718907259141,103.38187373573788,0.0,51.69090798079498,3,False,False,2025-03-25T12:45:00+00:00,2025-03-25T13:29:59.999000+00:00
BTCUSDT,15,SHORT,1742916599999,1742916600000,1743016499999,87899.11666,88565.57912911521,85899.72925265436,85916.9091985049,TAKE_PROFIT,349.25275274347456,324.7716801740462,245.40497993959804,79.36670023444816,"[183406, 183414]","[87448.0, 88032.0]","[104.9995619446952, 34.63837669160293]",1.3067288626032951,1.109106,0.009999993331772108,2121.3660299186604,0.028698987030307075,2.8699006167458414,77.11215887032917,0.0,38.556168916538894,111,False,False,2025-03-25T15:30:00+00:00,2025-03-26T19:14:59.999000+00:00
BTCUSDT,15,SHORT,1743047999999,1743048000000,1743082199999,87613.67376,87967.27146691385,86552.88063925842,86570.19121538628,TAKE_PROFIT,214.9809779425718,225.74225730881153,179.56558872819846,46.17666858061307,"[183538, 183563]","[87360.0, 87722.4]","[136.3490041254624, 78.41719857492168]",0.6339508446468388,2.150442,0.009999995838734314,2094.1197706180606,0.027540014382304967,2.7540025842441422,149.82891958615986,0.0,74.91455254760963,38,False,False,2025-03-27T04:00:00+00:00,2025-03-27T13:29:59.999000+00:00
BTCUSDT,15,SHORT,1743115499999,1743115500000,1743137999999,87288.63878,87712.43317360288,86017.25559919134,86034.45905031118,TAKE_PROFIT,217.2221157352574,124.37176794736297,105.19422443012346,19.177543517239513,"[183629, 183638]","[87380.6, 87695.9]","[62.3424601338406, 46.93170605550388]",0.3210771578693735,1.84366,0.009999998688565192,2184.4614554197574,0.027958140859256735,2.7958144525785125,127.8195450183326,0.0,63.909867556801025,25,False,False,2025-03-27T22:45:00+00:00,2025-03-28T04:59:59.999000+00:00
BTCUSDT,15,SHORT,1743212699999,1743212700000,1743245999999,84245.1476,84686.28814005906,82921.72597982282,82938.31032501879,TAKE_PROFIT,204.99209337270622,45.99013329829904,20.017175103247244,25.9729581950518,"[183740, 183746]","[84499.5, 84589.7]","[113.3066805356865, 88.89472627847809]",0.09427860277796098,1.820683,0.009999994934687978,2257.581178434502,0.028108123174641814,2.810813741229045,121.7552318901188,0.0,60.87771355362435,37,False,False,2025-03-29T01:45:00+00:00,2025-03-29T10:59:59.999000+00:00
BTCUSDT,15,LONG,1743250499999,1743250500000,1743269399999,82325.66184,81661.06007249356,84319.46714251932,81644.72786047906,STOP,295.29328500429403,-508.51230928000587,-347.94288759410256,-160.5694216859033,"[183772, 183782]","[83618.0, 83000.0]","[-34.178723463338144, -11.539036569028823]",2.028804143312368,1.242478,0.009999997267618738,-927.5373297489269,-0.011232620313721737,-1.12326233829027,81.49184074170873,0.0,40.74588815887033,21,False,False,2025-03-29T12:15:00+00:00,2025-03-29T17:29:59.999000+00:00
BTCUSDT,15,LONG,1743463799999,1743463800000,1743496199999,82333.86348,81837.17225831754,83823.93714504737,83807.17235761836,TAKE_PROFIT,295.5518277883038,-141.50564349601336,-89.81149671026131,-51.694146785752054,"[184016, 184025]","[82314.2, 82221.0]","[-137.1570090337288, -89.61624164931717]",0.11067325444125971,1.643834,0.009999999883468924,2312.631912128857,0.028324487840224708,2.832448817029302,109.24331340203821,0.0,54.62175576089836,36,False,False,2025-03-31T23:30:00+00:00,2025-04-01T08:29:59.999000+00:00
BTCUSDT,15,LONG,1743563699999,1743563700000,1743571799999,84826.86198,84283.16935521102,86457.93985436694,84266.31272133999,STOP,247.88709652598556,-24.18065294220287,43.95369318394694,-68.13434612614981,"[184132, 184136]","[84806.0, 84594.4]","[-74.48027892486539, -62.975542232783795]",0.1267705056176037,1.544262,0.009999995400248676,-970.0845849370969,-0.011554069541299936,-1.1554074855887047,104.44966566025627,0.0,52.224800293723376,9,False,False,2025-04-02T03:15:00+00:00,2025-04-02T05:29:59.999000+00:00
BTCUSDT,15,SHORT,1743609599999,1743609600000,1743624899999,86692.1581,87948.6829922653,82922.58342320411,87966.27272886375,STOP,472.45532817686484,590.052357213528,366.0312553959308,224.02110181759718,"[184169, 184183]","[85262.6, 86100.0]","[117.32593396830019, 42.223319868981704]",1.419104269821956,0.660475,0.009999998526688066,-887.663870339463,-0.010695990278095114,-1.069599185394836,46.14301084067751,0.0,23.071472682363286,17,False,False,2025-04-02T16:00:00+00:00,2025-04-02T20:14:59.999000+00:00
BTCUSDT,15,LONG,1743642899999,1743642900000,1743684299999,83335.56378,82199.6809925982,86743.21214220542,82183.24105639967,STOP,566.8793382678722,-943.4002931284049,-932.8248392834073,-10.575453844997583,"[184220, 184224]","[82300.0, 82137.3]","[-446.5079765074596, -278.3151263245933]",0.0978155312488541,0.722809,0.009999994395955237,-880.7646282448267,-0.010727599503926984,-1.0727605515725134,47.85539272199728,0.0,23.92766400173578,46,False,False,2025-04-03T01:15:00+00:00,2025-04-03T12:44:59.999000+00:00
BTCUSDT,15,SHORT,1743731099999,1743731100000,1743750899999,82875.12166,83512.4879294427,80963.02285167194,83529.19042702857,STOP,290.1919529617929,272.4937853641459,244.89939105827554,27.59439430587034,"[184312, 184322]","[82835.2, 83376.0]","[132.55098749219863, 106.94202199042326]",0.3602098960164598,1.274336,0.009999995898062329,-918.3253784792241,-0.011306374855628451,-1.1306379493434848,84.82200217909426,0.0,42.41096944585085,22,False,False,2025-04-04T01:45:00+00:00,2025-04-04T07:14:59.999000+00:00
BTCUSDT,15,LONG,1743838199999,1743838200000,1743859799999,83464.6896,83074.8101646742,84634.3279059774,83058.19520264126,STOP,170.1932235505357,-115.78313775765128,-70.53036946615228,-45.252768291498995,"[184431, 184435]","[83574.9, 83558.3]","[-50.55790634494899, -36.798326642760415]",0.021545028832559553,2.059703,0.00999999976165346,-974.4528038816474,-0.012134611296135316,-1.2134611585359585,137.19507415866184,0.0,68.59750633292198,24,False,False,2025-04-05T07:30:00+00:00,2025-04-05T13:29:59.999000+00:00
BTCUSDT,15,LONG,1743871499999,1743871500000,1743947999999,82775.45178,82315.90654245885,84154.08749262348,82299.44336115035,STOP,201.99563836077235,-299.7327408596757,-295.5688082884349,-4.163932571240764,"[184471, 184478]","[82471.2, 82333.8]","[-106.71096338145986, -64.30896804430893]",0.25965308895804307,1.726252,0.009999994349059292,-935.694832210927,-0.011795097116089483,-1.1795103781432694,113.98434715488042,0.0,56.99214298870653,85,False,False,2025-04-05T16:45:00+00:00,2025-04-06T13:59:59.999000+00:00
BTCUSDT,15,LONG,1743975899999,1743975900000,1743977699999,79094.11566,78207.44914119165,81754.11521642505,78191.80765136342,STOP,528.3672392055664,-1053.8255854820454,-1045.2789201097044,-8.546665372341067,"[184587, 184594]","[78635.0, 78500.0]","[-371.3838357062775, -103.15501746620532]",0.1879182137160448,0.884136,0.009999992396240146,-853.3878523610446,-0.010885960206622467,-1.088596848405148,55.62485883712624,0.0,27.812398620539323,2,False,False,2025-04-06T21:45:00+00:00,2025-04-06T22:14:59.999000+00:00
BTCUSDT,15,SHORT,1744033499999,1744033500000,1744034399999,76015.09394,78203.45133594553,69450.02175216343,78219.09202621272,STOP,674.1008906303498,-64.87833843365661,-91.16245148508207,26.284113051425464,"[184649, 184658]","[77550.6, 77642.8]","[291.2446253737779, 147.1120123202436]",0.07379236438536406,0.354329,0.009999973960728556,-802.8002958413535,-0.010353363052583038,-1.0353390012056327,21.859857951688873,0.0,10.92989817542285,1,False,False,2025-04-07T13:45:00+00:00,2025-04-07T13:59:59.999000+00:00
BTCUSDT,15,SHORT,1744082099999,1744082100000,1744132499999,79917.41332,80795.27346387328,77283.83288838016,77299.28965495784,TAKE_PROFIT,467.91564258218557,504.0496226489049,503.88447475243163,0.16514789647328598,"[184699, 184712]","[80184.7, 80832.1]","[119.52578559151539, 89.9116811074552]",0.3008784067672088,0.874139,0.00999999067505353,2233.632301827557,0.029107536307927225,2.910756345057433,54.97170060873067,0.0,27.48594294796315,56,False,False,2025-04-08T03:15:00+00:00,2025-04-08T17:14:59.999000+00:00
BTCUSDT,15,LONG,1744260299999,1744260300000,1744292699999,81827.26218,81158.51787908241,83833.49508275275,81142.2861755066,STOP,298.32141394505527,56.77990722056711,235.11164082958857,-178.33173360902146,"[184898, 184910]","[82022.0, 81424.3]","[-314.93322926853443, -242.33752387200525]",0.42320942953309204,1.180883,0.009999999359335852,-885.8557067824572,-0.011217497850015273,-1.1217498568680189,76.97918766827829,0.0,38.489563018660895,36,False,False,2025-04-10T04:45:00+00:00,2025-04-10T13:44:59.999000+00:00
BTCUSDT,15,SHORT,1744350299999,1744350300000,1744354799999,80598.3771,81326.69669693036,78413.41830920894,81342.96203626975,STOP,315.7977979535693,312.7053471027175,283.3226628754329,29.382684227284585,"[185001, 185010]","[80800.0, 81089.2]","[164.67250885020601, 122.67293712689695]",0.22720012010131121,1.072125,0.009999992034740652,-867.7366680867843,-0.01111271522361962,-1.111272407519255,69.44854328858928,0.0,34.72424110173929,5,False,False,2025-04-11T05:45:00+00:00,2025-04-11T06:59:59.999000+00:00
BTCUSDT,15,SHORT,1744362899999,1744362900000,1744364699999,81443.708,82171.73116086736,79259.63851739792,82188.16550709953,STOP,361.48744057823944,414.39026991247374,379.7830070044548,34.607262908018924,"[185010, 185024]","[81089.2, 81874.5]","[122.67293712689695, 30.785674271055427]",1.5905875889862635,1.060643,0.009999996973038815,-859.0256441874458,-0.011124783590411646,-1.1124786957841477,69.42200048487622,0.0,34.71097004673117,2,False,False,2025-04-11T09:15:00+00:00,2025-04-11T09:44:59.999000+00:00
BTCUSDT,15,LONG,1744385399999,1744385400000,1744490699999,82160.52882,81017.71403240922,85588.97318277233,85571.85538813578,TAKE_PROFIT,506.857311727184,219.3730597301619,330.64681094077,-111.27375121060811,"[185045, 185049]","[81779.4, 81305.0]","[-102.12629426063233, -97.38348823569396]",0.04343138434659658,0.668159,0.009999991342890752,2234.4797875989807,0.02926310330970674,2.92631286431169,44.82876084004952,0.0,22.414472488945595,117,False,False,2025-04-11T15:30:00+00:00,2025-04-12T20:44:59.999000+00:00
BTCUSDT,15,LONG,1744549199999,1744549200000,1744551899999,84436.884,83914.69094724639,86003.46315826081,83897.90800905695,STOP,244.13936850240378,-137.69417632787372,-122.48354458257134,-15.21063174530238,"[185216, 185231]","[84250.5, 84160.8]","[-47.82228731401341, -2.0085683624617587]",0.3674461558437378,1.505051,0.009999996585692112,-912.5273329640451,-0.011610834298477197,-1.1610838262774863,101.34097881920927,0.0,50.670458988968825,3,False,False,2025-04-13T13:00:00+00:00,2025-04-13T13:44:59.999000+00:00
BTCUSDT,15,SHORT,1744709399999,1744709400000,1744725599999,85805.43548,86241.87869788874,84496.10582633379,86259.12707362832,STOP,205.3191319258258,271.76968588143063,264.0471618144478,7.722524066982828,"[185398, 185409]","[85835.0, 85948.0]","[68.40314247036179, 17.442849657124043]",0.3816300799819614,1.779847,0.009999999752569745,-930.0010600315333,-0.011972173797286727,-1.1972174093514536,122.49943818695508,0.0,61.24968924340023,18,False,False,2025-04-15T09:30:00+00:00,2025-04-15T13:59:59.999000+00:00
BTCUSDT,15,LONG,1744730999999,1744731000000,1744739999999,85180.93278,84565.95460398999,87025.86730803004,84549.0414130692,STOP,361.56359734000665,-81.19183110728045,5.360437043800044,-86.5522681510805,"[185421, 185433]","[85314.4, 84779.1]","[-66.70170799853463, -64.14428499754622]",0.05317927782810104,1.248015,0.009999997754838817,-873.3401257971776,-0.011378992406455776,-1.1378994961223556,84.7302214970253,0.0,42.36508089871971,10,False,False,2025-04-15T15:30:00+00:00,2025-04-15T17:59:59.999000+00:00
BTCUSDT,15,LONG,1744864199999,1744864200000,1744912799999,83943.38532,83546.54142161258,85133.91701516227,85116.89023175924,TAKE_PROFIT,206.90571892494887,-109.7819896833389,-76.6678061878977,-33.11418349544121,"[185569, 185581]","[83900.7, 83772.5]","[-63.35713095103097, -29.66183914740339]",0.29668385138761877,1.912008,0.009999999328862376,2114.452939588089,0.027866895064091016,2.7866896934343317,129.29783973486724,0.0,64.64901220342527,54,False,False,2025-04-17T04:30:00+00:00,2025-04-17T17:59:59.999000+00:00
BTCUSDT,15,SHORT,1745057699999,1745057700000,1745077499999,85217.35312,85503.46869655517,84359.00639033451,85520.56939029448,STOP,130.11246437010675,184.7470926889655,182.05663571843223,2.690456970533262,"[185778, 185796]","[85240.0, 85400.0]","[68.98947381867896, 22.086369186325783]",0.8384993761259528,2.725867,0.009999996403831464,-1012.6907725065267,-0.012984658513521739,-1.2984663183025458,186.16354744774753,0.0,93.08174438605454,22,False,False,2025-04-19T10:15:00+00:00,2025-04-19T15:44:59.999000+00:00
BTCUSDT,15,SHORT,1745177399999,1745177400000,1745180099999,84493.39794,84738.4357156334,83758.28461309981,84755.38340277653,STOP,118.89047708893044,3.1604445358389057,-11.737477003012478,14.897921538851383,"[185921, 185929]","[84591.3, 84605.8]","[35.87858684887303, 28.485890011722113]",0.02301449766200551,3.1415,0.00999999728612671,-1035.705349947778,-0.013454451461172015,-1.3454455112540653,212.678018635333,0.0,106.33898065013246,3,False,False,2025-04-20T19:30:00+00:00,2025-04-20T20:14:59.999000+00:00
BTCUSDT,15,LONG,1745485199999,1745485200000,1745582399999,92003.8971,91163.6760137944,94524.56035861683,94505.65544654512,TAKE_PROFIT,303.5493241370747,-399.3157409120613,-350.5531576350994,-48.76258327696189,"[186256, 186265]","[92335.8, 92204.1]","[-96.5056941974556, -33.741634790950684]",0.3049240259517936,0.903844,0.009999992887782184,2193.769054969969,0.028887073165971174,2.888709371110143,67.43021600475181,0.0,33.715199798954735,108,False,False,2025-04-24T09:00:00+00:00,2025-04-25T11:59:59.999000+00:00
BTCUSDT,15,SHORT,1745596799999,1745596800000,1746093599999,94980.80004,95766.11407212052,92624.85794363848,95785.26729493494,STOP,450.7427147470064,474.48913304740563,438.90745387520576,35.58167917219987,"[186384, 186395]","[95000.0, 95769.6]","[120.30538699833977, 97.59809396863602]",0.3035798218239222,0.994973,0.009999990278169581,-876.3460325701527,-0.011215549316206696,-1.1215560219784146,75.92283452577689,0.0,37.96138676441599,552,False,False,2025-04-25T16:00:00+00:00,2025-05-01T09:59:59.999000+00:00
BTCUSDT,15,LONG,1746226799999,1746226800000,1746253799999,96626.92152,96250.30730505375,97756.76416483874,96231.05724359275,STOP,203.12846329749775,-152.5455314478313,-89.02890274926662,-63.51662869856469,"[187087, 187095]","[96700.0, 96507.6]","[-85.259935038406, -64.86587632095731]",0.20846904099150673,2.051445,0.009999997287008353,-970.3488050121575,-0.012559465915371116,-1.2559469322744652,158.2550144978714,0.0,79.1274779302832,30,False,False,2025-05-02T23:00:00+00:00,2025-05-03T06:29:59.999000+00:00
BTCUSDT,15,LONG,1746414899999,1746414900000,1746452699999,94123.42092,93664.76995649948,95499.37381050157,93646.03700250818,STOP,261.0866956670149,-399.7656709945877,-389.5364606851677,-10.229210309420012,"[187294, 187304]","[94116.4, 93445.1]","[-165.00485493140957, -83.55449582167023]",1.172493100145883,1.663356,0.009999996884354639,-918.9903852443881,-0.01204601259980512,-1.2046016352916618,124.9309817808606,0.0,62.46546162667263,42,False,False,2025-05-05T03:15:00+00:00,2025-05-05T13:44:59.999000+00:00
BTCUSDT,15,LONG,1746458999999,1746459000000,1746571499999,93818.2599,93165.05892102556,95777.8628369233,95758.70726435592,TAKE_PROFIT,296.6273859829578,-191.26851637627988,-159.85831435833967,-31.410202017940207,"[187342, 187351]","[93835.0, 93600.0]","[-70.02828596582033, -4.397373166356317]",0.9128685919820136,1.153871,0.009999993378431821,2151.526994885175,0.02854581365981964,2.854583256163729,87.49894587156102,0.0,43.74956424680071,125,False,False,2025-05-05T15:30:00+00:00,2025-05-06T22:44:59.999000+00:00
BTCUSDT,15,LONG,1746650699999,1746650700000,1746672299999,96427.38162,95679.50285275825,98671.01792172526,98651.28371814091,TAKE_PROFIT,369.79809816116773,-179.93622566133854,-166.40088252185737,-13.53534313948117,"[187560, 187566]","[95837.9, 95718.5]","[-97.46796530909923, -53.51285142923098]",0.13425086937536782,1.036565,0.00999999378932346,2224.33439166494,0.028692742637807262,2.869276045795269,80.88468669449202,0.0,40.44243717370663,24,False,False,2025-05-07T20:45:00+00:00,2025-05-08T02:44:59.999000+00:00
BTCUSDT,15,SHORT,1746674099999,1746674100000,1746677699999,98706.35478,99336.8145146689,96814.97557599326,99356.68187757184,STOP,334.07634311260784,569.0471178143634,411.4259700622183,157.62114775214513,"[187580, 187588]","[97363.8, 98350.0]","[105.00970424324669, 76.54745609330342]",0.8038164863523645,1.2649,0.009999996722538379,-922.8107197458925,-0.011571747298184408,-1.1571751090781417,100.21197402726506,0.0,50.10595611392094,4,False,False,2025-05-08T03:15:00+00:00,2025-05-08T04:14:59.999000+00:00
BTCUSDT,15,LONG,1746810899999,1746810900000,1747074599999,102769.74984,101671.05219286369,106065.84278140894,101650.71798242512,STOP,414.8985380908738,-93.71822982741287,-33.61551869401136,-60.10271113340151,"[187725, 187738]","[102632.4, 102358.0]","[-26.027633450835992, -24.126388642726923]",0.04428471061450065,0.717431,0.009999988317401511,-861.4911768719303,-0.010929291101944053,-1.092930387021094,58.66303226012411,0.0,29.33148519019568,293,False,False,2025-05-09T17:15:00+00:00,2025-05-12T18:29:59.999000+00:00
BTCUSDT,15,LONG,1747079999999,1747080000000,1747579499999,101833.26258,100784.5806393151,104979.30840205471,104958.3125403743,TAKE_PROFIT,498.81290712327024,-705.9051218713139,-651.2299714546481,-54.675150416665815,"[188031, 188043]","[102345.0, 100678.0]","[-173.51583411253614, -150.05645000632808]",0.4288227791809278,0.743433,0.00999998717878873,2261.770994764365,0.029010983327312185,2.901102052295451,61.49427242658609,0.0,30.74723037379295,555,False,False,2025-05-12T20:00:00+00:00,2025-05-18T14:44:59.999000+00:00
BTCUSDT,15,SHORT,1747588499999,1747588500000,1747592099999,105761.74342,106310.68884061745,104114.90715814763,104135.73013957926,TAKE_PROFIT,290.32589374497223,628.5715878174524,539.9532392941456,88.61834852330674,"[188603, 188607]","[105522.0, 105665.3]","[149.0484942593307, 142.1179086064168]",0.025606456069329965,1.461426,0.009999995506847643,2253.5982342744555,0.028091200695215052,2.8091213317025185,122.69985007771267,0.0,61.35002254478061,4,False,False,2025-05-18T17:15:00+00:00,2025-05-18T18:14:59.999000+00:00
BTCUSDT,15,LONG,1747640699999,1747640700000,1747658699999,103139.6238,102109.28610471339,106230.63688585983,102088.86424749244,STOP,435.7425968577391,-673.9943527397845,-668.7853611753571,-5.208991564427379,"[188662, 188666]","[102501.0, 102038.8]","[-209.43425840095563, -137.90327977756328]",0.34540897114379737,0.800494,0.00999999624113466,-906.8403865494156,-0.010994943959494827,-1.0994948092347758,65.71366932443577,0.0,32.856802331421285,20,False,False,2025-05-19T07:45:00+00:00,2025-05-19T12:44:59.999000+00:00
BTCUSDT,15,SHORT,1747774799999,1747774800000,1747839599999,106849.22588,107953.23496597119,103537.19862208642,107974.82561296439,STOP,440.48997731412726,517.7286186120473,402.24948457913877,115.47913403290852,"[188808, 188815]","[106379.6, 107252.9]","[196.56059542863147, 138.12362599437722]",0.594691753908858,0.738862,0.009999991566500064,-895.1530012312094,-0.010973898197155897,-1.0973907452000677,63.49013133367786,0.0,31.74503367012548,72,False,False,2025-05-20T21:00:00+00:00,2025-05-21T14:59:59.999000+00:00
BTCUSDT,15,SHORT,1747887299999,1747887300000,1748003399999,111338.02794,112613.8712037813,107510.4981486561,107532.00024828584,TAKE_PROFIT,558.3808025208655,935.1802128261479,812.3696241395133,122.81058868663456,"[188932, 188938]","[110549.9, 110977.2]","[110.56432870046717, 56.47194325130636]",0.3621276603830527,0.632334,0.009999994486131888,2351.3211302506193,0.02914525424617994,2.9145270316497602,55.359584161764616,0.0,27.679889455306462,129,False,False,2025-05-22T04:15:00+00:00,2025-05-23T12:29:59.999000+00:00
BTCUSDT,15,SHORT,1748153699999,1748153700000,1748187899999,107954.80472,108432.28006825794,106522.37867522618,106543.68315096124,TAKE_PROFIT,222.9200455052917,-63.37250575386861,-105.98412307453711,42.6116173206685,"[189231, 189236]","[108210.0, 108250.1]","[91.0550124262495, 78.31938229428215]",0.021580446457664847,1.73888,0.009999995219399947,2304.576221734509,0.0277568579224514,2.7756871191901387,149.19485223562282,0.0,74.59752725255547,38,False,False,2025-05-25T06:15:00+00:00,2025-05-25T15:44:59.999000+00:00
BTCUSDT,15,LONG,1748271599999,1748271600000,1748276999999,109638.02322,109102.40588994663,111244.87521016011,109080.58540876865,STOP,236.0627400355805,45.62193874341028,81.93788271112365,-36.315943967713366,"[189363, 189367]","[109608.8, 109412.9]","[-30.367527836565785, -29.948306474221567]",0.011306222367744574,1.593149,0.00999999673089124,-1027.4620245727558,-0.01204078000585838,-1.2040783942121607,139.38053304732566,0.0,69.69023378801252,6,False,False,2025-05-26T15:00:00+00:00,2025-05-26T16:29:59.999000+00:00
BTCUSDT,15,LONG,1748283299999,1748283300000,1748309399999,109257.64716,108484.08273426488,111578.34043720533,108462.38591771804,STOP,332.3448438234078,-113.42169726236898,-35.45073261487293,-77.97096464749605,"[189367, 189377]","[109412.9, 109042.3]","[-29.948306474221567, -18.253133745612885]",0.42727451982216486,1.089817,0.009999997500614019,-961.5992185954676,-0.011406277300580712,-1.1406280151450383,94.90999731546377,0.0,47.45496588836167,29,False,False,2025-05-26T18:15:00+00:00,2025-05-27T01:29:59.999000+00:00
BTCUSDT,15,SHORT,1748343599999,1748343600000,1748351699999,109625.97042,110032.09763246632,108407.58878260104,110054.1040519928,STOP,224.1317549775454,233.20593609727803,207.17070515838142,26.035230938896603,"[189440, 189447]","[109729.5, 109861.5]","[106.95451225255144, 63.98397100712481]",0.2027310460666125,2.052135,0.009999999842457351,-1058.9132787402011,-0.012705517823312893,-1.2705518023478988,180.3252678506332,0.0,90.16260238830026,9,False,False,2025-05-27T11:00:00+00:00,2025-05-27T13:14:59.999000+00:00
BTCUSDT,15,SHORT,1748426399999,1748426400000,1748444399999,108729.64972,109163.006755094,107429.57861471802,107451.06453044096,TAKE_PROFIT,243.3378367293296,-62.66380971172475,-65.75295052372222,3.089140811997467,"[189527, 189539]","[109040.7, 109076.2]","[58.25204971233612, 44.145456226815895]",0.03702949921218015,1.898754,0.00999999582318713,2263.529144653632,0.027508781660301056,2.750879315020918,164.1895983623527,0.0,82.09489957372206,20,False,False,2025-05-28T10:00:00+00:00,2025-05-28T14:59:59.999000+00:00
BTCUSDT,15,SHORT,1748483999999,1748484000000,1748516399999,108081.8793,108755.37144989613,106061.40285031158,108777.12252418611,STOP,311.5809665974244,129.23090528565808,47.691639169530816,81.53926611612727,"[189598, 189603]","[107999.0, 108266.1]","[117.21010902582438, 112.18736938765684]",0.037994315080689206,1.255358,0.009999996680744548,-981.6734165526367,-0.011610923237560855,-1.161092709152416,108.89427312480265,0.0,54.44710382911974,36,False,False,2025-05-29T02:00:00+00:00,2025-05-29T10:59:59.999000+00:00
BTCUSDT,15,SHORT,1748520899999,1748520900000,1748528999999,108563.98286,109078.96593190003,107019.0336442999,107040.43745102876,TAKE_PROFIT,216.24395460002188,280.7953575256397,251.65049897548255,29.144858550157153,"[189636, 189644]","[108599.9, 108860.0]","[79.78977798345845, 70.2103243168211]",0.13752173714650337,1.622688,0.009999994569509582,2332.295370358456,0.027909710799182686,2.7909725955532623,139.94348223426505,0.0,69.97184280556034,9,False,False,2025-05-29T12:15:00+00:00,2025-05-29T14:29:59.999000+00:00
BTCUSDT,15,LONG,1748544299999,1748544300000,1748563199999,106176.03096,105503.55235643563,108193.46677069314,105482.45164596433,STOP,418.7650957095866,-582.2054586773884,-502.8247940685013,-79.38066460888706,"[189658, 189670]","[106400.0, 106050.0]","[-218.41335953588003, -130.27092718675306]",0.35698510617682333,1.277334,0.009999994483266694,-994.0758700028374,-0.011572744078656792,-1.1572750463034585,108.14343048840274,0.0,54.07168196977107,21,False,False,2025-05-29T18:45:00+00:00,2025-05-29T23:59:59.999000+00:00
BTCUSDT,15,SHORT,1748587499999,1748587500000,1748623499999,105750.44568,106309.52109343962,104073.21943968114,104094.03408356907,TAKE_PROFIT,223.7473956264137,-44.89863192832854,-54.36458650436374,9.465954576035202,"[189710, 189718]","[106138.5, 106266.0]","[94.96989651566679, 67.61555426141965]",0.15559452221043218,1.518649,0.009999997853608588,2388.0357707688427,0.028126321229844174,2.8126327266854902,127.47204373938577,0.0,63.736125039450464,40,False,False,2025-05-30T06:45:00+00:00,2025-05-30T16:44:59.999000+00:00
BTCUSDT,15,SHORT,1748914199999,1748914200000,1748964599999,106242.44726,106734.65206951642,104765.83283145072,106755.99899993032,STOP,283.10137967761614,560.0279878464935,487.90136879235786,72.12661905413563,"[190073, 190081]","[105769.0, 106368.9]","[123.66575832882944, 114.1523301760223]",0.15516592540930868,1.773489,0.00999999951811166,-1061.8785222809277,-0.012164673688772679,-1.2164674274974148,151.10016058363104,0.0,75.55004688268292,56,False,False,2025-06-03T01:30:00+00:00,2025-06-03T15:29:59.999000+00:00
BTCUSDT,15,LONG,1748988899999,1748988900000,1749041099999,105682.03218,104807.01251001931,108307.09118994209,104786.0511075173,STOP,295.32499332046353,-66.57917884761991,14.432913114685789,-81.0120919623057,"[190152, 190162]","[105526.2, 105300.1]","[-87.00693325445528, -59.0518990150872]",0.2451339225241193,0.985464,0.009999992018926792,-965.9205793046306,-0.011201662741362488,-1.1201671681498664,82.96348769153998,0.0,41.48171018675473,58,False,False,2025-06-03T22:15:00+00:00,2025-06-04T12:44:59.999000+00:00
BTCUSDT,15,SHORT,1749095099999,1749095100000,1749126599999,104900.91562,105220.94758665848,103940.81972002455,105241.99177617581,STOP,187.16505777232376,11.28492316356278,-11.210171157528134,22.495094321090914,"[190277, 190282]","[105132.1, 105225.6]","[49.781333638351015, 42.316186469156264]",0.06905361088854932,2.664239,0.009999997423826113,-1132.6567690370155,-0.013284085775913217,-1.3284089198125586,223.948371783312,0.0,111.97415402228629,35,False,False,2025-06-05T03:45:00+00:00,2025-06-05T12:29:59.999000+00:00
BTCUSDT,15,LONG,1749158999999,1749159000000,1749222899999,100959.58788,99572.93056145353,105119.5598356394,105098.53592367227,TAKE_PROFIT,570.4462923643122,-1177.1340538921359,-963.8017929434496,-213.3322609486862,"[190340, 190345]","[103080.1, 102514.6]","[-188.5227085138424, -158.08644261708446]",0.22545898454640612,0.606721,0.00999998592896851,2461.1787796319722,0.02925394062358643,2.9253981786956325,50.00791637291514,0.0,25.004059634087795,71,False,False,2025-06-05T21:30:00+00:00,2025-06-06T15:14:59.999000+00:00
BTCUSDT,15,LONG,1749257099999,1749257100000,1749391199999,104306.75718,103781.99776528144,105881.03542415565,105859.85921707083,TAKE_PROFIT,212.00148981236774,-26.99933141641668,2.5955819452574866,-29.594913361674166,"[190452, 190460]","[104234.4, 104140.3]","[-72.08569609595943, -36.19811709889518]",0.21707740670547415,1.650141,0.009999999293052807,2424.1155283348544,0.02799445318092769,2.7994455159987837,138.72182021923155,0.0,69.36101539755033,149,False,False,2025-06-07T00:45:00+00:00,2025-06-08T13:59:59.999000+00:00
BTCUSDT,15,SHORT,1749398399999,1749398400000,1749402899999,105896.41648,106269.68170722171,104776.62079833486,106290.93564356316,STOP,177.1211381478108,159.17564568150556,119.43398335020635,39.74166233129921,"[190608, 190615]","[105725.1, 106200.0]","[66.1117565592419, 38.778371797524784]",1.0259328884051284,2.384814,0.009999998851100594,-1143.2657717205964,-0.012843254993325962,-1.2843256468886934,202.41094718688126,0.0,101.20544000746526,5,False,False,2025-06-08T16:00:00+00:00,2025-06-08T17:14:59.999000+00:00
BTCUSDT,15,SHORT,1749408299999,1749408300000,1749462299999,106202.85518,106526.22746925682,105232.73831222954,106547.53271475066,STOP,171.81831283787798,220.09593649723683,207.68768535794575,12.408251139291082,"[190620, 190630]","[106048.4, 106300.0]","[40.28499367486586, 35.258846512463805]",0.17043461335472385,2.717411,0.009999998085612473,-1167.8826221121333,-0.01329048968976873,-1.3290492234083986,231.25209772778493,0.0,115.62601602371213,60,False,False,2025-06-08T18:45:00+00:00,2025-06-09T09:44:59.999000+00:00
BTCUSDT,15,SHORT,1749473099999,1749473100000,1749490199999,107851.82532,108280.44195158372,106565.97542524882,108302.09803997405,STOP,263.5613010558189,671.509268667709,545.2951045204717,126.21416414723728,"[190697, 190702]","[107443.1, 107774.8]","[205.03864677017765, 197.2817063138358]",0.047216430360621134,2.022919,0.009999999651950642,-1085.7699918129495,-0.012522478856077324,-1.2522479291921411,174.90475139577413,0.0,87.45234276137116,19,False,False,2025-06-09T12:45:00+00:00,2025-06-09T17:29:59.999000+00:00
BTCUSDT,15,LONG,1749533399999,1749533400000,1749545999999,109394.77458,109010.5876063143,110547.33550105714,108988.78548879303,STOP,227.60826245714102,80.74704776176077,164.875389873679,-84.12834211191824,"[190760, 190769]","[109340.0, 109321.3]","[-141.1522645195289, -129.42783860497622]",0.006349616348091296,2.228599,0.00999999588136143,-1099.4626361090727,-0.012841203524201854,-1.2841208813031646,194.67575343430082,0.0,97.33784441918888,14,False,False,2025-06-10T05:30:00+00:00,2025-06-10T08:59:59.999000+00:00
BTCUSDT,15,LONG,1749546899999,1749546900000,1749565799999,109149.92562,108710.4537309077,110468.3412872769,108688.71164016152,STOP,217.76417939486657,-75.49192094268801,-32.40119298756001,-43.090727955128,"[190776, 190783]","[109100.0, 109041.1]","[-86.48558447632959, -47.98075789179294]",0.1138230709988087,1.923227,0.009999997292938446,-1054.6004383316026,-0.012477459876524934,-1.247746325425104,167.58125952877947,0.0,83.79059763524648,21,False,False,2025-06-10T09:15:00+00:00,2025-06-10T14:29:59.999000+00:00
BTCUSDT,15,SHORT,1749597299999,1749597300000,1749653099999,109626.47032,110337.44813139763,107493.5368858071,110359.51562102391,STOP,312.365420931756,209.79538686379965,203.19259287040381,6.602793993395835,"[190835, 190840]","[109963.1, 110135.8]","[106.78044630460074, 72.19759956228103]",0.16739938109181468,1.173958,0.009999995953442892,-963.8661187327725,-0.01154803075426404,-1.1548035427242525,103.30172323334102,0.0,51.650829260127864,62,False,False,2025-06-10T23:15:00+00:00,2025-06-11T14:44:59.999000+00:00
BTCUSDT,15,LONG,1749684599999,1749684600000,1749698999999,108572.11008,107928.75039689854,110502.18912930439,107907.16464681916,STOP,296.89973540097424,-291.6491323015507,-278.7395385533768,-12.909593748173904,"[190928, 190937]","[108419.2, 108001.2]","[-59.813665810844725, -36.80377834081318]",0.48304829919335684,1.282361,0.009999995157776111,-963.7419223264,-0.01168144039641254,-1.168144605283025,111.04183168718342,0.0,55.52088395642344,16,False,False,2025-06-11T23:30:00+00:00,2025-06-12T03:29:59.999000+00:00
BTCUSDT,15,LONG,1749778199999,1749778200000,1750059899999,103233.1425,101920.42450992457,107171.2964702263,107149.86221093225,TAKE_PROFIT,605.6503267169544,-1175.5975121224037,-869.5145180411371,-306.08299408126663,"[191027, 191035]","[105704.0, 105672.0]","[-235.12054419360487, -117.28938858869304]",0.03956250162716434,0.62114,0.009999991482572562,2380.560361429998,0.02919563282946198,2.919565769665158,52.27091981845938,0.0,26.13555826790327,313,False,False,2025-06-13T01:30:00+00:00,2025-06-16T07:44:59.999000+00:00
BTCUSDT,15,SHORT,1750063499999,1750063500000,1750084199999,107021.5914,107375.27904983722,105960.52845048833,107396.75410564718,STOP,209.25269989148086,461.59213306852325,432.4458679329608,29.14626513556243,"[191350, 191358]","[106777.0, 107250.0]","[83.78099710135143, 55.89011589960563]",0.6881840583919999,2.37268,0.00999999597885107,-1093.6394964407073,-0.013032116295684838,-1.3032121536094992,203.49844800573558,0.0,101.74919246719355,23,False,False,2025-06-16T08:45:00+00:00,2025-06-16T14:29:59.999000+00:00
BTCUSDT,15,SHORT,1750214699999,1750214700000,1750222799999,104838.82804,105459.61565054409,102976.46520836772,105480.7075736742,STOP,273.74376702939423,64.42105255456408,3.670335226811707,60.750717327752376,"[191510, 191525]","[104767.3, 105135.0]","[104.83256174364146, 72.15135487612397]",0.38078002851857945,1.334194,0.009999994563981467,-968.634647550336,-0.011694933032320326,-1.1694939389711052,112.24282499942018,0.0,56.121380488892406,9,False,False,2025-06-18T02:45:00+00:00,2025-06-18T04:59:59.999000+00:00
BTCUSDT,15,LONG,1750278599999,1750278600000,1750440599999,104203.8366,103021.48128456884,107750.90254629345,103000.87698831194,STOP,480.34581028743446,-223.56911353165924,-202.4712641322504,-21.09784939940883,"[191590, 191596]","[103538.0, 103426.1]","[-56.9098656745757, -38.73732482036104]",0.07235899912033353,0.692317,0.009999993597180944,-890.2099277639742,-0.010875247542262352,-1.0875254505491032,57.380538278927744,0.0,28.690236973897772,180,False,False,2025-06-18T20:30:00+00:00,2025-06-20T17:29:59.999000+00:00
BTCUSDT,15,LONG,1750445099999,1750445100000,1750535099999,103187.1333,102431.40520815202,105454.31757554392,102410.9189271104,STOP,419.32986123198265,-760.6910246509215,-648.6856241377258,-112.0054005131957,"[191771, 191782]","[103805.9, 102255.3]","[-257.5281243459, -239.82271052243095]",0.2500411498895123,1.071368,0.009999997339125148,-919.7197098613716,-0.011359288805283441,-1.1359291827848836,88.10846960738192,0.0,44.05420330140949,100,False,False,2025-06-20T18:45:00+00:00,2025-06-21T19:44:59.999000+00:00
BTCUSDT,15,LONG,1750545899999,1750545900000,1750549499999,101659.72788,101016.22859757449,103590.22572727651,100996.02535185497,STOP,359.3809349503369,-547.2004349735216,-465.4436210455141,-81.75681392800755,"[191887, 191894]","[102128.2, 101020.0]","[-136.56560312949492, -92.31039360010556]",1.0422027403910155,1.243926,0.009999994699847286,-926.4323352231978,-0.01157366379483487,-1.1573669929056678,100.83550419787538,0.0,50.41772109177329,4,False,False,2025-06-21T22:45:00+00:00,2025-06-21T23:44:59.999000+00:00
BTCUSDT,15,SHORT,1750571099999,1750571100000,1750599899999,102625.07088,103349.98049691065,100450.34202926807,100470.43209767393,TAKE_PROFIT,371.3203312737618,52.323125571594574,-16.431389181609962,68.75451475320453,"[191916, 191920]","[102568.4, 102750.0]","[58.872130255501474, 50.014696305249586]",0.060764811498100674,1.091448,0.009999994467409143,2263.008917478639,0.028602178611500974,2.860219443592492,88.6672722135905,0.0,44.33373194719211,32,False,False,2025-06-22T05:45:00+00:00,2025-06-22T13:44:59.999000+00:00
BTCUSDT,15,SHORT,1750644899999,1750644900000,1750658399999,100959.60404,101762.75935643702,98550.13809068895,101783.1119083083,STOP,435.7729042913434,337.27554770486313,271.09307683374584,66.18247087111729,"[191997, 192003]","[100993.5, 101580.6]","[324.1302608870819, 167.24606105068]",0.5613046046610887,1.013293,0.009999999773740324,-916.6298683502885,-0.011263138221298248,-1.1263138476137655,82.17510994856367,0.0,41.08752323959243,15,False,False,2025-06-23T02:15:00+00:00,2025-06-23T05:59:59.999000+00:00
BTCUSDT,15,SHORT,1750666499999,1750666500000,1750687199999,101943.1073,102411.81751838677,100536.9766448397,102432.29988189045,STOP,255.27834559117812,419.55560000630794,409.84298032573525,9.712619680572686,"[192010, 192028]","[101333.0, 102155.1]","[62.86264942699802, 37.01675140478221]",1.1989542650561102,1.716765,0.009999998984424056,-980.1745212133962,-0.012181144433862168,-1.218114567095002,140.34581836424726,0.0,70.17287839589065,23,False,False,2025-06-23T08:15:00+00:00,2025-06-23T13:59:59.999000+00:00
BTCUSDT,15,LONG,1750757399999,1750757400000,1750859099999,105369.0696,104501.42084634744,107972.01586095768,107950.42145778549,TAKE_PROFIT,337.58610243503847,173.39937865867978,237.62266555363664,-64.22328689495686,"[192113, 192129]","[104651.4, 104570.8]","[-148.91802143311963, -97.59693457295259]",0.08390779215538569,0.916112,0.009999997489250432,2286.637594902801,0.028767671527973455,2.8767678750817156,78.16981823677199,0.0,39.08500527408273,113,False,False,2025-06-24T09:30:00+00:00,2025-06-25T13:44:59.999000+00:00
BTCUSDT,15,SHORT,1751003999999,1751004000000,1751009399999,107189.5578,107552.2100658198,106101.60100254061,107573.72050783296,STOP,157.5400438798648,69.43774636283342,60.81672387431475,8.621022488518676,"[192399, 192403]","[107462.5, 107528.0]","[67.46683302136695, 55.71832623573179]",0.06708381818384801,2.254859,0.009999996513869285,-1059.9371036062917,-0.012961944528917304,-1.2961949047622172,193.70436438476878,0.0,96.85215141716087,6,False,False,2025-06-27T06:00:00+00:00,2025-06-27T07:29:59.999000+00:00
BTCUSDT,15,LONG,1751037299999,1751037300000,1751192099999,106552.20618,106045.04244785866,108073.69737642402,108052.08263694873,TAKE_PROFIT,253.23836809422707,-167.67405997036258,-136.3538288165558,-31.320231153806787,"[192435, 192439]","[106551.0, 106313.1]","[-16.2996311855961, -12.682041601650695]",0.2279990307239947,1.591459,0.009999995620293337,2250.378315548647,0.027881215325589268,2.788122753674907,136.61357075053297,0.0,68.30688358721729,172,False,False,2025-06-27T15:15:00+00:00,2025-06-29T10:14:59.999000+00:00
BTCUSDT,15,LONG,1751277599999,1751277600000,1751292899999,107449.4856,107202.7755552393,108189.61573428207,107181.33500012827,STOP,150.14962984046048,-235.47358494938817,-201.10574067395132,-34.36784427543685,"[192700, 192707]","[107427.5, 107401.0]","[-137.53563909222024, -77.01115628967344]",0.07720016555422293,3.362791,0.009999998740239009,-1190.437860627974,-0.01434894488626377,-1.4348946693888103,288.70343673469034,0.0,144.35168807203576,17,False,False,2025-06-30T10:00:00+00:00,2025-06-30T14:14:59.999000+00:00
BTCUSDT,15,SHORT,1751480999999,1751481000000,1751534999999,109282.23918,109875.54588626586,107502.31906120245,109897.5209954431,STOP,351.6972575105675,640.2541078074573,623.5909692227428,16.66313858471449,"[192928, 192933]","[109620.0, 109690.4]","[135.25825135787647, 129.07983296338125]",0.009066185102553035,1.378258,0.009999995968423573,-968.8515875489365,-0.011848061528519702,-1.1848066305158185,120.83450315995435,0.0,60.4172200759826,60,False,False,2025-07-02T18:30:00+00:00,2025-07-03T09:29:59.999000+00:00
BTCUSDT,15,LONG,1751615099999,1751615100000,1751636699999,108836.56296,108448.52272429805,110000.68366710586,108426.83301975319,STOP,169.91818380130002,-212.3315419076389,-194.31137886911324,-18.020163038525652,"[193067, 193080]","[109050.0, 108749.1]","[-59.36656458071762, -34.05234285726047]",0.759708597441935,2.082365,0.009999998480948173,-1034.1759636497993,-0.012798549673562611,-1.2798551617728933,180.9686766277515,0.0,90.48430780495659,24,False,False,2025-07-04T07:45:00+00:00,2025-07-04T13:44:59.999000+00:00
BTCUSDT,15,SHORT,1751726699999,1751726700000,1751808599999,108094.47678,108300.99161504285,107474.93227487148,108322.65181336585,STOP,95.32774336189391,29.529587087759865,21.77821677420862,7.751370313551245,"[193198, 193205]","[108175.0, 108194.4]","[16.563660945982786, 9.549857302042048]",0.08196713556688341,3.689826,0.009552513837808523,-1161.3427898358366,-0.014558645190292303,-1.5240642868968883,319.4166191716579,0.0,159.7082822971134,91,False,True,2025-07-05T14:45:00+00:00,2025-07-06T13:29:59.999000+00:00
BTCUSDT,15,LONG,1751876099999,1751876100000,1751887799999,108875.07066,108609.59355728257,109671.5019681523,108587.87163857112,STOP,162.470961811622,-53.5300980121101,-15.030777369176418,-38.49932064293368,"[193348, 193372]","[108622.6, 108611.0]","[-74.88579537584044, -72.70344983530815]",0.001971156875595559,2.961032,0.00999999816540859,-1107.9713852037166,-0.0140947797708595,-1.409478235667616,257.56589238408907,0.0,128.7829173271415,13,False,False,2025-07-07T08:15:00+00:00,2025-07-07T11:29:59.999000+00:00
BTCUSDT,15,LONG,1751899499999,1751899500000,1751912999999,108158.42736,107517.16160510246,110082.22462469261,107495.65817278145,STOP,257.3589299316896,-247.05765439786774,-209.5967536508433,-37.460900747024425,"[193372, 193398]","[108611.0, 107963.3]","[-72.70344983530815, -51.98995891136764]",0.9013107386581253,1.208557,0.009999994711856905,-905.2464424569918,-0.011680499381307767,-1.1680505558126248,104.2521018596967,0.0,52.126020975115566,15,False,False,2025-07-07T14:45:00+00:00,2025-07-07T18:29:59.999000+00:00
BTCUSDT,15,LONG,1752128999999,1752129000000,1752144299999,111247.64508,110852.58700048825,112432.81931853524,110830.41648308815,STOP,162.2753330078323,122.27447689847031,149.78860862016714,-27.514131721696828,"[193648, 193653]","[110905.3, 110894.2]","[-89.65052694161238, -66.25942344911189]",0.016964068936415975,1.938839,0.009999998034748653,-981.1685183291332,-0.012809755029160399,-1.2809757546599725,172.22944272116652,0.0,86.11469244760792,17,False,False,2025-07-10T06:30:00+00:00,2025-07-10T10:44:59.999000+00:00
BTCUSDT,15,LONG,1752154199999,1752154200000,1752155099999,111009.1974,110600.9868789234,112233.82896322981,110578.86668154762,STOP,151.7420807177359,-53.626439696905436,-30.18598118801662,-23.440458508888817,"[193675, 193681]","[110800.0, 110693.8]","[-44.376463736154804, -39.95042697983012]",0.06757586952567297,1.852334,0.009999996696118391,-961.2982630707584,-0.012713189538968687,-1.2713193739257387,164.18204203697178,0.0,82.09099241747674,1,False,False,2025-07-10T13:30:00+00:00,2025-07-10T13:44:59.999000+00:00
BTCUSDT,15,SHORT,1752186599999,1752186600000,1752210899999,115855.22432,117177.38993357863,111888.72747926411,117200.82541156534,STOP,621.8599557190876,1286.0600517004204,1007.1055475409108,278.9545041595096,"[193708, 193717]","[113645.9, 117500.0]","[126.39325107625086, 113.48222660239185]",0.660870666667318,0.564626,0.009999994470342036,-812.3971639804696,-0.010882318380247417,-1.0882324397800593,52.635802054293926,0.0,26.317871689407355,27,False,False,2025-07-10T22:30:00+00:00,2025-07-11T05:14:59.999000+00:00
BTCUSDT,15,LONG,1752245099999,1752245100000,1752249599999,118029.30114,117235.29514389735,120411.31912830795,117211.84808486857,STOP,376.9365707351001,201.29416538984515,255.5684586009291,-54.27429321108394,"[193773, 193782]","[117581.3, 117255.0]","[-146.3637414979977, -140.33322578091838]",0.04065366882907932,0.929974,0.009999992000623834,-847.7173484964953,-0.011480376598072748,-1.148038578166519,87.50726100369917,0.0,43.75360184359016,5,False,False,2025-07-11T14:45:00+00:00,2025-07-11T15:59:59.999000+00:00
BTCUSDT,15,LONG,1752339599999,1752339600000,1752411599999,117184.03212,116772.77204416356,118417.81234750932,118394.12878503982,TAKE_PROFIT,222.48530389096064,-183.51540351071162,-161.0841100200633,-22.43129349064833,"[193878, 193887]","[117188.0, 116862.4]","[-84.68568604648729, -61.47345346392228]",0.3752238053358879,1.774858,0.0099999984418465,1980.5026333162077,0.0271328361874015,2.7132840415114527,167.24711340303887,0.0,83.62364595645514,80,False,False,2025-07-12T17:00:00+00:00,2025-07-13T12:59:59.999000+00:00
BTCUSDT,15,SHORT,1752621299999,1752621300000,1752655499999,117788.63756,118556.83917163804,115484.03272508587,118580.55053947237,STOP,394.15944775869474,197.87014760058082,52.56220208418194,145.3079455163989,"[194183, 194198]","[117577.1, 117610.6]","[99.34556253262339, 73.25799905509044]",0.019111729076422248,0.975959,0.00999999867881745,-865.1492541122236,-0.011539425642499206,-1.1539427167068186,92.27465457934917,0.0,46.13729822018254,38,False,False,2025-07-15T23:15:00+00:00,2025-07-16T08:44:59.999000+00:00
BTCUSDT,15,SHORT,1752659099999,1752659100000,1752678899999,118807.33378,119604.44968625033,116415.986061249,119628.37057618759,STOP,269.8997908335551,431.0405563604436,335.0308830313347,96.00967332910886,"[194234, 194238]","[118282.7, 118297.1]","[62.77051450273663, 50.563547774838554]",0.011409216001693362,0.929704,0.009999999504772192,-851.9910447958864,-0.01149658444099641,-1.149658501033927,88.669851233106,0.0,44.334896857101135,22,False,False,2025-07-16T09:45:00+00:00,2025-07-16T15:14:59.999000+00:00
BTCUSDT,15,LONG,1752721199999,1752721200000,1752755399999,118325.6604,117474.58646783838,120878.88219648485,117451.09155054482,STOP,360.67568810774327,-257.6270821717917,-186.96839250613613,-70.65868966565557,"[194301, 194311]","[118359.4, 117663.6]","[-154.34618341035718, -99.10724484650281]",0.6512208846961836,0.86075,0.009999998830830302,-833.963072865121,-0.011384198250510553,-1.1384199581516672,81.17793569657258,0.0,40.58893936043838,38,False,False,2025-07-17T03:00:00+00:00,2025-07-17T12:29:59.999000+00:00
BTCUSDT,15,SHORT,1752791399999,1752791400000,1753413299999,120053.58448,121451.83296412116,115858.83902763651,115882.01079544204,TAKE_PROFIT,497.1553094141078,538.5269639607432,450.0234723418988,88.50349161884435,"[194380, 194389]","[119879.1, 120951.5]","[136.16294307891013, 115.16370344099658]",0.3637601110232125,0.517949,0.009999987049193889,2111.781376088182,0.029159296165505666,2.915933392919367,48.88104225492797,0.0,24.44060853158506,691,False,False,2025-07-17T22:30:00+00:00,2025-07-25T03:14:59.999000+00:00
BTCUSDT,15,SHORT,1753482599999,1753482600000,1753497899999,117196.556,117651.45326554718,115831.86420335846,117674.98355620028,STOP,286.3688436981192,392.0905060444493,343.3827424542877,48.70776359016156,"[195150, 195157]","[116989.9, 117359.3]","[123.98544694730984, 102.38468982402162]",0.19789860487296984,1.63848,0.009999998871179494,-937.8269103358655,-0.012582535679199624,-1.2582537099542215,153.93292805281723,0.0,76.96643574930675,17,False,False,2025-07-25T22:30:00+00:00,2025-07-26T02:44:59.999000+00:00
BTCUSDT,15,LONG,1753520399999,1753520400000,1753559999999,117553.60602,117307.46671915655,118292.02392253034,118268.36551774584,TAKE_PROFIT,101.68885389563144,70.89124191256997,77.27630188024403,-6.385059967674067,"[195193, 195199]","[117288.9, 117288.0]","[-50.68094597771707, -43.94134263112467]",0.0011693582680408737,2.990021,0.00999999717052354,1855.1008493457955,0.025206479885792114,2.5206487017908277,282.0450588637049,0.0,141.02262055859362,44,False,False,2025-07-26T09:00:00+00:00,2025-07-26T19:59:59.999000+00:00
BTCUSDT,15,LONG,1753578899999,1753578900000,1753633799999,118089.41316,117703.36701130681,119247.55160607959,119223.70209575837,TAKE_PROFIT,123.08865912879826,-11.732631409322494,-7.9015125903927235,-3.8311188189297702,"[195250, 195264]","[117846.1, 117800.8]","[-24.673120931445936, -23.941755452316507]",0.011742231211551992,1.954462,0.009999995131797423,2031.3968356125877,0.02692328850297085,2.692330160977948,185.5277863476,0.0,92.76398556134431,61,False,False,2025-07-27T01:15:00+00:00,2025-07-27T16:29:59.999000+00:00
BTCUSDT,15,LONG,1753700399999,1753700400000,1753710299999,118781.05146,118295.23007170304,120238.51562489085,118271.57102568871,STOP,220.11328553130045,-154.78677614768094,-123.22560178068063,-31.561174367000305,"[195394, 195398]","[118744.1, 118668.6]","[-69.53099153926452, -56.343749517909714]",0.06619933834022168,1.59488,0.00999999938349516,-963.7883496943823,-0.012438757547675485,-1.2438758314530958,151.2281946199901,0.0,75.61406783215155,11,False,False,2025-07-28T11:00:00+00:00,2025-07-28T13:44:59.999000+00:00
BTCUSDT,15,SHORT,1753754399999,1753754400000,1753761599999,117715.05228,118578.17899580505,115125.67213258485,118601.89463160421,STOP,305.1193305367011,-45.98269859865832,-52.10960319002011,6.126904591361793,"[195446, 195457]","[118329.8, 118433.4]","[86.93083253341746, 53.76580810708178]",0.13390063709214334,0.886531,0.009999994909111475,-870.0141565150308,-0.011369925328396679,-1.1369931116701864,83.80091970499656,0.0,41.90043007998601,8,False,False,2025-07-29T02:00:00+00:00,2025-07-29T03:59:59.999000+00:00
BTCUSDT,15,SHORT,1753774199999,1753774200000,1753775999999,118750.34518,119159.70668175895,117522.26067472316,119183.5386230953,STOP,208.40445450596502,236.84220474306494,218.96852748236967,17.873677260695274,"[195472, 195481]","[118785.0, 119032.4]","[105.42151419742888, 57.243677632931764]",0.5025464137091883,1.847972,0.009999996756794026,-976.4074154714559,-0.012907096123742632,-1.2907100309781117,175.87806204774944,0.0,87.93900252026069,2,False,False,2025-07-29T07:30:00+00:00,2025-07-29T07:59:59.999000+00:00
BTCUSDT,15,LONG,1753811099999,1753811100000,1753820099999,117653.42598,117151.02178640476,119160.63856078571,117127.59158204748,STOP,318.9188090634919,-319.10567075751896,-312.61022881970223,-6.495441937816736,"[195518, 195522]","[117218.7, 116923.0]","[-166.36042428569644, -131.0211065175892]",0.19592408821615714,1.486302,0.009999994555293818,-921.1309157314271,-0.012335614938013651,-1.2335621654397197,139.5821983858025,0.0,69.79107072259539,10,False,False,2025-07-29T17:45:00+00:00,2025-07-29T20:14:59.999000+00:00
BTCUSDT,15,SHORT,1753847999999,1753848000000,1753887599999,118082.8787,118549.0437999279,116684.3834002163,118572.75360868788,STOP,226.02919995193184,112.45004444732331,64.30873289961367,48.141311547709634,"[195553, 195561]","[117958.3, 118087.3]","[68.11411300459338, 47.5823397054714]",0.14798313926003534,1.582086,0.009999997601713708,-924.7880598650677,-0.01253927034677249,-1.253927335404923,149.7638250786891,0.0,74.88188453365055,44,False,False,2025-07-30T04:00:00+00:00,2025-07-30T14:59:59.999000+00:00
BTCUSDT,15,SHORT,1753937999999,1753938000000,1753946999999,118448.60554,118775.58475055025,117467.66790834926,118799.33986750036,STOP,178.1898337001642,285.89376345473283,285.77868259547273,0.11508085926010381,"[195659, 195663]","[118451.9, 118590.0]","[59.95802455327049, 30.42458049972072]",0.336386522495653,2.227253,0.009999997982507265,-992.5385623892278,-0.013628799672223834,-1.3628802421824822,211.36447926107655,0.0,105.68221261086346,10,False,False,2025-07-31T05:00:00+00:00,2025-07-31T07:29:59.999000+00:00
BTCUSDT,15,LONG,1753974899999,1753974900000,1753985699999,118005.49638,117416.3175253319,119773.03294400427,117392.83426182685,STOP,279.45498311205864,-114.93150472718116,-45.609763390328084,-69.32174133685308,"[195695, 195702]","[118246.8, 117783.3]","[-54.210191714630724, -47.43430543656389]",0.25662913048097546,1.219222,0.009999994885533398,-861.7722624360254,-0.011996715145634348,-1.199672128131738,114.80112939271577,0.0,57.40053711353404,12,False,False,2025-07-31T15:15:00+00:00,2025-07-31T18:14:59.999000+00:00
BTCUSDT,15,LONG,1754013599999,1754013600000,1754037899999,115293.054,114263.73719982851,118381.00440051446,114240.88445238855,STOP,493.7752001143243,-746.6467893881927,-720.6824987076329,-25.96429068055977,"[195731, 195747]","[116380.0, 114239.0]","[-148.77644361540905, -49.74937410457335]",3.123739307610762,0.689508,0.009999995800304504,-788.7855151682489,-0.011113999522437997,-1.111400418998133,63.30619473377181,0.0,31.65306961383587,27,False,False,2025-08-01T02:00:00+00:00,2025-08-01T08:44:59.999000+00:00
BTCUSDT,15,SHORT,1754108099999,1754108100000,1754159399999,113777.14002,114237.02465635755,112397.48611092733,112419.96560814952,TAKE_PROFIT,232.4831042383697,-54.53395293217909,-131.23418004752529,76.7002271153462,"[195844, 195852]","[113863.0, 113873.7]","[100.47763260718114, 83.42836996382806]",0.006507369228613096,1.52611,0.009999999020123052,1933.116775721063,0.027543765225803273,2.7543767924753597,138.0806659480701,0.0,69.04041858354947,57,False,False,2025-08-02T04:15:00+00:00,2025-08-02T18:29:59.999000+00:00
BTCUSDT,15,SHORT,1754332199999,1754332200000,1754379899999,115204.4545,115715.8667200705,113670.21783978853,113692.9518833565,TAKE_PROFIT,296.71114671366007,239.5543937538314,225.74796095821188,13.806432795619514,"[196088, 196101]","[115431.6, 115686.0]","[84.57201750078755, 83.43885576523596]",0.010705109623029526,1.410145,0.00999999453872183,2002.3264440969829,0.02776513393488574,2.776514909820601,129.11141324978328,0.0,64.55579446463771,53,False,False,2025-08-04T18:30:00+00:00,2025-08-05T07:44:59.999000+00:00
BTCUSDT,15,SHORT,1754441099999,1754441100000,1754459099999,113876.12022,114291.42004666865,112630.22073999408,114314.27833067797,STOP,203.21336444575928,112.05425939327688,84.6107357126427,27.443523680634186,"[196210, 196222]","[113948.0, 114178.4]","[100.80656955401113, 72.10735508367416]",0.29124308768378565,1.784708,0.009999998376840138,-944.8855773184965,-0.012748239950146314,-1.2748242019389788,162.90129192663335,0.0,81.45061794196998,20,False,False,2025-08-06T00:45:00+00:00,2025-08-06T05:44:59.999000+00:00
BTCUSDT,15,SHORT,1754462699999,1754462700000,1754489699999,113996.49614,114456.79538653645,112615.59840039065,114479.68674561376,STOP,237.86359102430123,84.51476611434191,18.663165072924198,65.85160104141771,"[196222, 196246]","[114178.4, 114390.2]","[72.10735508367416, 62.10439232695071]",0.12031132901022966,1.589705,0.00999999762384858,-913.4144138228908,-0.01248276955833205,-1.2482772524427816,145.28389212566984,0.0,72.64191824329079,30,False,False,2025-08-06T06:45:00+00:00,2025-08-06T14:14:59.999000+00:00
BTCUSDT,15,LONG,1754537399999,1754537400000,1754562599999,114492.3939,114091.91168977896,115693.84053066309,115670.70176255696,TAKE_PROFIT,170.25887348068647,-134.65593822023948,-64.41251886545083,-70.24341935478864,"[196323, 196327]","[114810.0, 114520.0]","[-49.58589013144719, -34.2930467010615]",0.5192038343605577,1.804339,0.009999994841704541,1959.9499304722833,0.027123353703436347,2.712336769447079,166.11689994587294,0.0,83.05853833795122,28,False,False,2025-08-07T03:30:00+00:00,2025-08-07T10:29:59.999000+00:00
BTCUSDT,15,LONG,1754630999999,1754631000000,1754650799999,116630.22138,116298.55198766665,117625.22955700006,116275.29227726911,STOP,175.1653415555689,-88.57134616897383,-46.112443530970395,-42.45890263800344,"[196428, 196432]","[116639.9, 116615.3]","[-104.62075127136234, -63.46027754483106]",0.045572549060862486,2.237787,0.009999998810399683,-1002.7329042890664,-0.013510178064259599,-1.3510179671431,208.4771722762237,0.0,104.23855853742492,22,False,False,2025-08-08T05:30:00+00:00,2025-08-08T10:59:59.999000+00:00
BTCUSDT,15,SHORT,1754720999999,1754721000000,1754729099999,116540.08732,116974.95281914229,115235.49082257315,116998.34780970612,STOP,182.1685460948549,13.721155978593742,-13.550322541281423,27.271478519875167,"[196505, 196533]","[116941.5, 116950.1]","[57.65484084442832, 35.94807335965625]",0.019263035919746114,1.683688,0.009999994657154452,-928.8500316989681,-0.012686119503483511,-1.2686126281484842,157.28234430666586,0.0,78.6411444362712,9,False,False,2025-08-09T06:30:00+00:00,2025-08-09T08:44:59.999000+00:00
BTCUSDT,15,LONG,1754757899999,1754757900000,1754795699999,116716.3386,116312.74668905456,117927.11433283634,117903.52890996977,TAKE_PROFIT,179.1022072969635,-75.85615000815596,-31.717266565523268,-44.1388834426327,"[196568, 196573]","[116700.0, 116600.0]","[-68.53468457690494, -51.865824988673225]",0.11866086420315354,1.79114,0.009999998644003841,1958.3292400025282,0.027090290589514975,2.709029426294847,168.0948117967229,0.0,84.0474943172233,42,False,False,2025-08-09T16:45:00+00:00,2025-08-10T03:14:59.999000+00:00
BTCUSDT,15,LONG,1754862299999,1754862300000,1754876699999,118236.84264,117752.56485162927,119689.67600511218,119665.73806991117,TAKE_PROFIT,239.02343224715236,-47.64064096538641,12.280442100117408,-59.92108306550382,"[196681, 196689]","[118395.8, 118010.0]","[-65.9501861954231, -55.19325772451086]",0.305328016071678,1.533155,0.009999998745208344,2044.8215603941278,0.027540685579622484,2.754068903540517,145.89661245132154,0.0,72.94839677232355,16,False,False,2025-08-10T21:45:00+00:00,2025-08-11T01:44:59.999000+00:00
BTCUSDT,15,LONG,1754939699999,1754939700000,1754942399999,119574.01002,119020.45421016461,121234.67744950617,118996.65011932257,STOP,353.03052655692767,-333.4688070495613,-318.3051386703138,-15.163668379247497,"[196756, 196776]","[119345.0, 119201.6]","[-254.62228614664895, -44.03552892107189]",0.314796009522165,1.378219,0.009999998863279288,-927.2494316103621,-0.01215393418878565,-1.215393557034868,131.52104665862282,0.0,65.76049413059577,3,False,False,2025-08-11T19:15:00+00:00,2025-08-11T19:59:59.999000+00:00
BTCUSDT,15,LONG,1755068399999,1755068400000,1755093599999,119391.97362,118671.3396113239,121553.87564602829,121529.56487089909,TAKE_PROFIT,270.3735924507321,-135.2051354309515,-118.56376842865737,-16.641367002294118,"[196905, 196919]","[119028.0, 118829.0]","[-120.19671921162438, -39.848231748900844]",0.48005098733800244,1.045813,0.00999999585262115,2134.737168103016,0.028325360229395368,2.832537197700023,100.78355077351306,0.0,50.39186682325996,28,False,False,2025-08-13T07:00:00+00:00,2025-08-13T13:59:59.999000+00:00
BTCUSDT,15,LONG,1755167399999,1755167400000,1755169199999,121545.40422,121045.17072914133,123046.104692576,121020.96169499551,STOP,291.2861805724441,-411.23438250923937,-395.889347202067,-15.345035307172395,"[197021, 197028]","[121550.0, 121514.5]","[-224.334821819673, -37.29794674486419]",0.0897765568621343,1.549268,0.009999995369684286,-962.8221452640204,-0.01242357409024977,-1.2423579842759465,150.3201234353573,0.0,75.16003222399907,2,False,False,2025-08-14T10:30:00+00:00,2025-08-14T10:59:59.999000+00:00
BTCUSDT,15,LONG,1755343799999,1755343800000,1755382499999,117474.4902,117222.04371918575,118231.82964244275,117198.59931044192,STOP,152.5708538761683,-40.847326858420274,-29.961377802104202,-10.885949056316072,"[197210, 197225]","[117226.8, 117089.7]","[-36.08817624887483, -31.01975532533288]",0.11200456760118926,3.031802,0.009999998276841282,-1121.03948759357,-0.014647067388465348,-1.4647069912387969,284.5929368495747,0.0,142.29644065878296,43,False,False,2025-08-16T11:30:00+00:00,2025-08-16T22:14:59.999000+00:00
BTCUSDT,15,SHORT,1755426599999,1755426600000,1755439199999,118141.66694,118403.70178830509,117355.56239508475,118427.38252866274,STOP,135.80119220339012,188.38193029486865,181.63693021859285,6.745000076275801,"[197300, 197317]","[118187.0, 118435.0]","[86.07804436184652, 27.500521940633945]",1.1623217813028153,2.87808,0.00999999700029748,-1094.6581813763842,-0.01451498137819183,-1.4514985732255756,272.3458599579076,0.0,136.17290253337703,14,False,False,2025-08-17T10:30:00+00:00,2025-08-17T13:59:59.999000+00:00
BTCUSDT,15,LONG,1755460799999,1755460800000,1755476999999,117550.5054,117131.77997430193,118806.6816770942,117108.35361830707,STOP,184.81335046537757,-170.52175105694914,-123.17709986691963,-47.34465119002951,"[197349, 197355]","[117581.8, 117245.0]","[-72.4623449533302, -54.31128015777439]",0.47079080563606324,1.774936,0.009999999079209919,-951.3928974271238,-0.012801116030890344,-1.280111720960452,166.60178263620716,0.0,83.30086325849352,18,False,False,2025-08-17T20:00:00+00:00,2025-08-18T00:29:59.999000+00:00
BTCUSDT,15,SHORT,1755542699999,1755542700000,1755555299999,116392.11692,116930.11688169431,114778.11703491706,116953.50290507065,STOP,290.74458779620886,341.543765821174,269.6913772755334,71.85238854564062,"[197440, 197446]","[116304.3, 116761.0]","[130.69103093996472, 129.60106084190005]",0.011702328211710675,1.363749,0.009999999156518034,-892.879518030445,-0.012169595248928298,-1.2169596275411796,127.2899422763281,0.0,63.64494306037875,14,False,False,2025-08-18T18:45:00+00:00,2025-08-18T22:14:59.999000+00:00
BTCUSDT,15,LONG,1755627299999,1755627300000,1755629999999,113337.96306,112833.94307743832,114850.02300768501,112811.37628882284,STOP,320.37128170778215,-611.6129765811784,-566.387319726405,-45.22565685477332,"[197532, 197540]","[113506.0, 113011.0]","[-232.35337272492256, -129.88747330653354]",0.6086914955045483,1.437975,0.00999999941992144,-887.2974507835273,-0.012242500148248422,-1.2242500858409648,130.07883850004941,0.0,65.03939156285587,3,False,False,2025-08-19T18:15:00+00:00,2025-08-19T18:59:59.999000+00:00
BTCUSDT,15,SHORT,1755673199999,1755673200000,1755680399999,113586.87808,113936.69754149663,112537.41969551014,113959.48488100492,STOP,191.13169433108195,92.88026280482882,64.01007764145416,28.870185163374657,"[197586, 197591]","[113639.0, 113732.8]","[83.89283893056752, 55.80046022846213]",0.15393980896463744,2.04647,0.00999999764505279,-948.7953622160663,-0.013253271702623052,-1.3253274823699308,186.2667221635231,0.0,93.13333430594932,8,False,False,2025-08-20T07:00:00+00:00,2025-08-20T08:59:59.999000+00:00
BTCUSDT,15,LONG,1755746999999,1755747000000,1755753299999,114202.836,113722.99593519671,115642.35619440986,113700.25133600968,STOP,292.4027098688591,56.68133697849407,88.61571383984912,-31.934376861355048,"[197669, 197673]","[113901.1, 113843.7]","[-44.60519341555997, -34.69156260148807]",0.04237973964221745,1.472172,0.009999998011702352,-874.0960875118203,-0.01237382670648358,-1.2373829166769121,134.2050175558512,0.0,67.10248186638208,7,False,False,2025-08-21T03:30:00+00:00,2025-08-21T05:14:59.999000+00:00
BTCUSDT,15,LONG,1755761399999,1755761400000,1755771299999,113691.43374,113189.84113255913,115196.21156232263,113167.20316433262,STOP,220.10591162725007,-140.0289319717849,-112.90036211305048,-27.128569858734437,"[197684, 197689]","[113585.5, 113562.2]","[-75.35743861758199, -53.63925557313752]",0.02966480486958003,1.390902,0.009999998185571955,-855.3686088719238,-0.012260426284671607,-1.226042850923814,126.21525271500401,0.0,63.10759971567175,11,False,False,2025-08-21T07:30:00+00:00,2025-08-21T10:14:59.999000+00:00
BTCUSDT,15,LONG,1755782099999,1755782100000,1755789299999,113155.52658,112666.81271655524,114621.66817033428,112644.27935401193,STOP,223.7248556298382,-228.51127510270453,-208.12917451863342,-20.38210058407111,"[197704, 197711]","[113180.0, 112924.6]","[-36.136554325811176, -21.731954335425826]",0.4736446779025812,1.410053,0.009999997793094104,-848.2415622488222,-0.012309186634511419,-1.2309189351033674,127.35587750266853,0.0,63.677912463023375,8,False,False,2025-08-21T13:15:00+00:00,2025-08-21T15:14:59.999000+00:00
BTCUSDT,15,LONG,1755798299999,1755798300000,1755866699999,112427.68104,111637.80965195592,114797.29520413226,111615.48209002553,STOP,346.2602320293909,-377.51376958863693,-294.95492756950404,-82.5588420191329,"[197715, 197725]","[112902.5, 112545.4]","[-26.942140186327123, -25.477540172128954]",0.05020982459601724,0.861697,0.009999994412727626,-777.0923272120189,-0.0114172474786094,-1.1417253857740106,77.22292861586143,0.0,38.611437857612295,76,False,False,2025-08-21T17:45:00+00:00,2025-08-22T12:44:59.999000+00:00
BTCUSDT,15,LONG,1755925199999,1755925200000,1755950399999,115913.97816,115341.6607520218,117630.93038393461,115318.59241987139,STOP,264.0928319854686,-206.35346871255024,-137.41487899091302,-68.93858972163721,"[197866, 197871]","[115434.8, 115414.3]","[-188.13578823946014, -177.02960055523184]",0.0041878591486847585,1.175674,0.009999991585602011,-808.7211831135281,-0.012019172926820735,-1.2019183040239694,108.74164847356789,0.0,54.370798412434496,28,False,False,2025-08-23T05:00:00+00:00,2025-08-23T11:59:59.999000+00:00
BTCUSDT,15,SHORT,1755986399999,1755986400000,1755993599999,114956.30414,115376.60101946254,113695.41350161239,115399.67633966643,STOP,134.06734630835751,-32.61838505278865,-41.308052731514564,8.689667678725911,"[197931, 197939]","[115166.5, 115299.9]","[70.81206794230158, 50.97556365273637]",0.2785693452630473,1.581672,0.009999996318835547,-847.0084355336937,-0.012741336443215281,-1.2741341133512487,145.739041742894,0.0,72.86949573545107,8,False,False,2025-08-23T22:00:00+00:00,2025-08-23T23:59:59.999000+00:00
BTCUSDT,15,SHORT,1756002599999,1756002600000,1756044899999,115465.80222,115804.99909060434,114448.21160818699,114471.10125050863,TAKE_PROFIT,149.39939373622516,110.19304656109307,82.4148505009717,27.778196060121374,"[197939, 197954]","[115299.9, 115520.2]","[50.97556365273637, 38.10524544848892]",0.47258604851852365,1.93487,0.009999998213242576,1746.6578582725851,0.026613631346289687,2.6613636101500875,177.9592065671932,0.0,88.97968382746654,47,False,False,2025-08-24T02:30:00+00:00,2025-08-24T14:14:59.999000+00:00
BTCUSDT,15,LONG,1756161899999,1756161900000,1756167299999,110536.20282,109520.51157335273,113583.27655994178,109498.60747103806,STOP,507.3256177648404,-663.5251409870398,-616.4143019556959,-47.11083903134386,"[198130, 198134]","[109321.0, 109219.8]","[-330.4031979934447, -286.8579350405509]",0.023402734153120254,0.663359,0.009999990869423835,-746.6830417799788,-0.011082189090905288,-1.1082199209591683,58.38482868794109,0.0,29.19238797973754,6,False,False,2025-08-25T22:45:00+00:00,2025-08-26T00:14:59.999000+00:00
BTCUSDT,15,SHORT,1756197899999,1756197900000,1756212299999,110105.67446,110570.5363494464,108711.0887916608,110592.65045671629,STOP,295.2242329642669,-13.54027119676175,-52.77148262171981,39.23121142495806,"[198167, 198174]","[110320.1, 110508.5]","[115.75580870819653, 42.087555820554854]",0.3867636225206317,1.433332,0.009999995606609021,-824.5318679051636,-0.012374752308387459,-1.2374757745102363,126.53358857981071,0.0,63.26676890064494,16,False,False,2025-08-26T08:45:00+00:00,2025-08-26T12:44:59.999000+00:00
BTCUSDT,15,SHORT,1756253699999,1756253700000,1756305899999,111632.669,112175.13705184098,110005.26484447707,112197.57207925135,STOP,296.02470122731813,507.3510768496635,501.83992116867444,5.511155680989077,"[198225, 198236]","[111311.0, 112330.0]","[150.34455011703022, 98.54201075436265]",1.0821196905809785,1.213078,0.009999994888186125,-793.880914047238,-0.012064025502091878,-1.2064031669000326,108.60941647517443,0.0,54.30468299891463,58,False,False,2025-08-27T00:15:00+00:00,2025-08-27T14:44:59.999000+00:00
BTCUSDT,15,SHORT,1756369799999,1756369800000,1756430999999,112981.59916,113513.1663342482,111386.89763725537,111409.17501678283,TAKE_PROFIT,228.77755616547154,456.0994643608137,447.7913336959006,8.308130664913108,"[198356, 198365]","[113144.7, 113318.2]","[183.60410416502285, 79.7338344551431]",0.3921703306312249,1.22302,0.009999995367179389,1813.3324137839886,0.02789237594947386,2.789238887151727,109.77376185347558,0.0,54.886960046463216,68,False,False,2025-08-28T08:30:00+00:00,2025-08-29T01:29:59.999000+00:00
BTCUSDT,15,LONG,1756436399999,1756436400000,1756448999999,111392.274,110932.23247485356,112772.3985754393,110910.0460283586,STOP,252.51168343095767,-298.72323807024804,-210.61976699698312,-88.10347107326493,"[198416, 198437]","[111829.4, 111350.1]","[-71.74568810700163, -47.2909707003013]",0.6316179233924007,1.452588,0.009999998326298038,-829.6440378487898,-0.012415157607297386,-1.2415159685225097,129.16547297814134,0.0,64.58271105323652,14,False,False,2025-08-29T03:00:00+00:00,2025-08-29T06:29:59.999000+00:00
BTCUSDT,15,SHORT,1756531799999,1756531800000,1756541699999,108147.26622,108596.50485560697,106799.5503131791,108618.22415657809,STOP,212.53657040464185,-11.17947680198995,-62.29811393737166,51.11863713538171,"[198526, 198545]","[108513.0, 108615.3]","[114.52095669819107, 100.62018954732727]",0.053216476505373075,1.469051,0.009999999946675628,-819.2370518492521,-0.012413538942427577,-1.2413539008621994,127.37582416128096,0.0,63.68788695370685,11,False,False,2025-08-30T05:30:00+00:00,2025-08-30T08:14:59.999000+00:00
BTCUSDT,15,LONG,1756626299999,1756626300000,1756634399999,108748.04526,108423.79584420029,109720.79350739912,108402.11108503146,STOP,147.46943719980482,-77.49941283570661,-50.75255894963493,-26.746853886071676,"[198645, 198650]","[108514.2, 108455.0]","[-101.67295670163348, -69.34554371391593]",0.11709316188239415,2.010064,0.009999999660034009,-869.9441162193857,-0.013347571397333525,-1.3347571851105573,174.59428474540772,0.0,87.29711805059533,9,False,False,2025-08-31T07:45:00+00:00,2025-08-31T09:59:59.999000+00:00
BTCUSDT,15,LONG,1756641599999,1756641600000,1756683899999,108371.67,108074.12214166901,109264.31357499295,108052.50731724068,STOP,171.98523888732296,-141.46444093075115,-105.37633451190459,-36.088106418846564,"[198650, 198667]","[108455.0, 108251.3]","[-69.34554371391593, -42.61880525608312]",0.4435834823973309,2.161207,0.009999997753631161,-876.8716029131226,-0.01363586566610192,-1.3635868729220981,187.0949787949047,0.0,93.54746554828601,47,False,False,2025-08-31T12:00:00+00:00,2025-08-31T23:44:59.999000+00:00
BTCUSDT,15,LONG,1756750499999,1756750500000,1756759499999,109061.10786,108420.58582271542,110982.67397185374,108398.90170555087,STOP,301.54278485638866,11.41666175959108,23.64800234299797,-12.23134058340689,"[198783, 198788]","[108515.8, 108350.0]","[-69.23985551382012, -66.6901537271743]",0.01874366045956255,0.990276,0.009999994613028097,-741.9050331762769,-0.01169654923763145,-1.1696555538533053,86.13817137301419,0.0,43.069061178595064,10,False,False,2025-09-01T18:15:00+00:00,2025-09-01T20:44:59.999000+00:00
BTCUSDT,15,LONG,1756880099999,1756880100000,1756910699999,110676.53088,110201.79805719224,112100.72934842331,112078.30920255362,TAKE_PROFIT,214.13462853851155,-92.00065714494849,-27.202231245160924,-64.79842589978756,"[198918, 198929]","[110842.7, 110783.6]","[-61.71425497399065, -57.095326510643076]",0.01751448481287862,1.320479,0.009999997300478071,1733.3616021963298,0.02765083788386518,2.7650845348271513,117.65723539094813,0.0,58.82869408937533,34,False,False,2025-09-03T06:15:00+00:00,2025-09-03T14:44:59.999000+00:00
BTCUSDT,15,LONG,1756940399999,1756940400000,1756952999999,111922.27998,111455.8386888101,113321.60385356972,111433.54752107234,STOP,214.5742074599352,62.13770742622728,106.71892443566796,-44.58121700944068,"[198989, 198999]","[111724.1, 111700.0]","[-70.30138778648893, -44.03614626864385]",0.03740049292181749,1.381113,0.009999994141998626,-798.3866073419593,-0.012393294980749255,-1.239330224074741,123.39185479499541,0.0,61.695902865543715,14,False,False,2025-09-03T23:00:00+00:00,2025-09-04T02:29:59.999000+00:00
BTCUSDT,15,SHORT,1756992599999,1756992600000,1757026799999,110707.45408,111251.28002503852,109075.97624488444,111273.53028104352,STOP,252.8533500256813,-67.67502129885543,-86.49230311622752,18.81728181737209,"[199053, 199057]","[111009.5, 111081.6]","[70.78301917172516, 55.89748875905056]",0.06693713399979606,1.169904,0.009999992237037148,-766.1333885167984,-0.012041869138286553,-1.204187848635209,103.87857661116891,0.0,51.939263892962536,38,False,False,2025-09-04T13:30:00+00:00,2025-09-04T22:59:59.999000+00:00
BTCUSDT,15,SHORT,1757054699999,1757054700000,1757056499999,111586.57822,111911.10701085199,110612.99184744402,111933.48923225416,STOP,191.47134056799507,306.0454179054068,297.8825742162724,8.162843689134377,"[199115, 199126]","[111444.1, 111687.9]","[52.842696922588004, 23.530024605273695]",0.6407675039391252,1.936849,0.009999999293864059,-845.0840948233957,-0.01344469337464732,-1.344469432402551,173.16984764993242,0.0,86.58490041179233,2,False,False,2025-09-05T06:45:00+00:00,2025-09-05T07:14:59.999000+00:00
BTCUSDT,15,SHORT,1757204999999,1757205000000,1757207699999,110164.06278,110328.062250295,109672.064369115,110350.12786274505,STOP,83.9081668633315,-60.301626740183565,-92.75502987212852,32.45340313194495,"[199288, 199293]","[110192.6, 110225.9]","[36.63935826856601, 34.218190195632786]",0.0224416772884138,2.814495,0.007443418949973276,-771.9336798577682,-0.012448285115238352,-1.6723880785029634,248.2544347972211,0.0,124.1272014165288,3,False,True,2025-09-07T00:30:00+00:00,2025-09-07T01:14:59.999000+00:00
BTCUSDT,15,SHORT,1757220299999,1757220300000,1757222999999,110424.51068,110648.02940707789,109753.95449876634,110670.15901295931,STOP,96.48627138525913,93.17503432153899,88.19893317316077,4.97610114837822,"[199303, 199310]","[110545.0, 110700.0]","[59.79697699967367, 44.05780701951295]",0.39013444251485024,2.739784,0.009999998391183334,-915.3240276725965,-0.014946673661564183,-1.494667606621034,242.30065540402194,0.0,121.1503056270883,3,False,False,2025-09-07T04:45:00+00:00,2025-09-07T05:29:59.999000+00:00
BTCUSDT,15,LONG,1757668499999,1757668500000,1757679299999,115063.008,114734.61142354878,116048.19772935366,114711.66450126407,STOP,161.12571763414584,-29.563367014328833,23.752950064117734,-53.316317078446566,"[199790, 199808]","[114993.0, 114908.9]","[-92.64847653977552, -66.128390884575]",0.14992758062635445,1.836925,0.009999999847543028,-814.2231925292493,-0.01349750249435289,-1.349750270013173,168.8315361137538,0.0,84.41574561784047,12,False,False,2025-09-12T09:15:00+00:00,2025-09-12T12:14:59.999000+00:00
BTCUSDT,15,LONG,1757903399999,1757903400000,1757915999999,115352.0658,114995.74279530479,116421.03481408565,116397.75060712284,TAKE_PROFIT,201.03813646347845,-146.82148641016101,-140.2409112962061,-6.580575113954922,"[200064, 200069]","[114888.1, 114777.0]","[-98.7359904936101, -93.90084136101419]",0.02501395449520806,1.670107,0.009999998083227891,1591.5867199173979,0.026744966935537663,2.6744972061939314,154.81879625210027,0.0,77.40947107864963,14,False,False,2025-09-15T02:30:00+00:00,2025-09-15T05:59:59.999000+00:00
BTCUSDT,15,LONG,1758034799999,1758034800000,1758088799999,115254.14622,114611.57428841102,117181.86201476696,117158.425642364,TAKE_PROFIT,250.01714105932314,-124.81256137700984,-95.57569051157947,-29.236870865430376,"[200205, 200215]","[115151.0, 114600.0]","[-69.29333544620962, -29.528571086302172]",1.4509324323481105,0.950887,0.009999996246310684,1722.3553098052425,0.02818849726642739,2.8188507847517466,88.39923728819508,0.0,44.19969284226714,60,False,False,2025-09-16T15:00:00+00:00,2025-09-17T05:59:59.999000+00:00
BTCUSDT,15,LONG,1758123899999,1758123900000,1758133799999,115801.55568,115241.57456673209,117481.49901980373,115218.52625181874,STOP,232.28362217860663,-301.1816288113914,-259.4181602089747,-41.76346860241671,"[200275, 200314]","[116107.2, 115340.0]","[-75.05352658067552, -70.5478396897143]",0.19211924322758528,1.121889,0.009999993193916852,-757.765857632204,-0.01206178182160377,-1.2061790030958357,103.67155547936248,0.0,51.8357536493393,11,False,False,2025-09-17T15:45:00+00:00,2025-09-17T18:29:59.999000+00:00
BTCUSDT,15,LONG,1758201299999,1758201300000,1758237299999,117352.06572,116716.0781396738,119260.0284609786,116692.73492404586,STOP,190.6812402174681,70.49810603284277,78.7704216481571,-8.272315615314326,"[200395, 200400]","[117025.8, 116920.1]","[-37.73762856216385, -28.7164681759277]",0.13856199253472534,0.975898,0.00999999335344174,-734.8011462536195,-0.011839039614166873,-1.1839047483058758,91.36154114356923,0.0,45.68074666143028,40,False,False,2025-09-18T13:15:00+00:00,2025-09-18T23:14:59.999000+00:00
BTCUSDT,15,SHORT,1758333599999,1758333600000,1758354299999,115539.48748,115803.90961165953,114746.22108502142,115827.07039358186,STOP,111.73974110635088,-28.65570833730453,-68.00807473797114,39.35236640066661,"[200539, 200547]","[115596.5, 115670.0]","[70.83434913551372, 57.96814390227924]",0.1115387258504008,2.31944,0.009999997722671228,-881.6876526760256,-0.014375856051745243,-1.4375859325601048,214.6563395977203,0.0,107.32814741073352,23,False,False,2025-09-20T02:00:00+00:00,2025-09-20T07:44:59.999000+00:00
BTCUSDT,15,LONG,1758419099999,1758419100000,1758421799999,115523.20002,115407.33659647107,115870.79029058678,115384.25512915177,STOP,61.775602352619394,-75.75762098956329,-57.801817101255224,-17.95580388830807,"[200625, 200642]","[115625.7, 115483.1]","[-22.1762792695748, -16.532698317386355]",0.5503639207010034,2.616333,0.005014723580179984,-605.178421048703,-0.01001131340006385,-1.996383896339214,241.6523179410983,0.0,120.82614926255098,3,False,True,2025-09-21T01:45:00+00:00,2025-09-21T02:29:59.999000+00:00
BTCUSDT,15,LONG,1758512699999,1758512700000,1758520799999,114501.59574,113903.68337333712,116295.33283998867,113880.90263666245,STOP,244.21108444192578,-344.89173050480895,-322.67349690174876,-22.218233603060185,"[200739, 200746]","[114122.0, 114050.0]","[-85.40761996643567, -85.22132155135364]",0.0006033394484329887,1.000887,0.009999999447596657,-712.6776875813056,-0.01190886997920245,-1.1908870637052447,91.43402946108901,0.0,45.71699170947785,9,False,False,2025-09-22T03:45:00+00:00,2025-09-22T05:59:59.999000+00:00
BTCUSDT,15,LONG,1758644999999,1758645000000,1758649499999,112790.35356,112095.77657338794,114874.0845198362,112073.35741807325,STOP,263.34895107470913,-14.080070463940501,14.31476380195915,-28.394834265899654,"[200886, 200892]","[112667.7, 112390.6]","[-32.92971077214759, -28.514768427988642]",0.1455404562457984,0.851332,0.00999999398040846,-686.9752286165306,-0.011617735054944544,-1.1617742048350717,76.57346911775403,0.0,38.2867116742751,5,False,False,2025-09-23T16:30:00+00:00,2025-09-23T17:44:59.999000+00:00
BTCUSDT,15,SHORT,1758672899999,1758672900000,1758673799999,111966.70218,112315.69444073318,110919.72539780049,112338.15757962131,STOP,216.12962715544836,-115.79985724113067,-151.2925302687372,35.49267302760654,"[200920, 200924]","[112171.2, 112178.0]","[73.63653687332112, 66.82789342410237]",0.002921375321476546,1.674668,0.009999999186737536,-772.3189395266055,-0.013214542495884907,-1.3214543570574133,150.25446835357022,0.0,75.12721229929475,1,False,False,2025-09-24T00:15:00+00:00,2025-09-24T00:29:59.999000+00:00
BTCUSDT,15,SHORT,1758678299999,1758678300000,1758707099999,112292.13708,112769.34441956751,110860.51506129748,112791.89828845141,STOP,201.8296130450036,4.5605415697646094,-62.29146507495104,66.85200664471566,"[200924, 200929]","[112178.0, 112338.3]","[66.82789342410237, 51.04089484711949]",0.16623155145489427,1.208537,0.009999994748013483,-712.7888655190853,-0.012359292574458025,-1.235929906554523,108.80895394083286,0.0,54.40445498739817,32,False,False,2025-09-24T01:45:00+00:00,2025-09-24T09:44:59.999000+00:00
BTCUSDT,15,SHORT,1758716099999,1758716100000,1758725099999,112964.00268,113258.19210612582,112081.43440162255,113280.84374454703,STOP,176.5947374172104,228.94659975878312,197.8007455624648,31.14585419631831,"[200957, 200972]","[112695.4, 113121.8]","[56.39037287745957, 37.810706109950104]",0.7597983472959443,1.93615,0.009999995024810734,-788.6694108847076,-0.013846140081315838,-1.3846146970036015,175.2175837619547,0.0,87.6087708472551,10,False,False,2025-09-24T12:15:00+00:00,2025-09-24T14:44:59.999000+00:00
BTCUSDT,15,LONG,1758755699999,1758755700000,1758761099999,113318.35914,113006.76424872103,114253.14381383691,112984.16289587128,STOP,177.35716751931335,26.28386746706383,74.48357737319259,-48.19970990612876,"[201007, 201015]","[113230.7, 113220.2]","[-73.12844862602088, -58.317382413409234]",0.011375982939882071,1.802688,0.009999998659462746,-765.6326952734239,-0.013630428736005323,-1.3630430563215319,163.1811363375203,0.0,81.59054733431968,6,False,False,2025-09-24T23:15:00+00:00,2025-09-25T00:44:59.999000+00:00
BTCUSDT,15,SHORT,1758871799999,1758871800000,1758907799999,109202.05522,109931.086500134,107014.96137959798,109953.07271743403,STOP,261.8576667560039,-80.48114616387466,-94.02999709083853,13.54885092696388,"[201141, 201145]","[109538.4, 109584.5]","[21.40191266572289, 10.204290252494914]",0.0902392430183506,0.759984,0.009999999795778829,-637.3830380700671,-0.011504026704138588,-1.1504026939075174,66.62175630016115,0.0,33.31085665206357,40,False,False,2025-09-26T07:30:00+00:00,2025-09-26T17:29:59.999000+00:00
BTCUSDT,15,SHORT,1758948299999,1758948300000,1759075199999,109532.88904,109914.02880513523,108389.46974459433,109936.01161089625,STOP,146.5525367568148,40.53494845153182,22.119085268919257,18.41586318261256,"[201220, 201230]","[109607.0, 109700.0]","[5.986425678756923, 4.946348975477939]",0.1098763869434875,1.436948,0.009999995141234246,-705.4123311452252,-0.012880049198243787,-1.2880055456361024,126.14615914100163,0.0,63.07305892277629,141,False,False,2025-09-27T04:45:00+00:00,2025-09-28T15:59:59.999000+00:00
BTCUSDT,15,SHORT,1759095899999,1759095900000,1759097699999,110603.77482,110898.07504691478,109720.87413925565,110920.25466192416,STOP,157.51669794318798,322.2042946049769,292.24330215536645,29.960992449610444,"[201382, 201394]","[110325.7, 110888.0]","[57.256044711630125, 47.68487625450922]",0.561827284366233,1.836981,0.009999995544298633,-744.1416297783883,-0.01376449068584883,-1.3764496818897558,162.77417328069382,0.0,81.38706664113131,2,False,False,2025-09-28T21:45:00+00:00,2025-09-28T22:14:59.999000+00:00
BTCUSDT,15,LONG,1759127399999,1759127400000,1759153499999,111764.04834,111404.16676589788,112843.69306230635,112821.12432369389,TAKE_PROFIT,167.48882273474447,145.4508671502117,206.4223511235676,-60.9714839733559,"[201420, 201429]","[111517.3, 111508.7]","[-133.1386201223557, -87.91909707538127]",0.015842573107601593,1.48155,0.00999999618113392,1433.0172586177227,0.026876662070429363,2.6876672334270593,133.09366502395827,0.0,66.546897818292,29,False,False,2025-09-29T06:30:00+00:00,2025-09-29T13:44:59.999000+00:00
BTCUSDT,15,SHORT,1759270499999,1759270500000,1759307399999,114057.6839,114743.21903465966,112001.078496021,114766.1676784666,STOP,288.2126897731115,330.07894974708324,310.5005067127019,19.578443034381337,"[201583, 201588]","[114528.2, 114720.0]","[152.06806242505579, 119.3973565198796]",0.13922651068325537,0.798665,0.009999999927133102,-638.9426374973929,-0.011669909721924058,-1.1669909806959071,73.10144056836641,0.0,36.550699112563294,41,False,False,2025-09-30T22:15:00+00:00,2025-10-01T08:29:59.999000+00:00
BTCUSDT,15,SHORT,1759333499999,1759333500000,1759337099999,117408.5136,117958.60080837825,115758.25197486526,117982.19252853992,STOP,308.73387225216476,667.077621773642,642.6799617645838,24.3976600090582,"[201649, 201657]","[116850.0, 117400.0]","[35.08006930503211, 1.9050633250317333]",1.7653113766122945,0.983704,0.00999999059905854,-656.952168393024,-0.01214052195709584,-1.2140533370340192,92.6219116725877,0.0,46.310935115520984,4,False,False,2025-10-01T15:45:00+00:00,2025-10-01T16:44:59.999000+00:00
BTCUSDT,15,LONG,1759460399999,1759460400000,1759477499999,120142.0236,119598.93775765217,121771.2811270435,119575.01797010063,STOP,261.0414948985578,4.2026607709995005,58.44260644863309,-54.23994567763359,"[201787, 201799]","[120018.0, 119766.0]","[-100.4157236097509, -92.00684892470463]",0.0769119000270271,0.98429,0.009999999803779148,-652.4784061924618,-0.01220603414469981,-1.2206034384207658,94.38043473881375,0.0,47.19019693309589,19,False,False,2025-10-03T03:00:00+00:00,2025-10-03T07:44:59.999000+00:00
BTCUSDT,15,LONG,1759549499999,1759549500000,1759591799999,122077.31058,121678.79582404639,123272.85484786083,121654.46006488158,STOP,205.46945063573878,-48.89058068947634,-26.326244156815942,-22.564336532660395,"[201879, 201898]","[121944.7, 121636.4]","[-127.01597886311504, -91.09593643523411]",0.3759212180050213,1.324992,0.009999993813387327,-689.4506082279033,-0.013057054818837024,-1.3057062896736105,129.17705850012118,0.0,64.58850942265897,47,False,False,2025-10-04T03:45:00+00:00,2025-10-04T15:29:59.999000+00:00
BTCUSDT,15,SHORT,1759623299999,1759623300000,1759631399999,122180.35904,122574.80649530314,120997.01667409058,122599.32145660219,STOP,137.00433020209246,113.6282433114684,87.15741521081343,26.47082810065497,"[201974, 201978]","[122310.7, 122322.2]","[82.30192975407127, 59.18853259082256]",0.02060141612171602,1.321176,0.009999996682204469,-682.8819053807389,-0.013103750838379582,-1.3103755185937622,129.35881566391157,0.0,64.67938827820772,9,False,False,2025-10-05T00:15:00+00:00,2025-10-05T02:29:59.999000+00:00
BTCUSDT,15,SHORT,1759643999999,1759644000000,1759658399999,125077.9794,125857.72511574249,122738.74225277251,122763.29000122307,TAKE_PROFIT,431.6167438283318,950.1071794702148,762.9541237876026,187.15305568261215,"[201998, 202003]","[124153.3, 125877.3]","[204.17189308910997, 202.1464173416906]",0.03863464337470487,0.659581,0.009999992103522825,1461.3365914095207,0.028413764856668057,2.8413787293550334,65.38855692517124,0.0,32.69434083936519,16,False,False,2025-10-05T06:00:00+00:00,2025-10-05T09:59:59.999000+00:00
BTCUSDT,15,LONG,1759741199999,1759741200000,1759771799999,123824.76,123169.97955173631,125789.10134479108,125763.94352452212,TAKE_PROFIT,278.94696550912954,57.422217551691574,79.22932414289093,-21.807106591199357,"[202100, 202111]","[123223.9, 123217.9]","[-78.32239503736432, -58.41001375761725]",0.005346878686686075,0.807781,0.009999999514277356,1485.7904016133095,0.028091064091001552,2.809106545544821,80.6452050086968,0.0,40.322666774679334,34,False,False,2025-10-06T09:00:00+00:00,2025-10-06T17:29:59.999000+00:00
BTCUSDT,15,LONG,1759806899999,1759806900000,1759819499999,124457.98662,123781.60799233831,126487.12250298506,123756.85167073984,STOP,282.5946717744585,-173.48345943697495,-115.64058663703238,-57.84287279994257,"[202165, 202181]","[124463.0, 124387.6]","[-118.88785741639026, -39.05381183611247]",0.17927573695453544,0.803953,0.009999990655338308,-643.5007714178918,-0.011833906393189129,-1.1833917451584637,79.82122555534207,0.0,39.91059182691287,14,False,False,2025-10-07T03:15:00+00:00,2025-10-07T06:44:59.999000+00:00
BTCUSDT,15,SHORT,1759925699999,1759925700000,1759943699999,122894.31622,123474.0747784088,121155.04054477358,123498.76959336449,STOP,309.64985227253817,396.70544299672474,342.2400006744278,54.46544232229695,"[202307, 202316]","[122820.0, 123150.0]","[137.41816999231563, 126.05570148294578]",0.08397145486730784,0.926837,0.00999999173205137,-651.5762425994234,-0.012125910281923941,-1.212592030757256,91.34649139040052,0.0,45.673225112939214,20,False,False,2025-10-08T12:15:00+00:00,2025-10-08T17:14:59.999000+00:00
BTCUSDT,15,LONG,1760128199999,1760128200000,1760129999999,117037.4028,115783.8245222691,120798.13763319269,115760.66775736464,STOP,562.0503184872643,-1323.7211907646124,-1287.9469021903874,-35.77428857422501,"[202526, 202541]","[118424.4, 115845.0]","[-285.0891381268542, -223.6453360053481]",0.9999029507616942,0.423448,0.00999997833006905,-580.0620512864037,-0.01092752903211692,-1.0927552712048194,39.43115095254998,0.0,19.71555463966116,2,False,False,2025-10-10T20:30:00+00:00,2025-10-10T20:59:59.999000+00:00
BTCUSDT,15,SHORT,1760192999999,1760193000000,1760281199999,111967.40204,112827.06193559848,109388.42235320454,112849.6273479856,STOP,382.3079570656558,16.636836451027193,-17.007425839000234,33.64426229002743,"[202605, 202613]","[112307.6, 112466.2]","[212.29457752096994, 121.22490867688718]",0.1694126877260194,0.610736,0.009999990508378576,-593.7282970020158,-0.011308555883417245,-1.1308566617080564,54.92154130412031,0.0,27.460750198219934,98,False,False,2025-10-11T14:30:00+00:00,2025-10-12T14:59:59.999000+00:00
BTCUSDT,15,LONG,1760371199999,1760371200000,1760411699999,114283.65216,113289.74327383257,117265.37881850226,113267.08532517782,STOP,558.1711507782805,-172.08851225981198,-145.87388314045342,-26.214629119358563,"[202805, 202811]","[114160.5, 113721.2]","[-36.06557276631344, -12.2085927711327]",0.5018697786924535,0.522269,0.009999987260495035,-578.4584227020074,-0.0111437349461278,-1.1143749142712553,47.53707844625853,0.0,23.768518937016253,45,False,False,2025-10-13T16:00:00+00:00,2025-10-14T03:14:59.999000+00:00
BTCUSDT,15,LONG,1760428799999,1760428800000,1760437799999,111687.53304,110767.54692374081,114447.49138877756,110745.39341435606,STOP,429.96871750612513,-903.2611729513446,-818.6495136862056,-84.611659265139,"[202860, 202875]","[113210.6, 111302.0]","[-209.88510629407233, -131.37999794409734]",1.6819510410770422,0.557947,0.009999992528260398,-575.3062913157286,-0.011207908549725892,-1.1207916923989567,49.64231360657144,0.0,24.82113676957208,10,False,False,2025-10-14T08:00:00+00:00,2025-10-14T10:29:59.999000+00:00
BTCUSDT,15,SHORT,1760471099999,1760471100000,1760688899999,112041.48722,114294.37900344092,105282.81186967724,105303.86843205118,TAKE_PROFIT,622.3860022939459,360.1824084683467,345.20126399268645,14.981144475660244,"[202913, 202921]","[113233.2, 113391.4]","[278.3592731407557, 169.4825784499601]",0.10301343199155873,0.225288,0.009999973793466125,1498.3185413057583,0.02952056226332119,2.9520639626685434,19.586120193655724,0.0,9.793121204739169,242,False,False,2025-10-14T19:45:00+00:00,2025-10-17T08:14:59.999000+00:00
BTCUSDT,15,SHORT,1760740199999,1760740200000,1760867999999,107049.18588,107720.63198965669,105034.84755102993,107742.17611605462,STOP,367.0879931044597,346.55869033512136,316.05715522983985,30.501535105281505,"[203210, 203221]","[107058.8, 107370.0]","[102.78224466606869, 84.83206454889915]",0.13128218954271034,0.778221,0.009999989728275715,-606.1616139022358,-0.01160042436137917,-1.1600436277027473,66.86205940957265,0.0,33.43100947004452,142,False,False,2025-10-17T22:30:00+00:00,2025-10-19T09:59:59.999000+00:00
BTCUSDT,15,SHORT,1760891399999,1760891400000,1760892299999,108270.54156,108746.64600016938,106842.22823949189,108768.3953293694,STOP,286.16400011291546,404.43441411815,384.2087353462242,20.2256787719258,"[203372, 203389]","[108200.0, 108575.6]","[185.043459424503, 78.81263623184395]",0.6535379716274706,1.084788,0.009999999998950968,-634.2422884748385,-0.012280274971933179,-1.228027497322142,94.17649370813811,0.0,47.088227134966345,1,False,False,2025-10-19T16:30:00+00:00,2025-10-19T16:44:59.999000+00:00
BTCUSDT,15,SHORT,1760898599999,1760898600000,1760932799999,109128.17,109783.65091476958,107161.72725569128,109805.60764495253,STOP,313.767276513048,551.3177022909804,498.00136995635694,53.31633233462344,"[203389, 203397]","[108575.6, 109399.9]","[78.81263623184395, 66.00937416081763]",0.38304210152417284,0.778252,0.009999987694691848,-595.371462187489,-0.011670976185624527,-1.1670990547138038,68.15426012789584,0.0,34.07711033834425,38,False,False,2025-10-19T18:30:00+00:00,2025-10-20T03:59:59.999000+00:00
BTCUSDT,15,SHORT,1760948999999,1760949000000,1761011999999,111190.45746,111676.0321271621,109733.73345851367,109755.68020520537,TAKE_PROFIT,308.8880847747415,798.7296866307006,795.4147466681318,3.3149399625688147,"[203440, 203453]","[110490.4, 111350.0]","[249.60107199416308, 119.60050196331565]",1.3312464639165187,1.038308,0.009999996340996757,1397.9766449485533,0.02772793553975275,2.772794568541707,91.76405692275362,0.0,45.88208988628848,70,False,False,2025-10-20T08:30:00+00:00,2025-10-21T01:59:59.999000+00:00
BTCUSDT,15,LONG,1761097499999,1761097500000,1761131699999,108228.74142,107163.95180465732,111423.11026602806,107142.51901429638,STOP,544.3654635617899,-942.8100175710715,-810.0357251160716,-132.7742924549999,"[203610, 203618]","[108005.0, 107777.1]","[-363.50262123985937, -308.1151849016619]",0.05582529718752468,0.486627,0.009999987720028025,-570.5073387608778,-0.011010339069017267,-1.101035258969939,41.92218814054414,0.0,20.961073765308996,38,False,False,2025-10-22T01:45:00+00:00,2025-10-22T11:14:59.999000+00:00
BTCUSDT,15,SHORT,1761149699999,1761149700000,1761200999999,108366.22242,109538.91664644115,104848.13974067653,109560.82442977044,STOP,613.0110976274366,59.83355711662443,1.0471405132733604,58.78641660335107,"[203671, 203676]","[109000.0, 109160.0]","[116.74069285626257, 91.01014937046641]",0.05671738421195016,0.436985,0.00999997750983731,-560.1154994665959,-0.010930129243257813,-1.093015382535159,38.09234022705878,0.0,19.046149994449017,57,False,False,2025-10-22T16:15:00+00:00,2025-10-23T06:29:59.999000+00:00
BTCUSDT,15,SHORT,1761344999999,1761345000000,1761366599999,110990.2975,111414.88533876819,109716.53398369545,111437.16831583594,STOP,267.5902258454559,117.17700798971055,55.19494632822735,61.98206166148319,"[203885, 203893]","[110907.1, 111068.8]","[97.34448584664219, 54.53114384168165]",0.22900796873833315,1.193745,0.00999999655781849,-639.6584721222013,-0.012620277096734179,-1.262028144086412,106.20867007213003,0.0,53.10431582224557,24,False,False,2025-10-24T22:30:00+00:00,2025-10-25T04:29:59.999000+00:00
BTCUSDT,15,SHORT,1761489899999,1761489900000,1761516899999,113790.03744,114311.32458748005,112226.17599755987,114334.18685239754,STOP,308.8830583200281,631.4563546590216,596.7931898280932,34.663164830928395,"[204048, 204054]","[113800.0, 114000.0]","[166.25725884513616, 95.82516323684933]",0.26644109702288793,0.960033,0.009999993300486594,-610.0041062002871,-0.012189033999775403,-1.2189042165840542,87.60271336804131,0.0,43.801337540018444,30,False,False,2025-10-26T14:45:00+00:00,2025-10-26T22:14:59.999000+00:00
BTCUSDT,15,LONG,1761611399999,1761611400000,1761620399999,114212.93802,113619.69055377583,115992.68041867252,113596.96661566508,STOP,257.67296414944764,-338.59038517426234,-327.4919320638679,-11.098453110394416,"[204181, 204189]","[114067.5, 113792.4]","[-137.77458200782266, -69.68614571369324]",0.5011673007744676,0.8333,0.009999999096407227,-589.2225686454542,-0.011919061480312753,-1.1919062557310633,75.93359741315989,0.0,37.96677969369228,10,False,False,2025-10-28T00:30:00+00:00,2025-10-28T02:59:59.999000+00:00
BTCUSDT,15,LONG,1761767999999,1761768000000,1761798599999,110628.02118,109336.29255758353,114503.20704724942,109314.42529907201,STOP,666.0049616109844,-649.3552124200796,-608.9197059688335,-40.43550645124617,"[204357, 204362]","[110941.6, 109026.4]","[-149.90003009974083, -112.52103793419462]",0.8012046536369608,0.378145,0.00999999564624622,-529.9977689630475,-0.010850361484499308,-1.0850366208481597,33.26805456953147,0.0,16.634008080937484,34,False,False,2025-10-29T20:00:00+00:00,2025-10-30T04:29:59.999000+00:00
BTCUSDT,15,SHORT,1761889499999,1761889500000,1761912899999,109830.12958,110622.54061224595,107452.89648326211,110644.66512036842,STOP,423.02707483064046,550.796172678849,503.0059360936178,47.790236585231185,"[204484, 204498]","[110014.4, 110200.0]","[287.4098425851039, 64.72364161340431]",0.2973251590572198,0.609735,0.0099999955677002,-550.423307285184,-0.011392131373725863,-1.139213642306226,53.772479578651655,0.0,26.886220998741557,26,False,False,2025-10-31T05:45:00+00:00,2025-10-31T12:14:59.999000+00:00
BTCUSDT,15,LONG,1761921899999,1761921900000,1761929999999,110022.0,108870.63378739267,113476.098637822,108848.8596606352,STOP,446.91080840488746,143.52818166768702,165.64389521029187,-22.11571354260485,"[204526, 204534]","[109408.6, 109308.1]","[-82.0117286321726, -51.36482206330635]",0.0934508898587091,0.41486,0.009999980428145585,-523.0093071244094,-0.010949480730137412,-1.0949502160343632,36.320305935524445,0.0,18.160134226607546,9,False,False,2025-10-31T14:45:00+00:00,2025-10-31T16:59:59.999000+00:00
BTCUSDT,15,LONG,1762008299999,1762008300000,1762070399999,109906.17684,109587.43976608825,110862.38806173523,110840.21558412287,TAKE_PROFIT,154.04015594116024,-49.46259039496363,-16.207773261806352,-33.254817133157275,"[204616, 204630]","[109803.0, 109654.5]","[-39.71720121983965, -38.216021452648064]",0.03858429871644978,1.482182,0.009999994177526257,1253.540882075141,0.026534086052299347,2.6534101501710277,130.87453176638851,0.0,65.43732387730377,69,False,False,2025-11-01T14:45:00+00:00,2025-11-02T07:59:59.999000+00:00
BTCUSDT,15,SHORT,1762073999999,1762074000000,1762084799999,110783.53886,111100.62154302423,109832.29081092733,111122.84166733283,STOP,188.61436201615112,217.83227466403332,178.73020040467577,39.10207425935755,"[204691, 204703]","[110799.7, 110988.0]","[72.68044619254917, 47.584022616164276]",0.3213608540674957,1.529449,0.00999999494587561,-654.7041360888513,-0.013500111047108207,-1.3500117870235706,135.75779671645947,0.0,67.87888031553138,12,False,False,2025-11-02T09:00:00+00:00,2025-11-02T11:59:59.999000+00:00
BTCUSDT,15,SHORT,1762182899999,1762182900000,1762244099999,107570.68156,108722.86880973646,104114.1198107906,104134.94263475275,TAKE_PROFIT,403.91253982431374,-61.82467609268497,-100.16107288427006,38.33639679158509,"[204816, 204824]","[108216.9, 108280.0]","[148.20885135188485, 78.32553678176762]",0.08313964139722303,0.415223,0.009999992688014497,1391.4358059999333,0.02908428492025082,2.9084306186653337,35.16201775800713,0.0,17.58106664615918,68,False,False,2025-11-03T15:15:00+00:00,2025-11-04T08:14:59.999000+00:00
BTCUSDT,15,SHORT,1762323299999,1762323300000,1762345799999,101596.1767,102573.84065361106,98663.18483916683,102594.35542174178,STOP,532.4271024073703,203.1158578737668,168.78955810374376,34.32629977002304,"[204975, 204980]","[102222.0, 102326.4]","[279.00716447423576, 163.76796089626586]",0.0732134018857699,0.503577,0.009999994444652128,-543.7901083962673,-0.01104525057618205,-1.1045256712206386,41.130262237708145,0.0,20.565111835064698,25,False,False,2025-11-05T06:15:00+00:00,2025-11-05T12:29:59.999000+00:00
BTCUSDT,15,LONG,1762397099999,1762397100000,1762440299999,103304.25672,102254.6298770269,106453.13724891926,102234.17895105151,STOP,387.44674864872536,-125.8440538685245,-38.187478122626814,-87.65657574589768,"[205048, 205061]","[103240.5, 102684.7]","[-160.54844417181778, -126.6804989847122]",0.3293674619116491,0.46387,0.009999978444070405,-534.5142203440299,-0.01097809823611258,-1.0978121900474855,38.137245661892266,0.0,19.068603738611294,48,False,False,2025-11-06T02:45:00+00:00,2025-11-06T14:44:59.999000+00:00
BTCUSDT,15,SHORT,1762496099999,1762496100000,1762514099999,102248.14628,102983.91773257508,100040.83192227478,100060.84008865923,TAKE_PROFIT,355.9451550500492,269.17055315601465,198.68863174309064,70.48192141292401,"[205164, 205172]","[102311.0, 102480.4]","[133.8399384504683, 77.24439961253071]",0.1736625968826216,0.654478,0.009999998292005492,1378.5810691840873,0.028628213688535156,2.8628218578219164,52.96271231223494,0.0,26.48141447712531,20,False,False,2025-11-07T06:15:00+00:00,2025-11-07T11:14:59.999000+00:00
BTCUSDT,15,SHORT,1762541099999,1762541100000,1762548299999,102546.4866,103647.37142608906,99243.83212173285,103668.10090037427,STOP,576.6476173927018,532.5130616235838,288.6979498430634,243.8151117805204,"[205213, 205217]","[101230.0, 101620.1]","[177.31270522100812, 162.51457279072616]",0.054947788351846945,0.44994,0.009999999938877232,-541.7728149103666,-0.01093756675975135,-1.0937566826604785,37.11367659996736,0.0,18.556818855890903,8,False,False,2025-11-07T18:45:00+00:00,2025-11-07T20:44:59.999000+00:00
BTCUSDT,15,SHORT,1762553699999,1762553700000,1762717499999,103625.7707,104746.13353904465,100264.68218286606,104767.08276575245,STOP,450.2890260297642,807.0690206788422,773.939561986684,33.12945869215821,"[205225, 205235]","[102818.0, 103849.9]","[262.2289003181852, 149.72245117111947]",0.8924173114455544,0.437281,0.009999979365604622,-535.5245755668425,-0.01093098269085923,-1.0931005246327643,36.45049414254308,0.0,18.225227837317398,182,False,False,2025-11-07T22:15:00+00:00,2025-11-09T19:44:59.999000+00:00
BTCUSDT,15,LONG,1762780499999,1762780500000,1762786799999,106226.241,105474.22922620433,108482.27632138699,105453.1343803591,STOP,263.18051586377527,57.86641405639239,103.54459848321576,-45.67818442682338,"[205484, 205488]","[105900.8, 105804.3]","[-77.815026719375, -58.746818068094456]",0.09300428982610177,0.64435,0.009999992543157846,-552.7094925761501,-0.011406440165580872,-1.1406448671189602,54.558242210533756,0.0,27.279102270380953,7,False,False,2025-11-10T13:15:00+00:00,2025-11-10T14:59:59.999000+00:00
BTCUSDT,15,LONG,1762886699999,1762886700000,1762897499999,103142.72442,102504.59197559759,105057.12175320723,102484.09105720247,STOP,390.27201626827446,-573.3586846071266,-565.1800190832107,-8.178665523915924,"[205599, 205606]","[103135.2, 102777.0]","[-118.4645855829977, -62.78262871959214]",0.43000999487908037,0.750678,0.009999998627472466,-556.1653861536433,-0.011610191486092554,-1.161019307962352,61.74381063551816,0.0,30.87188677577153,12,False,False,2025-11-11T18:45:00+00:00,2025-11-11T21:44:59.999000+00:00
BTCUSDT,15,SHORT,1762929899999,1762929900000,1762936199999,103363.3232,103834.92958165014,101948.50405504958,103855.69656756647,STOP,223.28638776676218,67.82168183934118,28.209895942894704,39.61178589644648,"[205641, 205649]","[103360.2, 103426.1]","[91.34044397916594, 50.8835374706877]",0.11157325659333532,1.003952,0.009999995165154542,-577.5344068485712,-0.01219789892008841,-1.219790481758688,83.21517973347515,0.0,41.60757175827136,7,False,False,2025-11-12T06:45:00+00:00,2025-11-12T08:29:59.999000+00:00
BTCUSDT,15,SHORT,1762949699999,1762949700000,1762959599999,105082.67926,105583.77904627,103579.37990118998,103600.09577717022,TAKE_PROFIT,297.25269751333724,531.5100927625608,475.8774990149032,55.63259374765761,"[205669, 205676]","[105044.2, 105162.6]","[170.1608633208803, 117.0394991698854]",0.1249869022197675,0.933337,0.009999998210379384,1305.841478031951,0.027920788648537902,2.7920793645300694,77.90854208194693,0.0,38.95432794914739,11,False,False,2025-11-12T12:15:00+00:00,2025-11-12T14:59:59.999000+00:00
BTCUSDT,15,SHORT,1762993799999,1762993800000,1762996499999,101413.7132,102287.69891302205,98791.75606093387,102308.15645280464,STOP,329.5326086813633,-303.9241903650254,-373.8929576388906,69.96876727386518,"[205719, 205725]","[101880.1, 101964.5]","[158.1259290837355, 136.167341244439]",0.03454523381100406,0.55007,0.009999996910353179,-536.8309156062207,-0.01116644911462797,-1.1166452564667437,44.8245155359673,0.0,22.412238984217208,3,False,False,2025-11-13T00:30:00+00:00,2025-11-13T01:14:59.999000+00:00
BTCUSDT,15,SHORT,1763000099999,1763000100000,1763013599999,102117.67238,102765.78165112037,100173.3445666389,102786.33480745059,STOP,395.2544340802455,-55.827147350486484,-174.36441959863956,118.53727224815307,"[205725, 205732]","[101964.5, 102581.7]","[136.167341244439, 126.36502485928992]",0.11954388939180834,0.733495,0.00999999472593166,-550.5789731236558,-0.0115817450527092,-1.1581751161003915,60.11842590078363,0.0,30.059194534337706,15,False,False,2025-11-13T02:15:00+00:00,2025-11-13T05:59:59.999000+00:00
BTCUSDT,15,LONG,1763212499999,1763212500000,1763240399999,95859.06798,95306.26047293679,97517.49050118965,95287.1992208422,STOP,247.6263513754773,-57.556314933797694,-37.49219907955031,-20.064115854247383,"[205960, 205968]","[95650.9, 95534.1]","[-67.52169065298014, -46.90709766803229]",0.13922824443843604,0.849987,0.009999996247878718,-551.0697478779607,-0.011727898309885795,-1.1727902710337128,64.9887368876969,0.0,32.494350300382024,31,False,False,2025-11-15T13:15:00+00:00,2025-11-15T20:59:59.999000+00:00
BTCUSDT,15,SHORT,1763274599999,1763274600000,1763287199999,95924.71122,96300.28877883787,94797.9785434864,96319.54883659363,STOP,230.45918589191075,102.72318251720571,67.47067131117355,35.25251120603217,"[206028, 206037]","[95946.4, 96170.6]","[79.03337678974967, 56.2033186978379]",0.24880869525386728,1.236412,0.0099999984354251,-583.2592112338051,-0.012560261807692064,-1.2560263772839408,95.07724402603722,0.0,47.538604387284096,14,False,False,2025-11-16T06:30:00+00:00,2025-11-16T09:59:59.999000+00:00
BTCUSDT,15,SHORT,1763288999999,1763289000000,1763308799999,96420.81198,96928.36876555815,94898.14162332556,94917.12125165023,TAKE_PROFIT,231.7125103720981,212.2203324600414,148.74252180624987,63.47781065379152,"[206037, 206048]","[96170.6, 96222.0]","[56.2033186978379, 9.785668292913556]",0.194659778954798,0.903418,0.009999996835056204,1289.3180172385898,0.02811813661009375,2.811814550932877,69.14325318570839,0.0,34.57168231417231,22,False,False,2025-11-16T10:30:00+00:00,2025-11-16T15:59:59.999000+00:00
BTCUSDT,15,LONG,1763320499999,1763320500000,1763331299999,94466.08944,93209.63194570185,98235.46192289442,93190.99001931273,STOP,500.97870286542695,-435.6948365021526,-435.08976763296585,-0.6050688691867663,"[206082, 206087]","[94000.0, 93677.4]","[-156.11884751779286, -96.07511471422367]",0.3080487420116163,0.375205,0.009999997300894847,-506.5876279383838,-0.010745782441309084,-1.0745785341709544,28.16394979941257,0.0,14.081956326037414,12,False,False,2025-11-16T19:15:00+00:00,2025-11-16T22:14:59.999000+00:00
BTCUSDT,15,LONG,1763405099999,1763405100000,1763410499999,92671.13052,91488.5477107104,96218.87894786883,91470.25000116824,STOP,585.5015261930728,-753.6905856880476,-606.0973324593049,-147.5932532287427,"[206167, 206177]","[93511.8, 93016.0]","[-241.80173867313232, -158.53494148520127]",0.27490187951097694,0.39436,0.009999999390153355,-502.62643933542057,-0.01077757078236772,-1.0777571439634297,29.047197928931165,0.0,14.52358060223915,6,False,False,2025-11-17T18:45:00+00:00,2025-11-17T20:14:59.999000+00:00
BTCUSDT,15,LONG,1763445599999,1763445600000,1763483399999,90203.83716,89147.86087411318,93371.76601766047,93353.09166445694,TAKE_PROFIT,554.6927505912162,-741.9771974194155,-731.207050328778,-10.770147090637465,"[206222, 206227]","[89666.1, 89012.0]","[-123.55759424740165, -108.45150132595461]",0.1324747447077831,0.436882,0.00999999807107863,1343.7755191446827,0.029127842932952556,2.9127848551485505,32.07708727147456,0.0,16.038599311385507,42,False,False,2025-11-18T06:00:00+00:00,2025-11-18T16:29:59.999000+00:00
BTCUSDT,15,SHORT,1763555399999,1763555400000,1763565299999,91294.7374,91864.42370946103,89585.67847161693,91882.79659420291,STOP,293.0824729740151,-102.45579289972375,-125.78280916589567,23.327016266171924,"[206344, 206349]","[91650.0, 91784.6]","[71.6116013999029, 54.21999092284594]",0.10462015538315615,0.833397,0.009999999691123723,-551.1506111903933,-0.011608672639497972,-1.1608672998062342,61.06384291926669,0.0,30.531903077438738,11,False,False,2025-11-19T12:30:00+00:00,2025-11-19T15:14:59.999000+00:00
BTCUSDT,15,LONG,1763636399999,1763636400000,1763648099999,91788.45402,91230.11840961796,93463.4608511461,91211.87238593605,STOP,311.9210602546888,-40.01224700034072,42.34420801868512,-82.35645501902584,"[206427, 206439]","[91640.2, 91388.5]","[-157.61806074938767, -110.26051913065834]",0.24018919569763877,0.840468,0.00999999667538323,-546.1207801519633,-0.01163783101984472,-1.1637834888978822,61.522367333497705,0.0,30.76116551325896,13,False,False,2025-11-20T11:00:00+00:00,2025-11-20T14:14:59.999000+00:00
BTCUSDT,15,LONG,1763669699999,1763669700000,1763710199999,86317.15998,85284.56122532996,89414.9562440101,85267.5043130849,STOP,674.1591831133567,-1504.7361010748573,-1481.208996689605,-23.527104385252187,"[206470, 206476]","[86281.9, 86066.6]","[-465.70443219491324, -207.05771818200992]",0.17355683042484002,0.44916,0.009999997728567273,-502.2909264771396,-0.010829853063087782,-1.0829855523016607,30.827587125552807,0.0,15.41377532079384,45,False,False,2025-11-20T20:15:00+00:00,2025-11-21T07:29:59.999000+00:00
BTCUSDT,15,SHORT,1763749799999,1763749800000,1763770499999,84004.49574,85498.48540611986,79522.52674164041,85515.58510320108,STOP,896.0569374132426,167.10849300742848,71.05544312138473,96.05304988604375,"[206555, 206565]","[85449.2, 85548.4]","[395.47450462284746, 256.6624689003309]",0.038555794772831865,0.307083,0.009999990756092961,-484.85254891410875,-0.010568318990592119,-1.056832875985698,20.822693994229088,0.0,10.4113288523735,23,False,False,2025-11-21T18:30:00+00:00,2025-11-22T00:14:59.999000+00:00
BTCUSDT,15,SHORT,1763834399999,1763834400000,1763852399999,84498.29696,85041.63716577394,82868.2763426782,85058.64549320709,STOP,295.29144384928753,151.74301426904276,118.17847727731778,33.56453699172498,"[206649, 206659]","[84712.7, 84888.0]","[85.12986132968747, 81.83336310554216]",0.021156815302555948,0.835444,0.00999999091556045,-524.8019520690117,-0.011561278419202863,-1.1561288921985897,56.66213209235086,0.0,28.331048453824568,20,False,False,2025-11-22T18:00:00+00:00,2025-11-22T22:59:59.999000+00:00
BTCUSDT,15,SHORT,1763875799999,1763875800000,1763906399999,86180.7604,86861.67689568586,84138.01091294244,86879.04923106499,STOP,302.05126379056986,535.0471105438191,518.9539909090445,16.093119634774666,"[206698, 206705]","[86300.0, 86826.8]","[131.6143614204251, 75.37959887374285]",0.6766012049059335,0.658939,0.009999993916150876,-505.7440872125285,-0.011271753479861863,-1.1271760337430787,45.614343159393734,0.0,22.80715408679327,34,False,False,2025-11-23T05:30:00+00:00,2025-11-23T13:59:59.999000+00:00
BTCUSDT,15,SHORT,1764003599999,1764003600000,1764008099999,87105.87534,88423.89608017696,83151.81311946912,88441.580859393,STOP,496.7973867846382,159.73151160753332,-24.67183626393762,184.40334787147094,"[206838, 206844]","[86544.2, 86700.0]","[79.97507537356785, 46.129137754211285]",0.14240788377152166,0.336584,0.009999987060279747,-473.2116925383377,-0.010666923818338517,-1.0666937621057395,23.634585998966596,0.0,11.817275489090056,5,False,False,2025-11-24T17:00:00+00:00,2025-11-24T18:14:59.999000+00:00
BTCUSDT,15,LONG,1764042299999,1764042300000,1764061199999,87648.62622,87107.35992178938,89272.42511463184,87089.93844980503,STOP,290.5600521404095,-103.82025927449286,-24.783892656360397,-79.03636661813246,"[206881, 206890]","[87825.0, 87378.8]","[-194.1383541486207, -148.46156781822575]",0.35835456702135715,0.810863,0.009999992354424548,-509.69485610914654,-0.011613187770103478,-1.1613196649060602,56.675614705540845,0.0,28.337790365512383,21,False,False,2025-11-25T03:45:00+00:00,2025-11-25T08:59:59.999000+00:00
BTCUSDT,15,LONG,1764086399999,1764086400000,1764098999999,86963.98932,86223.3457116676,89185.92014499719,86206.10104252528,STOP,404.50285888826306,-235.3030872104864,-214.06114389434507,-21.241943316141345,"[206917, 206939]","[86628.4, 86061.1]","[-141.6203948214875, -68.91632902515431]",0.7795173841720625,0.585701,0.009999988489524856,-484.4662800433943,-0.011168061834569957,-1.1168074689554568,40.570358038168564,0.0,20.285162074653886,14,False,False,2025-11-25T16:00:00+00:00,2025-11-25T19:29:59.999000+00:00
BTCUSDT,15,LONG,1764163799999,1764163800000,1764178199999,86686.53384,86189.93589724277,88176.32766827167,88158.69240273802,TAKE_PROFIT,230.77606850481476,-273.2681251556205,-238.24558897679822,-35.02253617882229,"[207018, 207025]","[86630.0, 86260.9]","[-105.40774228800511, -64.11834873022491]",0.5874889372389761,0.86378,0.00999999609352925,1211.2099995122592,0.02823652302468581,2.823653405520525,60.41112380958089,0.0,30.20561397785994,16,False,False,2025-11-26T13:30:00+00:00,2025-11-26T17:29:59.999000+00:00
BTCUSDT,15,LONG,1764403199999,1764403200000,1764440099999,90541.50468,90118.24985496861,91811.26915509417,90100.22620499761,STOP,173.56676335426073,-142.08154106404982,-123.6147884428362,-18.466752621213615,"[207281, 207290]","[90505.3, 90265.2]","[-11.11179596612007, -6.7985438178295965]",0.5161915375997247,1.042075,0.009999991684555223,-535.1421595229037,-0.01213299199343952,-1.21330020825704,75.29689268479356,0.0,37.64842945452328,41,False,False,2025-11-29T08:00:00+00:00,2025-11-29T18:14:59.999000+00:00
BTCUSDT,15,SHORT,1764703799999,1764703800000,1764728099999,91947.80676,92804.87337407688,89376.60691776936,92823.4343487517,STOP,491.7822493845875,1387.13396625506,1356.7009443732372,30.433021881822697,"[207616, 207625]","[91309.4, 92253.7]","[371.7039689828001, 140.97004580362955]",1.041499027902574,0.508376,0.009999997246681696,-482.72135684719365,-0.011078903414997718,-1.1078906465373313,37.573305787961104,0.0,18.786635839523942,27,False,False,2025-12-02T19:30:00+00:00,2025-12-03T02:14:59.999000+00:00
BTCUSDT,15,LONG,1764765899999,1764765900000,1764771299999,92825.46138,92224.94005902899,94627.02534291302,92206.49507101718,STOP,275.30662731400486,60.806006215687376,126.09005224520577,-65.2840460295184,"[207683, 207693]","[92636.6, 92602.8]","[-155.21939291471165, -74.68432866318545]",0.05884239469160959,0.717518,0.00999999660664812,-497.2249718202585,-0.011539621195972261,-1.1539625111773117,53.10550373152838,0.0,26.552735163094873,6,False,False,2025-12-03T12:45:00+00:00,2025-12-03T14:14:59.999000+00:00
BTCUSDT,15,SHORT,1764806399999,1764806400000,1764876599999,93358.12464,94172.91576445718,90913.75126662843,90931.93401688176,TAKE_PROFIT,381.2771763047927,268.5822059087659,250.8971599095455,17.685045999220392,"[207720, 207739]","[93471.1, 94185.0]","[97.78298386851199, 81.52199953259765]",0.28730792596983845,0.522726,0.009999994168906531,1229.699637579515,0.028872101785261475,2.887211862086371,38.53328208059087,0.0,19.266692540279923,78,False,False,2025-12-04T00:00:00+00:00,2025-12-04T19:29:59.999000+00:00
BTCUSDT,15,LONG,1764877499999,1764877500000,1764942299999,91914.47922,90495.90539608059,96170.20069175822,90477.80621500137,STOP,500.06306927960446,-384.4571463788161,-303.3294956575753,-81.1276507212408,"[207803, 207814]","[91762.0, 91700.0]","[-86.16089438645832, -61.35375011557977]",0.041434736653892495,0.308908,0.00999997838356597,-466.3367590717767,-0.010641861780024174,-1.0641884783984212,22.536974443662164,0.0,11.268469920578493,72,False,False,2025-12-04T19:45:00+00:00,2025-12-05T13:44:59.999000+00:00
BTCUSDT,15,SHORT,1764994499999,1764994500000,1765031399999,89514.39354,90002.12269711301,88051.20606866099,90020.12312165243,STOP,221.41513140866834,4.823110445344355,-66.48214903325963,71.30525947860399,"[207941, 207948]","[89468.3, 89758.0]","[78.29299595187649, 71.40844623561756]",0.10858055326925688,0.888908,0.009999999241816097,-513.3829382221644,-0.011841476690614673,-1.1841477588416442,63.835867254670454,0.0,31.917916922169066,41,False,False,2025-12-06T04:15:00+00:00,2025-12-06T14:29:59.999000+00:00
BTCUSDT,15,LONG,1765067399999,1765067400000,1765114199999,89335.56354,88849.42539262898,90793.97798211307,88831.65550755044,STOP,188.04973824734896,-141.4249651076534,-130.27782772997324,-11.147137377680167,"[208014, 208029]","[89203.0, 88870.1]","[-47.57626227873239, -46.35917108317017]",0.04574679751697953,0.881256,0.009999990806059008,-506.8763493599472,-0.011831500867944959,-1.1831511745767045,62.80437231558725,0.0,31.40216965100133,52,False,False,2025-12-07T00:30:00+00:00,2025-12-07T13:29:59.999000+00:00
BTCUSDT,15,SHORT,1765173599999,1765173600000,1765179899999,91272.34188,91829.64397472425,89600.43559582724,91848.0099035192,STOP,297.6959831495045,280.3712086804153,276.6341377335918,3.7370709468235077,"[208139, 208146]","[91415.6, 91444.1]","[107.9234264895448, 22.737370586076338]",0.06496615698360671,0.75963,0.009999990566282176,-492.936185836017,-0.011643874268667207,-1.1643885253179993,55.64148513012588,0.0,27.820726186103958,7,False,False,2025-12-08T06:00:00+00:00,2025-12-08T07:44:59.999000+00:00
BTCUSDT,15,SHORT,1765187099999,1765187100000,1765206899999,91930.91014,92402.14268105464,90517.21251683608,90535.31595933945,TAKE_PROFIT,249.7617873697591,354.7697024964873,326.6910274380244,28.07867505846292,"[208146, 208158]","[91444.1, 91868.0]","[22.737370586076338, 16.405752222896297]",0.43956165505327005,0.887914,0.009999989071370546,1174.3618846547229,0.02806695483787744,2.8066985511245894,64.80572667230756,0.0,32.4029141989748,22,False,False,2025-12-08T09:45:00+00:00,2025-12-08T15:14:59.999000+00:00
BTCUSDT,15,LONG,1765262699999,1765262700000,1765295099999,89921.38068,89322.14760919205,91719.07989242383,91700.73607644535,TAKE_PROFIT,281.2349272052971,-201.05813202455465,-190.33466952325574,-10.723462501298911,"[208237, 208245]","[89774.1, 89368.9]","[-53.02356482261911, -39.307918517138546]",0.35860322925526933,0.717847,0.00999999106389172,1225.1541766132011,0.02848148921938122,2.848151467077113,52.150756658905614,0.0,26.075430464667356,36,False,False,2025-12-09T06:45:00+00:00,2025-12-09T15:44:59.999000+00:00
BTCUSDT,15,LONG,1765334699999,1765334700000,1765367099999,92363.86908,91819.12791211282,93998.09258366154,91800.7640865304,STOP,311.98139192478686,-122.79908291940228,-66.47221886250907,-56.326864056893214,"[208311, 208326]","[92199.0, 91900.0]","[-273.8076790136802, -127.64998623809257]",0.48222508392273833,0.812146,0.009999994850803516,-517.1508960934301,-0.011689414283120128,-1.168942030223232,59.827428067066,0.0,29.913696937142156,36,False,False,2025-12-10T02:45:00+00:00,2025-12-10T11:44:59.999000+00:00
BTCUSDT,15,SHORT,1765449899999,1765449900000,1765466999999,90130.27034,90560.40392269216,88839.86959192353,90578.51600347669,STOP,222.06928179477165,-181.38348946555925,-247.83772263870287,66.45423317314362,"[208442, 208454]","[90412.6, 90494.7]","[107.06878169519348, 92.66326676301952]",0.0446402643487728,1.016516,0.009999990612998376,-529.1262379181672,-0.012101558918867307,-1.2101570278613292,73.47734906349022,0.0,36.73865777533587,19,False,False,2025-12-11T10:45:00+00:00,2025-12-11T15:29:59.999000+00:00
BTCUSDT,15,LONG,1765520999999,1765521000000,1765529999999,92576.5116,92106.13421332023,93987.64376003931,92087.71298647756,STOP,268.17719111984627,210.70062991748273,215.99351436426645,-5.292884446783717,"[208529, 208533]","[92088.8, 92028.4]","[-76.17741737328708, -72.36624633737227]",0.010406102407671968,0.918298,0.009999995287222669,-516.6935044441489,-0.011961970411832872,-1.1961976049245826,67.83071524372527,0.0,33.91534102396471,10,False,False,2025-12-12T06:30:00+00:00,2025-12-12T08:59:59.999000+00:00
BTCUSDT,15,LONG,1765547999999,1765548000000,1765550699999,92280.15234,91954.42521466216,93257.33371601354,91936.03432961921,STOP,178.64985689189865,4.041331997097586,23.32620763357735,-19.284875636479764,"[208550, 208562]","[92050.0, 92036.4]","[-60.700137348549646, -45.46796461759562]",0.019752514313613793,1.310237,0.00999999647512794,-547.4228950766593,-0.012826820527904789,-1.2826825049196513,96.54674550937675,0.0,48.27335665057666,3,False,False,2025-12-12T14:00:00+00:00,2025-12-12T14:44:59.999000+00:00
BTCUSDT,15,SHORT,1765588499999,1765588500000,1765622699999,90265.04338,90575.0544370718,89335.01020878462,90593.16944795921,STOP,169.3029580478644,-151.17361845633422,-209.7593946301521,58.58577617381786,"[208604, 208608]","[90341.3, 90398.0]","[99.82950062216054, 77.27220504866233]",0.06032614331289801,1.359002,0.00999999984756241,-544.2386517885525,-0.012917905276294394,-1.291790547321183,98.31466917984889,0.0,49.15731871925789,38,False,False,2025-12-13T01:15:00+00:00,2025-12-13T10:44:59.999000+00:00
BTCUSDT,15,SHORT,1765673999999,1765674000000,1765712699999,90285.53928,90632.60767484595,89244.33409546217,89262.18296228127,TAKE_PROFIT,128.40511656396242,48.18628797579731,9.726411145698245,38.45987683009907,"[208686, 208696]","[90195.6, 90227.4]","[22.429496170609397, 0.36624111735722664]",0.23626813811145222,1.198217,0.009999999624396738,1140.1480837072017,0.027416417259893244,2.741641828966286,86.05485324079181,0.0,43.02747738961248,43,False,False,2025-12-14T01:00:00+00:00,2025-12-14T11:44:59.999000+00:00
BTCUSDT,15,LONG,1765735199999,1765735200000,1765752299999,88778.45214,88197.65225825924,90520.85178522227,88180.0127278076,STOP,290.8984944938394,-317.2319550032407,-307.34001025733744,-9.891944745903288,"[208765, 208771]","[88831.7, 88435.0]","[-25.23474640137431, -9.773325776409365]",0.8356702228883652,0.735648,0.009999988861207693,-492.3124130057519,-0.011522420608977787,-1.1522433443577087,52.07165630522917,0.0,26.03581158441678,19,False,False,2025-12-14T18:00:00+00:00,2025-12-14T22:44:59.999000+00:00
BTCUSDT,15,LONG,1765815299999,1765815300000,1765817099999,86861.26878,86054.72199914954,89280.90912255138,86037.51105474972,STOP,454.98533390030667,-757.962801753587,-410.4756596373951,-347.4871421161919,"[208848, 208854]","[89384.5, 89230.2]","[-67.62341610424261, -59.93755899096843]",0.09278926900561908,0.523641,0.009999984365197638,-467.5680749963663,-0.01107084997827659,-1.1070867287358792,36.21475598857927,0.0,18.107361464451333,2,False,False,2025-12-15T16:15:00+00:00,2025-12-15T16:44:59.999000+00:00
BTCUSDT,15,LONG,1765820699999,1765820700000,1765983599999,85823.6613,84978.39390761236,88359.46347716289,88341.79158446747,TAKE_PROFIT,455.5373949250886,-1114.807722259371,-858.4824319428133,-256.3252903165578,"[208862, 208866]","[86563.6, 86000.0]","[-344.40925253780307, -333.0047001824461]",0.03895876403120036,0.494122,0.009999982570214687,1209.8399796575618,0.02896668980424207,2.896674029264852,34.423592764071536,0.0,17.211846841052537,181,False,False,2025-12-15T17:45:00+00:00,2025-12-17T14:59:59.999000+00:00
BTCUSDT,15,SHORT,1766054699999,1766054700000,1766063699999,87282.54,87732.64101949023,85932.2369415293,87750.18754769413,STOP,210.02734632681998,266.2872390705161,209.40266521867449,56.884573851841594,"[209104, 209122]","[86859.1, 87085.7]","[76.01575505574544, 35.597647173059755]",0.5510926067791533,0.954817,0.009999994482694764,-513.367518074227,-0.01194532602210848,-1.1945332612713095,66.84968952756266,0.0,33.42482824006132,10,False,False,2025-12-18T10:45:00+00:00,2025-12-18T13:14:59.999000+00:00
BTCUSDT,15,LONG,1766160899999,1766160900000,1766166299999,88362.26892,87112.96527954271,92110.17984137185,87095.5426864868,STOP,489.6231469715228,226.03342758241342,269.00564218234047,-42.97221459992704,"[209238, 209242]","[87800.0, 87488.0]","[-84.94435797665551, -41.0291000529611]",0.45751830503935775,0.339893,0.0099999739822367,-454.4061324716451,-0.010701208549486935,-1.070123639171048,23.854752784145447,0.0,11.927359647111922,6,False,False,2025-12-19T16:15:00+00:00,2025-12-19T17:44:59.999000+00:00
BTCUSDT,15,LONG,1766241899999,1766241900000,1766284199999,88166.92986,87864.9237085289,89072.94831441327,87847.35072378721,STOP,134.05086098072658,-27.007616713031894,-16.25789500384674,-10.749721709185152,"[209324, 209333]","[88063.8, 87698.5]","[-28.091352504984606, -22.450243050964794]",0.5751042993795048,1.390986,0.009999993403144005,-542.4634644009398,-0.012913134029862768,-1.291314254847695,97.93336003684793,0.0,48.96666419588636,47,False,False,2025-12-20T14:45:00+00:00,2025-12-21T02:29:59.999000+00:00
BTCUSDT,15,SHORT,1766350799999,1766350800000,1766358899999,88178.06086,88528.5246070876,87126.66961873721,88546.23031200901,STOP,180.41640472506458,17.291760474894545,12.071224749256942,5.220535725637603,"[209445, 209455]","[88453.9, 88588.0]","[44.44269510110976, 42.807593970933304]",0.023212241441896306,1.18318,0.009999993372622603,-519.2493909595847,-0.012522233220304917,-1.252224151926696,83.63865873155905,0.0,41.819313614122784,9,False,False,2025-12-21T21:00:00+00:00,2025-12-21T23:14:59.999000+00:00
BTCUSDT,15,SHORT,1766510999999,1766511000000,1766678399999,87677.76094,88588.8338640465,84944.5421678605,88606.5516308193,STOP,351.68924269766643,5.26796907557582,-59.29448418870258,64.5624532642784,"[209619, 209632]","[87914.0, 88178.7]","[61.60480855849487, 5.443248741182714]",0.6767888385417846,0.449436,0.009999987630582739,-449.1233794408984,-0.010968421444552828,-1.0968435011867763,31.6914065218315,0.0,15.84568719746432,186,False,False,2025-12-23T17:30:00+00:00,2025-12-25T15:59:59.999000+00:00
BTCUSDT,15,SHORT,1766811599999,1766811600000,1766820599999,87410.41442,87584.68728598945,86887.59582203164,87602.20422344665,STOP,83.05819065963729,-20.084492133843014,-38.57992699974362,18.495434865900606,"[209960, 209967]","[87459.2, 87493.4]","[25.84829705424248, 24.510407675755708]",0.018076210465809348,2.316533,0.00996865514780582,-606.4564113492711,-0.01497503683844528,-1.5022123462402455,162.16900260158377,0.0,81.084486772675,10,False,True,2025-12-27T05:00:00+00:00,2025-12-27T07:29:59.999000+00:00
BTCUSDT,15,SHORT,1766821499999,1766821500000,1766873699999,87486.69916,87670.78763975659,86934.43372073026,87688.32179728453,STOP,79.05842650438571,11.711149373528315,-3.4760651491346737,15.187214522662988,"[209967, 209976]","[87493.4, 87526.5]","[24.510407675755708, 15.925256820258863]",0.15866329942017532,2.166967,0.009999999534709638,-588.7489973040434,-0.014758806927250838,-1.4758807613963931,151.8393958554976,0.0,75.91968348815207,58,False,False,2025-12-27T07:45:00+00:00,2025-12-27T22:14:59.999000+00:00
BTCUSDT,15,SHORT,1766884499999,1766884500000,1766969099999,87800.23644,88087.09594667668,86939.65791996995,88104.71336586602,STOP,118.1306311177884,95.41390069456247,72.0328402226576,23.381060471904874,"[210041, 210047]","[87937.0, 87956.9]","[23.797194342421484, 16.423120541185668]",0.05506141488455488,1.370099,0.009999993230413303,-513.5664099817322,-0.013066976806189502,-1.3066985651998724,96.40287832962689,0.0,48.20142440632915,94,False,False,2025-12-28T01:15:00+00:00,2025-12-29T00:44:59.999000+00:00
BTCUSDT,15,LONG,1767014999999,1767015000000,1767065399999,87276.9519,86802.92417138185,88699.03508585447,86785.56358654756,STOP,283.71721907877094,-645.5709533926856,-554.6578033115788,-90.91315008110678,"[210183, 210193]","[87715.6, 86760.0]","[-264.3889034932664, -210.06594786652386]",0.6346151048336901,0.818286,0.009999993006767871,-459.0693452807074,-0.011835023426853736,-1.1835031703366132,56.973167818970026,0.0,28.486568965100673,56,False,False,2025-12-29T13:30:00+00:00,2025-12-30T03:29:59.999000+00:00
BTCUSDT,15,LONG,1767131999999,1767132000000,1767195899999,88263.1491,87852.06864867748,89496.39045396756,87834.49823494775,STOP,221.6875675483456,-27.200065878147143,0.8699125783563995,-28.06997845650354,"[210316, 210323]","[87910.4, 87833.2]","[-103.1343441421123, -91.38613203806771]",0.034925304143470254,0.93242,0.009999994851916985,-465.36142692324336,-0.012140924372466201,-1.2140930622718074,65.67878733122079,0.0,32.83937899187997,71,False,False,2025-12-30T22:00:00+00:00,2025-12-31T15:44:59.999000+00:00
BTCUSDT,15,SHORT,1767234599999,1767234600000,1767289499999,87908.01488,88268.41610193616,86826.8112141915,88286.06978515655,STOP,135.6107346241109,2.840022053816938,-47.761152286231905,50.60117434004884,"[210425, 210437]","[87849.7, 88021.4]","[64.64818221541034, 49.54994082626591]",0.2885633606182016,1.050624,0.009999998835763288,-471.2390502780971,-0.012445365317941532,-1.244536676687682,74.04549360289818,0.0,37.02273239461611,61,False,False,2026-01-01T02:30:00+00:00,2026-01-01T17:44:59.999000+00:00
BTCUSDT,15,SHORT,1767640499999,1767640500000,1767721499999,94252.34576,94933.097586107,92210.09028167899,92228.53229973534,TAKE_PROFIT,351.1317240713343,438.960439260627,388.5449742036372,50.41546505698983,"[210881, 210887]","[94044.6, 94429.9]","[104.84175016498091, 48.52381840745687]",0.5667769142341338,0.549295,0.00999999324333342,1070.6974090905521,0.02863333915920603,2.863335850581168,40.97320556552893,0.0,20.486648069054972,90,False,False,2026-01-05T19:15:00+00:00,2026-01-06T17:44:59.999000+00:00
BTCUSDT,15,SHORT,1767914099999,1767914100000,1767949199999,91205.55524,91662.19972898299,89835.62177305104,89853.58889740564,TAKE_PROFIT,248.93315265532559,208.45310329397034,206.1261131259099,2.3269901680604335,"[211182, 211192]","[91291.7, 91449.9]","[33.81210646428411, 22.695579603031035]",0.18577536851583462,0.84232,0.009999999607248651,1077.7843943781493,0.028020542578645873,2.8020543679156504,61.00389531592781,0.0,30.50199442957527,39,False,False,2026-01-08T23:15:00+00:00,2026-01-09T08:59:59.999000+00:00
BTCUSDT,15,LONG,1767996899999,1767996900000,1768185899999,90377.37186,89854.797461559,91945.09505532299,91926.70603631194,TAKE_PROFIT,310.33502562733247,-143.19856552797137,-118.51160779212185,-24.686957735849518,"[211278, 211284]","[90145.0, 90082.6]","[-129.4719010463755, -86.36147202236745]",0.06065290815088302,0.756674,0.009999995330397044,1117.162986191409,0.028252663355341597,2.8252676548219786,55.17790233524558,0.0,27.588999164818294,210,False,False,2026-01-09T22:15:00+00:00,2026-01-12T02:44:59.999000+00:00
BTCUSDT,15,LONG,1768219199999,1768219200000,1768228199999,90592.01478,90208.33582381088,91743.05164856737,90190.29415664612,STOP,226.57611745941452,-345.5829745691881,-303.6400727802913,-41.94290178889679,"[211523, 211531]","[90341.3, 90319.4]","[-202.21662075866885, -125.50655699892445]",0.034720326470830946,1.059714,0.009999992289690974,-502.3399861498334,-0.012354943469987181,-1.2354952996037742,76.6310174929956,0.0,38.315493250758784,10,False,False,2026-01-12T12:00:00+00:00,2026-01-12T14:29:59.999000+00:00
BTCUSDT,15,LONG,1768274099999,1768274100000,1768315499999,91253.247,90777.10727409572,92681.66617771283,92663.12984447728,TAKE_PROFIT,199.32848393618517,-66.68982786398556,-53.43764965773383,-13.252178206251727,"[211580, 211590]","[91023.0, 91011.0]","[-73.5929627411169, -12.985673555628786]",0.043568108951725484,0.84338,0.009999996190472196,1127.0224358140192,0.028065622588583222,2.8065633280264253,62.0445575612381,0.0,31.02232758419189,46,False,False,2026-01-13T03:15:00+00:00,2026-01-13T14:44:59.999000+00:00
BTCUSDT,15,SHORT,1768339799999,1768339800000,1768342499999,94245.94704,94929.54281429794,92195.15971710619,94948.52872286079,STOP,300.8285428652914,594.8132181031251,562.3310154585419,32.48220264458325,"[211651, 211665]","[93707.0, 94462.7]","[126.86197158040397, 73.82554446629285]",0.9562561042461183,0.603919,0.00999998491048715,-470.0056827749019,-0.011384773400765847,-1.1384790579860224,45.70325544329245,0.0,22.8516116636136,3,False,False,2026-01-13T21:30:00+00:00,2026-01-13T22:14:59.999000+00:00
BTCUSDT,15,SHORT,1768346999999,1768347000000,1768402799999,95330.93,96439.9318558443,92003.92443246709,96459.21984221548,STOP,493.2879038962019,838.8962435742287,728.5441360105756,110.35210756365314,"[211665, 211672]","[94462.7, 96863.7]","[73.82554446629285, 65.17546017923746]",0.587344872300776,0.368021,0.009999973769793703,-443.4674771160129,-0.010865651261508734,-1.0865679762410907,28.233121094032793,0.0,14.116544502303935,62,False,False,2026-01-13T23:30:00+00:00,2026-01-14T14:59:59.999000+00:00
BTCUSDT,15,LONG,1768452299999,1768452300000,1768489199999,96216.03936,95687.83166426675,97800.66244719976,95668.69409793388,STOP,294.1122238221711,-252.60626397492888,-213.54523923317282,-39.06102474175606,"[211782, 211790]","[96257.0, 95733.1]","[-137.2466342602913, -112.93764877169036]",0.28902555806222274,0.764287,0.009999997705698004,-476.99087122086655,-0.011815409304018505,-1.1815412014830844,58.66200291214557,0.0,29.330985896157486,41,False,False,2026-01-15T04:45:00+00:00,2026-01-15T14:59:59.999000+00:00
BTCUSDT,15,SHORT,1768531499999,1768531500000,1768780799999,95430.71004,95982.82364925934,93774.36921222198,93793.12408606442,TAKE_PROFIT,228.94909950622727,-122.46648504039331,-147.4430646944073,24.97657965401399,"[211874, 211878]","[95788.4, 95825.0]","[69.70548623891438, 46.03393639947504]",0.05388663596309059,0.722555,0.00999999974632782,1128.5560679591383,0.028289401935943325,2.828940265356677,54.68985098678339,0.0,27.34497391702741,277,False,False,2026-01-16T02:45:00+00:00,2026-01-18T23:59:59.999000+00:00
BTCUSDT,15,SHORT,1768845599999,1768845600000,1768864499999,93176.46098,93469.6858288293,92296.78643351211,92315.24579079881,TAKE_PROFIT,170.19055255286335,76.15831122160307,40.9731506352936,35.18516058630947,"[212207, 212227]","[93267.5, 93379.0]","[64.41683090002762, 42.382707774405254]",0.21328009573885415,1.398987,0.009999993463265404,1101.0286593429312,0.026840085183160136,2.6840102727822943,103.80019455206381,0.0,51.90014754519196,21,False,False,2026-01-19T18:00:00+00:00,2026-01-19T23:14:59.999000+00:00
BTCUSDT,15,LONG,1768952699999,1768952700000,1769015699999,88462.08888,87476.20417352984,91419.74299941048,87458.70893269514,STOP,400.06388431344044,-633.0670574398682,-515.8503745292173,-117.21668291065089,"[212334, 212346]","[89250.2, 87787.2]","[-58.60461104378243, -20.00120304405084]",2.460560960280829,0.427259,0.009999995429331953,-458.76861056659175,-0.010891210388075475,-1.0891215366088483,30.065497661061723,0.0,15.032732283715637,70,False,False,2026-01-20T23:45:00+00:00,2026-01-21T17:14:59.999000+00:00
BTCUSDT,15,SHORT,1769138099999,1769138100000,1769142599999,89750.24636,90049.19978882426,88853.38607352722,90067.20962878203,STOP,187.2665258828399,97.9826339231804,72.67942368939416,25.303210233786245,"[212529, 212552]","[89908.5, 89948.9]","[84.60496062412811, 63.82748023549974]",0.050556252474922056,1.393663,0.009999993093567307,-541.9819541268405,-0.013008380071857699,-1.3008389056014042,100.24197406627756,0.0,50.120971368378434,5,False,False,2026-01-23T03:15:00+00:00,2026-01-23T04:29:59.999000+00:00
BTCUSDT,15,LONG,1769326199999,1769326200000,1769330699999,88776.85182,88519.27331523654,89549.5873342904,88501.56946057349,STOP,114.15112317564294,-151.9925699238811,-136.46908112362001,-15.523488800261077,"[212751, 212761]","[88800.0, 88609.0]","[-29.20334272411162, -22.139698563060364]",0.39375089421452075,1.596487,0.00999999838651238,-552.693786135737,-0.013440316861794156,-1.3440319030372991,113.20907798198357,0.0,56.60452367578441,5,False,False,2026-01-25T07:30:00+00:00,2026-01-25T08:44:59.999000+00:00
BTCUSDT,15,SHORT,1769487299999,1769487300000,1769547599999,88747.247,89324.08385739027,87016.73642782916,89341.94867416176,STOP,227.18923826018465,243.46161790550104,224.37299559683234,19.088622308668704,"[212926, 212940]","[88637.4, 88880.6]","[57.59332129519467, 30.255070568681333]",0.48430336417419384,0.703307,0.009999988583452262,-468.3584015264845,-0.011544626242742011,-1.154463942273472,50.10055117680307,0.0,25.050259860097917,67,False,False,2026-01-27T04:15:00+00:00,2026-01-27T20:59:59.999000+00:00
BTCUSDT,15,LONG,1769582699999,1769582700000,1769606099999,89164.42932,88801.19793051881,90254.12348844355,90236.07266374587,TAKE_PROFIT,189.33471298745746,41.910712497032364,46.86274474160665,-4.9520322445742835,"[213041, 213046]","[88800.1, 88786.0]","[-86.24605253939458, -70.04262532899659]",0.013764979335360441,1.104007,0.009999992962756497,1103.8779890014189,0.027527423792817494,2.7527443164549554,79.22376399742772,0.0,39.61193090726122,26,False,False,2026-01-28T06:45:00+00:00,2026-01-28T13:14:59.999000+00:00
BTCUSDT,15,LONG,1769638499999,1769638500000,1769650199999,89261.64876,88662.74536652821,91058.35894041538,88645.0128174549,STOP,368.96975564786226,-99.82791802263819,-74.96168695637718,-24.866231066261008,"[213102, 213108]","[88974.0, 88829.0]","[-79.25660291768088, -56.51286242096592]",0.09922581515190317,0.688005,0.009999987150265347,-473.2088807301796,-0.011484284959315638,-1.1484299716336042,48.960269079438746,0.0,24.480118548979647,13,False,False,2026-01-28T22:15:00+00:00,2026-01-29T01:29:59.999000+00:00
BTCUSDT,15,SHORT,1769734799999,1769734800000,1769737499999,84140.56852,84907.91124465871,81838.54034602389,81854.90805409309,TAKE_PROFIT,278.4074964391372,-321.31611446592433,-412.00384025728135,90.68772579135702,"[213207, 213215]","[84623.1, 84699.9]","[201.93339930446984, 177.89019312964422]",0.03224916879282814,0.530814,0.009999982597253923,1178.0154853890317,0.028921345597412922,2.892139592858388,35.24508916088026,0.0,17.622593815766866,3,False,False,2026-01-30T01:00:00+00:00,2026-01-30T01:44:59.999000+00:00
BTCUSDT,15,SHORT,1769788799999,1769788800000,1769799599999,82833.52998,83997.90779561276,79340.39653316174,84014.70737717187,STOP,508.07186374183675,64.69212891292409,35.5259972001452,29.166131712778892,"[213264, 213275]","[83296.9, 83779.2]","[100.50766958363315, 85.97211099082156]",0.16677970455222682,0.359932,0.009999993108634983,-449.1651508262449,-0.010717447682332265,-1.0717455068121757,24.021607907376634,0.0,12.010787428378098,12,False,False,2026-01-30T16:00:00+00:00,2026-01-30T18:59:59.999000+00:00
BTCUSDT,15,SHORT,1769923799999,1769923800000,1769957099999,78890.61872,79446.45448293198,77223.11143120406,77238.5560534903,TAKE_PROFIT,332.7696552879863,-25.062075246241875,-84.55610759939316,59.49403235315128,"[213419, 213425]","[79024.0, 79094.9]","[109.4876061533165, 82.12416832356115]",0.045733747176583184,0.745913,0.009999991514822277,1185.7115073071207,0.028598549316116037,2.8598573582513986,46.58351245712739,0.0,23.29180645203674,37,False,False,2026-02-01T05:30:00+00:00,2026-02-01T14:44:59.999000+00:00
BTCUSDT,15,SHORT,1770038999999,1770039000000,1770043499999,77861.82452,78665.30787342573,75451.37445972282,78681.0409350004,STOP,381.1385822838174,438.6978291810083,413.88796000606595,24.80986917494232,"[213544, 213553]","[77815.8, 78400.0]","[208.4052257485469, 94.43018185763765]",0.7655982615938466,0.530767,0.009999996734500123,-468.04815376810495,-0.010975128102653211,-1.097513168658233,33.23511482758168,0.0,16.617540685970912,5,False,False,2026-02-02T13:30:00+00:00,2026-02-02T14:44:59.999000+00:00
BTCUSDT,15,SHORT,1770050699999,1770050700000,1770138899999,79000.79668,80000.92723097013,76000.40502708961,76015.60510809503,TAKE_PROFIT,554.0181539800856,592.860485516896,508.49061492198797,84.36987059490804,"[213553, 213566]","[78400.0, 79311.0]","[94.43018185763765, 58.31537469639625]",0.6027971359002691,0.421727,0.009999998816867663,1232.786045214011,0.029228030905592912,2.922803436365617,26.14984083075518,0.0,13.074971295811885,98,False,False,2026-02-02T16:45:00+00:00,2026-02-03T17:14:59.999000+00:00
BTCUSDT,15,SHORT,1770180299999,1770180300000,1770218099999,76541.98854,77323.80630031633,74196.53525905103,74211.37456610284,TAKE_PROFIT,396.27086687754917,162.46503456981736,98.44643196510488,64.01860260471248,"[213702, 213710]","[76786.1, 76952.5]","[154.86426834310436, 76.43427045731036]",0.1778604637984598,0.555257,0.009999995782553334,1260.6069792489338,0.029038885868286086,2.903889811528649,33.48274405528214,0.0,16.74142446088698,42,False,False,2026-02-04T04:45:00+00:00,2026-02-04T15:14:59.999000+00:00
BTCUSDT,15,LONG,1770326999999,1770327000000,1770336899999,63966.89082,61297.755804149405,71974.29586755177,61285.496252988574,STOP,1037.4294639003956,-1752.985198225273,-1578.551832570301,-174.43336565497202,"[213854, 213867]","[66666.0, 65359.1]","[-258.57657384756476, -130.99666180013492]",0.6997084578606415,0.167363,0.009999964331743685,-457.1512850218115,-0.010233599135493397,-1.0233635637087293,8.385046103078635,0.0,4.192505268589971,11,False,False,2026-02-05T21:30:00+00:00,2026-02-06T00:14:59.999000+00:00
BTCUSDT,15,SHORT,1770361199999,1770361200000,1770378299999,64934.61048,66387.99318527448,60574.46236417659,66401.27078391153,STOP,774.5287901829814,244.32696507470246,150.50267935548376,93.8242857192187,"[213896, 213911]","[65969.5, 66783.0]","[472.8673009971012, 296.4605679847273]",0.3683806583287022,0.304217,0.009999981958041592,-462.16484079123836,-0.010452800284323672,-1.0452819143256495,15.981843116185349,0.0,7.990904030408929,19,False,False,2026-02-06T07:00:00+00:00,2026-02-06T11:44:59.999000+00:00
BTCUSDT,15,SHORT,1770484499999,1770484500000,1770538499999,68704.95626,69844.20190642601,65287.21932072198,69858.17074680729,STOP,522.0679376173373,63.17514004276018,48.20114822324785,14.973991819512328,"[214038, 214048]","[69333.0, 69887.7]","[199.40275755712975, 107.17948986940075]",0.46984895111870795,0.384046,0.009999996749185718,-464.1732566701755,-0.010609119714395003,-1.0609123163223915,21.285845869782523,0.0,10.642905645111057,60,False,False,2026-02-07T17:15:00+00:00,2026-02-08T08:14:59.999000+00:00
BTCUSDT,15,SHORT,1770556499999,1770556500000,1770592499999,71055.786,71794.58286730507,68839.3953980848,71808.94178387853,STOP,353.32191153671226,486.90798458874633,429.81051954450686,57.09746504423947,"[214114, 214127]","[70790.0, 71199.9]","[116.53084924588444, 80.75003535581692]",0.358762127457068,0.585927,0.009999997432973775,-474.77762952308495,-0.01096785196100353,-1.0967854776480612,33.483320542489835,0.0,16.741643289138292,40,False,False,2026-02-08T13:15:00+00:00,2026-02-08T23:14:59.999000+00:00
BTCUSDT,15,LONG,1770598799999,1770598800000,1770626699999,70467.89076,69388.55601938783,73705.89498183648,69374.67830818397,STOP,451.49598707477406,-140.2505087867903,-63.04627401284498,-77.20423477394533,"[214167, 214174]","[70500.0, 69913.3]","[-72.11515874125367, -62.820455298509444]",0.1685989330626344,0.396664,0.0099999969321296,-455.826229113902,-0.010646827936321103,-1.0646831202630933,22.188205126744847,0.0,11.094085661614892,31,False,False,2026-02-09T01:00:00+00:00,2026-02-09T08:44:59.999000+00:00
BTCUSDT,15,SHORT,1770671699999,1770671700000,1770790499999,70355.52608,71396.40780004096,67232.8809198771,67246.32749606107,TAKE_PROFIT,425.60520002731107,361.71184764748614,358.84470113286613,2.8671465146200035,"[214246, 214256]","[71008.0, 71085.0]","[219.2668223944119, 114.56123254482026]",0.08151488573673976,0.406938,0.009999981603857917,1242.852884114724,0.029341971957352986,2.93420259353608,22.398169236214056,0.0,11.19913567611459,132,False,False,2026-02-09T21:15:00+00:00,2026-02-11T06:14:59.999000+00:00
BTCUSDT,15,LONG,1770796799999,1770796800000,1770807599999,67013.4,66496.32848408583,68564.61454774252,66483.02921838901,STOP,327.31434394278034,-594.3633803192934,-563.1016426568689,-31.26173766242448,"[214386, 214395]","[67320.0, 66511.0]","[-164.65477878869052, -129.72837465529807]",0.5082807395306698,0.843217,0.009999996765821454,-492.24424278016915,-0.011289911482840455,-1.1289915134200585,45.026583422496934,0.0,22.51327472307308,12,False,False,2026-02-11T08:00:00+00:00,2026-02-11T10:59:59.999000+00:00
BTCUSDT,15,SHORT,1770849899999,1770849900000,1770904799999,67592.07888,68304.96112519407,65453.4321444178,68318.6221174191,STOP,429.44075012937833,252.4652194418013,222.36819326347734,30.097026178323972,"[214446, 214454]","[67831.4, 68315.0]","[175.10501365024865, 124.91875601711615]",0.29237894735542397,0.604701,0.009999986441833428,-472.2155569321071,-0.010954213887569439,-1.095422873949523,32.87413472153613,0.0,16.437050444593197,61,False,False,2026-02-11T22:45:00+00:00,2026-02-12T13:59:59.999000+00:00
BTCUSDT,15,LONG,1770925499999,1770925500000,1770996599999,65961.6897,64994.91571751099,68862.01164746704,68848.23924513753,TAKE_PROFIT,488.72285499267366,-634.623808831675,-606.8742642089421,-27.749544622732856,"[214531, 214538]","[65503.2, 65081.0]","[-269.50273160255676, -189.29701655987265]",0.24492355645702285,0.441012,0.009999997469658583,1249.2218694466148,0.02929976300681738,2.929977042065964,23.781118553581198,0.0,11.890610672534546,79,False,False,2026-02-12T19:45:00+00:00,2026-02-13T15:29:59.999000+00:00
BTCUSDT,15,SHORT,1771000199999,1771000200000,1771059599999,69029.59132,69781.82979203049,66772.87590390853,69795.7861579889,STOP,427.219861353662,699.4858943055733,500.77990196939083,198.70599233618248,"[214607, 214614]","[67196.8, 67600.0]","[43.523981251580494, 23.1370348370408]",0.7472894778632236,0.583393,0.009999986436634025,-479.38860649606437,-0.010923715085009762,-1.0923729901264407,32.39590137720655,0.0,16.197933456812407,66,False,False,2026-02-13T16:30:00+00:00,2026-02-14T08:59:59.999000+00:00
BTCUSDT,15,SHORT,1771143299999,1771143300000,1771163999999,70685.76002,71309.5025363487,68814.53247095394,68828.29537744813,TAKE_PROFIT,247.33502423245758,295.505586051906,230.4024025749903,65.10318347691569,"[214773, 214777]","[70467.8, 70514.8]","[95.30243647495394, 65.58505950195982]",0.05953357954852711,0.695891,0.009999986991720925,1253.758297360228,0.028884621931678425,2.888465950564961,38.83463020983423,0.0,19.417367585328922,23,False,False,2026-02-15T08:15:00+00:00,2026-02-15T13:59:59.999000+00:00
BTCUSDT,15,LONG,1771183799999,1771183800000,1771256699999,68538.2049,67625.50611356078,71276.30125931767,67611.98101233806,STOP,303.0625909594823,-426.629961581566,-401.61733087920993,-25.01263070235609,"[214816, 214823]","[68753.0, 68152.0]","[-40.31754188374043, -7.867961717810886]",1.8764451942545666,0.489312,0.00999998919688202,-479.86043082729225,-0.010744869141422048,-1.074488074924349,26.647967907655186,0.0,13.32396635828773,81,False,False,2026-02-15T19:30:00+00:00,2026-02-16T15:44:59.999000+00:00
BTCUSDT,15,SHORT,1771289999999,1771290000000,1771339499999,68836.13002,69375.1078538733,67219.1965183801,67232.64035768378,TAKE_PROFIT,228.07190258220137,197.93654102245637,157.36324092684637,40.573300095609994,"[214935, 214943]","[68928.6, 68962.1]","[125.51803897177675, 56.83864834770347]",0.0760061453112432,0.819692,0.009999988045614226,1269.7538552719457,0.028740705183075074,2.8740739540863864,44.613793011369744,0.0,22.306949972668804,55,False,False,2026-02-17T01:00:00+00:00,2026-02-17T14:44:59.999000+00:00
BTCUSDT,15,SHORT,1771406999999,1771407000000,1771426799999,68108.27562,68498.95616026068,66936.23399921792,66949.62124601776,TAKE_PROFIT,184.10410684046113,203.71639596454042,169.70078506067614,34.015610903864285,"[215061, 215073]","[67909.9, 68438.0]","[68.76163181333955, 65.06045202144932]",0.14792426164169786,1.163338,0.009999991926170852,1285.0594686700135,0.02827451612098112,2.8274538949360792,62.847193449727754,0.0,31.423651898076436,22,False,False,2026-02-18T09:30:00+00:00,2026-02-18T14:59:59.999000+00:00
BTCUSDT,15,SHORT,1771478099999,1771478100000,1771482599999,66732.95074,67085.9340710284,65674.00074691481,67099.3512578426,STOP,178.02271401893114,68.41661511464918,57.79940601022965,10.617209104419523,"[215145, 215152]","[66933.0, 67042.3]","[100.60166873051978, 61.188056811675835]",0.22564189442355467,1.323984,0.009999995775390569,-555.9851538266447,-0.0118966881527468,-1.189669317863502,70.87673061132466,0.0,35.43834731885929,5,False,False,2026-02-19T05:15:00+00:00,2026-02-19T06:29:59.999000+00:00
BTCUSDT,15,SHORT,1771487099999,1771487100000,1771508699999,67145.36824,67563.21208441653,65891.83670675039,65905.01507409175,TAKE_PROFIT,175.87472294435796,148.93881494592642,111.4704394433002,37.46837550262623,"[215152, 215162]","[67042.3, 67275.4]","[61.188056811675835, 32.4276359651558]",0.6034037204827084,1.10516,0.009999992954519832,1311.9719201858127,0.028410904984087673,2.8410925000948537,58.81678464936065,0.0,29.40844833256645,24,False,False,2026-02-19T07:45:00+00:00,2026-02-19T13:44:59.999000+00:00
BTCUSDT,15,SHORT,1771550999999,1771551000000,1771566299999,67165.76416,67607.0430644425,65841.92744667249,67620.56447305539,STOP,203.36204296166932,173.5102261024149,148.7822754913979,24.72795061101698,"[215219, 215233]","[67147.8, 67490.0]","[53.51880728594273, 27.319690486811098]",0.7387569537165648,1.076199,0.009999990904177525,-547.4784069453266,-0.011528182667905111,-1.152819315374495,58.02276483542623,0.0,29.01136399994199,17,False,False,2026-02-20T01:30:00+00:00,2026-02-20T05:44:59.999000+00:00
BTCUSDT,15,SHORT,1771632899999,1771632900000,1771684199999,67963.70454,68358.6680883655,66778.81389490348,68372.33982198319,STOP,223.3120589103378,163.03936081790016,144.43003128380474,18.609329534095423,"[215306, 215324]","[67998.9, 68220.0]","[72.3649228222616, 36.129575371852]",0.4171085383423447,1.188538,0.009999991953425696,-550.4947885752856,-0.011726887935653421,-1.1726897371788525,64.81622779756111,0.0,32.40809576796195,57,False,False,2026-02-21T00:15:00+00:00,2026-02-21T14:29:59.999000+00:00
BTCUSDT,15,LONG,1771723799999,1771723800000,1771767899999,68096.81664,67750.26712042425,69136.46519872724,67736.71706700017,STOP,146.95525305049563,-122.42203501237964,-109.56554516700692,-12.856489845372721,"[215419, 215425]","[67860.0, 67763.7]","[-64.30104590906872, -54.43689548286915]",0.093474390178511,1.338696,0.009999996550441575,-554.7997812723487,-0.011958834743990116,-1.1958838869261454,72.73592329577052,0.0,36.367943820048694,49,False,False,2026-02-22T01:30:00+00:00,2026-02-22T13:44:59.999000+00:00
BTCUSDT,15,LONG,1771785899999,1771785900000,1771808399999,67370.4714,67063.64407274357,68290.9533817693,67050.23134392902,STOP,150.17061817095498,-180.09928355715238,-166.73877470415655,-13.360508852995821,"[215484, 215494]","[67275.0, 67150.0]","[-73.10019977847827, -20.04271024522538]",0.55668150846894,1.493923,0.00999999527327894,-558.7396570878559,-0.012189532260034493,-1.21895380216891,80.32567180212747,0.0,40.16281837101706,25,False,False,2026-02-22T18:45:00+00:00,2026-02-23T00:59:59.999000+00:00
BTCUSDT,15,SHORT,1771845299999,1771845300000,1771863299999,66328.93156,66713.73184577815,65174.53070266554,65187.56560880608,TAKE_PROFIT,239.021230518768,185.3374389554665,74.12002698959158,111.21741196587492,"[215550, 215560]","[65980.0, 66574.5]","[216.88712593445172, 151.63845384636573]",0.6855582126787083,1.176686,0.009999997521214768,1281.127887251543,0.028294133936117703,2.8294140949627575,61.9014483950295,0.0,30.950779156719342,20,False,False,2026-02-23T11:15:00+00:00,2026-02-23T16:14:59.999000+00:00
BTCUSDT,15,LONG,1771914599999,1771914600000,1771940699999,63184.83444,62526.6757184693,65159.31060459211,62514.1703833256,STOP,358.0828543538012,-524.8480060491565,-500.6245103966927,-24.22349565246384,"[215633, 215637]","[62818.0, 62655.0]","[-129.0787881949576, -87.92263678220087]",0.132078692597132,0.707428,0.009999987282544415,-510.0157305187166,-0.010953934334716546,-1.0953948265351603,35.569198233662235,0.0,17.78458085035306,29,False,False,2026-02-24T06:30:00+00:00,2026-02-24T13:44:59.999000+00:00
BTCUSDT,15,SHORT,1771956899999,1771956900000,1771982099999,63932.01104,64891.250090244284,61054.293889267145,64904.228340262336,STOP,341.9667268295238,279.47320875267906,221.47918532319022,57.994023429488834,"[215680, 215684]","[64388.0, 64491.0]","[152.8189459640419, 146.51196773751053]",0.012080157631850713,0.480068,0.009999991954348475,-491.47047720905994,-0.010672532275231131,-1.0672540861985598,24.740062306721512,0.0,12.370012978944679,28,False,False,2026-02-24T18:15:00+00:00,2026-02-25T01:14:59.999000+00:00
BTCUSDT,15,LONG,1772363699999,1772363700000,1772384399999,66490.69548,65995.3959082424,67976.59419527283,65982.19682906075,STOP,277.0693945050729,-184.40699608549767,-117.42049593506066,-66.98650015043701,"[216123, 216136]","[66757.2, 66160.4]","[-129.5078669594767, -114.9473826795811]",0.21917585361529524,0.919818,0.009999996123491256,-516.4665924528205,-0.011336322949142873,-1.1336327343680082,48.74038034317425,0.0,24.37017243734554,23,False,False,2026-03-01T11:15:00+00:00,2026-03-01T16:59:59.999000+00:00
BTCUSDT,15,LONG,1772508599999,1772508600000,1772526599999,68400.77742,67733.43637571686,70402.80055284941,67719.88968844172,STOP,301.97574952208987,-56.24385596817592,60.96512855310958,-117.2089845212855,"[216289, 216297]","[68600.0, 68142.1]","[-147.82264466444155, -125.69334445435484]",0.20520141507999762,0.674948,0.009999989587035258,-496.31356144920017,-0.011018882159253035,-1.1018893633188125,36.74974880940341,0.0,18.37485675714347,20,False,False,2026-03-03T03:30:00+00:00,2026-03-03T08:29:59.999000+00:00
BTCUSDT,15,LONG,1772694899999,1772694900000,1772697599999,72629.42298,71914.66162450808,74773.70704647579,71900.27869218317,STOP,317.3589169946174,-87.37950392650964,-83.87311807853645,-3.506385847973192,"[216494, 216504]","[72305.8, 72000.1]","[-68.68539467712822, -49.1416614070309]",0.27056793733615275,0.623225,0.009999984492637032,-490.450758104501,-0.011010037715071962,-1.1010054788763555,36.029809329858544,0.0,18.014887208686808,3,False,False,2026-03-05T07:15:00+00:00,2026-03-05T07:59:59.999000+00:00
BTCUSDT,15,LONG,1772737199999,1772737200000,1772775899999,70977.09258,70164.98757489436,73413.40759531691,70150.95457737938,STOP,410.54161673709194,-547.3382287861023,-516.8861945945279,-30.4520341915744,"[216544, 216551]","[70753.3, 70612.8]","[-194.41237753842486, -124.3650078976928]",0.1112541726881336,0.542483,0.009999996152603701,-478.78964863807073,-0.010867915803593794,-1.0867919984913308,30.623826562430654,0.0,15.311895967058284,43,False,False,2026-03-05T19:00:00+00:00,2026-03-06T05:44:59.999000+00:00
BTCUSDT,15,SHORT,1773039599999,1773039600000,1773046799999,67216.45402,67853.03515555353,65306.71061333941,67866.60576258464,STOP,336.8234370356862,271.75995476712706,251.06397228468853,20.695982482438524,"[216881, 216887]","[67593.0, 68038.4]","[164.35929062298447, 133.9461622478993]",0.22628831210424136,0.68454,0.00999999582424765,-482.04277696631766,-0.011061978326378744,-1.106198294558887,36.987903097428195,0.0,18.493934486276522,8,False,False,2026-03-09T07:00:00+00:00,2026-03-09T08:59:59.999000+00:00
BTCUSDT,15,LONG,1773184499999,1773184500000,1773230399999,69765.9504,69161.72328593767,71578.631742187,69147.89094128048,STOP,321.91780937489136,-294.0916723359114,-254.35463824974946,-39.73703408616197,"[217038, 217048]","[69688.0, 69388.0]","[-161.5829271728325, -77.62947577331519]",0.4302932494073797,0.713216,0.009999987020526686,-480.4401246165295,-0.011148525202673629,-1.1148539672890947,39.63022970642508,0.0,19.815098013420663,51,False,False,2026-03-10T23:15:00+00:00,2026-03-11T11:59:59.999000+00:00
BTCUSDT,15,SHORT,1773253799999,1773253800000,1773361799999,70659.16534,71518.36792025568,68081.55759923294,71532.67159383974,STOP,434.57861350378977,336.02852420695126,312.80278266063,23.225741546321274,"[217115, 217125]","[70938.1, 71286.0]","[163.68135422244546, 94.51151246252152]",0.3299909499509362,0.495972,0.00999999574444999,-461.4439116285016,-0.010828442721939585,-1.08284473300395,28.209267899100144,0.0,14.10461718434901,120,False,False,2026-03-11T18:30:00+00:00,2026-03-13T00:29:59.999000+00:00
BTCUSDT,15,LONG,1773430199999,1773430200000,1773470699999,71063.90994,70387.21186429034,73094.00416712901,70373.13442191748,STOP,395.1920904731118,-366.248366475018,-252.66751330895542,-113.58085316606255,"[217313, 217321]","[71130.6, 70811.0]","[-243.90017472877747, -184.17067766171652]",0.17393569540159062,0.622916,0.009999997489223733,-465.5364817921939,-0.011044070834701016,-1.1044073607620806,35.241359170299276,0.0,17.620663078171255,45,False,False,2026-03-13T19:30:00+00:00,2026-03-14T06:44:59.999000+00:00
BTCUSDT,15,SHORT,1773547199999,1773547200000,1773548099999,71300.53704,71566.9780913685,70501.21388589451,71581.29148698677,STOP,166.918727578997,190.36801907798508,165.66964396344733,24.698375114537754,"[217439, 217451]","[71221.9, 71599.9]","[59.58652832055742, 46.8128592305454]",0.4695003209059131,1.564589,0.009999998526472773,-528.6858543418662,-0.01268224723144055,-1.2682249100204486,89.42053488528389,0.0,44.710251660439226,1,False,False,2026-03-15T04:00:00+00:00,2026-03-15T04:14:59.999000+00:00
BTCUSDT,15,SHORT,1773552599999,1773552600000,1773611099999,71574.98214,72009.8845126515,70270.2750220455,72024.28648955403,STOP,173.2563417676647,235.75260228691332,211.83934736109182,23.91325492582149,"[217451, 217457]","[71599.9, 71629.6]","[46.8128592305454, 34.17988131562461]",0.04510629074042068,0.946382,0.00999999602101719,-479.57345415730936,-0.011651899075274346,-1.1651903711546803,54.35990521766984,0.0,27.17993668749043,65,False,False,2026-03-15T05:30:00+00:00,2026-03-15T21:44:59.999000+00:00
BTCUSDT,15,LONG,1773730799999,1773730800000,1773755999999,74059.809,73395.39639675544,76053.04680973369,73380.71731747608,STOP,341.53573549637497,-209.0978198877565,-116.65050540086096,-92.44731448689552,"[217650, 217655]","[73943.3, 73723.4]","[-194.2183805321262, -157.6059137836342]",0.10881187805230548,0.612252,0.009999993576511202,-451.88354365620205,-0.011108570417682847,-1.1108577553265193,36.10830284757095,0.0,18.05413551494126,28,False,False,2026-03-17T07:00:00+00:00,2026-03-17T13:59:59.999000+00:00
BTCUSDT,15,SHORT,1773956699999,1773956700000,1773994499999,70410.71504,71000.57961948821,68641.12130153539,71014.7797354121,STOP,300.3864129921377,248.8230806049687,164.86044364709844,83.96263695787027,"[217901, 217906]","[70563.5, 70655.2]","[139.043455839803, 122.52955209459525]",0.031187920087723742,0.681969,0.009999999661518256,-450.53251756409446,-0.011199771844822093,-1.1199772223913937,38.57912129859721,0.0,19.289544942744552,42,False,False,2026-03-19T21:45:00+00:00,2026-03-20T08:14:59.999000+00:00
BTCUSDT,15,SHORT,1773998099999,1773998100000,1774137599999,70788.13954,71346.83782754364,69112.04467736906,69125.86708630454,TAKE_PROFIT,230.55855169576444,202.9611682226241,172.0550617663719,30.906106456252218,"[217936, 217952]","[70944.9, 71342.2]","[55.92621781652767, 35.437621837255236]",0.5707614731532145,0.711947,0.00999998802989853,1143.605343680895,0.02875084753421329,2.8750881949310725,39.844542910231056,0.0,19.922319590003774,155,False,False,2026-03-20T09:15:00+00:00,2026-03-21T23:59:59.999000+00:00
BTCUSDT,15,SHORT,1774267199999,1774267200000,1774274399999,70083.18056,71507.02987840009,65811.63260479971,71521.33128437577,STOP,559.019918933396,584.6872397395055,304.28916432358267,280.3980754159228,"[218241, 218248]","[68670.0, 68688.0]","[12.945529784355045, 9.546721315274517]",0.015448832178853438,0.28739,0.009999998932765616,-429.5884249419358,-0.010498248306665955,-1.049824942707523,16.278288263582063,0.0,8.13912792495068,8,False,False,2026-03-23T12:00:00+00:00,2026-03-23T13:59:59.999000+00:00
BTCUSDT,15,SHORT,1774278899999,1774278900000,1774549799999,71320.733,72353.8811533488,68221.2885399536,68234.9327976616,TAKE_PROFIT,478.9207688991983,934.3195402545389,867.0227409329967,67.29679932154215,"[218252, 218264]","[71468.0, 71789.8]","[187.70764110269465, 179.633644178037]",0.026533915854487274,0.391913,0.00999999943657198,1187.4877428391464,0.02932762116914853,2.932762282154897,21.87747185990358,0.0,10.938784742111768,301,False,False,2026-03-23T15:15:00+00:00,2026-03-26T18:29:59.999000+00:00
BTCUSDT,15,SHORT,1774662299999,1774662300000,1774684799999,66090.7792,66516.62095990525,64813.25392028424,66529.92428409723,STOP,178.5473066035029,10.18332810215361,-15.650947294226562,25.83427539638017,"[218676, 218690]","[66148.0, 66472.4]","[96.21947207613249, 84.81789785253834]",0.22888773644596072,0.978718,0.009999997675164908,-481.71850628649753,-0.011558125515298022,-1.1558128202372226,51.91930786901947,0.0,25.95963778092731,25,False,False,2026-03-28T01:45:00+00:00,2026-03-28T07:59:59.999000+00:00
BTCUSDT,15,SHORT,1774688399999,1774688400000,1774705499999,66361.62502,66587.86383052477,65682.9085884257,66601.18140329087,STOP,103.90922034984663,87.9066472377308,82.83533586211661,5.0713113756141865,"[218713, 218719]","[66460.0, 66533.9]","[30.760138195929397, 26.61091106633677]",0.09315831618366395,1.820916,0.009999999089798619,-533.057691884916,-0.012939489848615867,-1.293949102637013,96.84564064842925,0.0,48.42280481264477,19,False,False,2026-03-28T09:00:00+00:00,2026-03-28T13:44:59.999000+00:00
BTCUSDT,15,LONG,1774808999999,1774809000000,1774824299999,66381.17358,66095.14196878186,67239.26841365441,66081.9229403881,STOP,156.3720208120928,-92.69395231781527,-78.64709134015493,-14.046860977660344,"[218846, 218853]","[66288.1, 66111.0]","[-29.379310260042324, -27.326556154047566]",0.07283405624712866,1.42163,0.009999994810349239,-500.74909155397086,-0.012314572292266759,-1.2314578683103021,75.32540476251174,0.0,37.66268687081587,17,False,False,2026-03-29T18:30:00+00:00,2026-03-29T22:44:59.999000+00:00
BTCUSDT,15,SHORT,1774851299999,1774851300000,1774870199999,67396.41802,67944.94823747448,65750.82736757654,67958.53722712198,STOP,263.2988249829928,357.50494741213333,329.1010560156104,28.40389139652291,"[218891, 218900]","[67487.7, 67777.0]","[118.02336050801824, 95.9895440879298]",0.18222038357751186,0.732181,0.009999989133930038,-451.21473378489867,-0.01123475972617268,-1.1234771933954462,39.64173059511721,0.0,19.820849627472462,21,False,False,2026-03-30T06:15:00+00:00,2026-03-30T11:29:59.999000+00:00
BTCUSDT,15,LONG,1774886399999,1774886400000,1774891799999,67603.71804,67116.47197293352,69065.45624119944,67103.04867853894,STOP,294.95201804431986,59.50903616966389,86.79234697228001,-27.28331080261613,"[218922, 218939]","[67333.3, 67055.0]","[-57.821082548774626, -57.64536665149819]",0.002895251980784499,0.815012,0.009999992429884742,-451.96659016583067,-0.011381346835386809,-1.1381355451204065,43.91505254272394,0.0,21.9575108276009,6,False,False,2026-03-30T16:00:00+00:00,2026-03-30T17:29:59.999000+00:00
BTCUSDT,15,LONG,1775054699999,1775054700000,1775092499999,68386.87464,67760.47779740016,70266.0651677995,67746.92570184068,STOP,295.28146839988955,-38.334596603846876,-3.1889891912820953,-35.14560741256478,"[219114, 219126]","[68370.1, 67883.7]","[-64.13903460148953, -58.18070164974375]",0.16006989785738446,0.626746,0.009999992082967585,-435.2139631272166,-0.011085654673054975,-1.1085663449610663,34.12852593161891,0.0,17.064247604961874,42,False,False,2026-04-01T14:45:00+00:00,2026-04-02T01:14:59.999000+00:00
BTCUSDT,15,LONG,1775108699999,1775108700000,1775132999999,66567.01074,65968.76044656306,68361.76162031083,65955.56669447375,STOP,262.2930356246283,-560.1677234874223,-547.0770292731103,-13.090694214312066,"[219178, 219186]","[66590.0, 66171.8]","[-180.6632630421729, -100.99638002569952]",0.6271753958282887,0.648958,0.009999985247035359,-431.2021396193159,-0.011106590394089053,-1.1106606779626764,34.40063472268849,0.0,17.200302177296134,27,False,False,2026-04-02T05:45:00+00:00,2026-04-02T12:29:59.999000+00:00
BTCUSDT,15,SHORT,1775294999999,1775295000000,1775300399999,66931.51102,67052.89171134048,66567.36894597857,67066.30228968275,STOP,63.12780756031699,36.25732833587972,35.56196659261939,0.6953617432603281,"[219387, 219393]","[67023.7, 67025.0]","[18.38269520018962, 14.956732613003766]",0.0039887504524645625,2.868065,0.009067529189018281,-540.3158982546521,-0.014073370210600821,-1.552062300239974,153.72577537201408,0.0,76.86287529691714,6,False,True,2026-04-04T09:30:00+00:00,2026-04-04T10:59:59.999000+00:00
BTCUSDT,15,LONG,1775397599999,1775397600000,1775403899999,66876.8727,66649.65981146153,67558.51136561541,67544.99966334229,TAKE_PROFIT,101.69345902564626,-66.21670553419972,-54.97272825499097,-11.24397727920875,"[219486, 219507]","[66685.3, 66650.0]","[-25.2350528327475, -17.52026330752109]",0.11812710718916206,1.665947,0.009999997984373411,1023.4882241999526,0.02703887506193365,2.70388805119623,89.5758859992372,0.0,44.78798931370258,7,False,False,2026-04-05T14:00:00+00:00,2026-04-05T15:44:59.999000+00:00
BTCUSDT,15,SHORT,1775425499999,1775425500000,1775427299999,67456.10608,67714.3122855277,66681.48746341691,67727.85514798481,STOP,143.54152368513212,139.54982061889314,136.63531637435486,2.9145042445382785,"[219533, 219538]","[67540.0, 67681.6]","[14.917589968917582, 7.545369876239818]",0.5024584687721579,1.505616,0.009999995004145026,-490.56379873030164,-0.01261869322752486,-1.2618699531644144,81.41405398729343,0.0,40.707012255937414,2,False,False,2026-04-05T21:45:00+00:00,2026-04-05T22:14:59.999000+00:00
BTCUSDT,15,LONG,1775649599999,1775649600000,1775659499999,71664.53004,71170.06687375311,73147.91953874067,71155.83286037836,STOP,185.28875083126013,89.29587772213563,135.9760170514445,-46.68013932930887,"[219775, 219786]","[71551.8, 71415.3]","[-68.37472361334767, -67.71778814469766]",0.0073590771037505475,0.776304,0.009999994352982064,-439.2524629294044,-0.011443218502077352,-1.1443224964087015,44.348807600406126,0.0,22.174388891032407,11,False,False,2026-04-08T12:00:00+00:00,2026-04-08T14:44:59.999000+00:00
BTCUSDT,15,SHORT,1775759399999,1775759400000,1775769299999,71855.02612,72469.59426365502,70011.32168903496,72484.08818250774,STOP,335.86284243667586,342.79045167117147,314.9347454614605,27.855706209710945,"[219904, 219909]","[72377.4, 72517.9]","[149.25867331848607, 136.5979702915384]",0.03596183423379434,0.617444,0.009999999656014578,-424.059124159591,-0.011175289375061393,-1.1175289759475069,35.648528036559036,0.0,17.82424919482564,11,False,False,2026-04-09T18:30:00+00:00,2026-04-09T21:14:59.999000+00:00
BTCUSDT,15,LONG,1775874599999,1775874600000,1775881799999,72964.59,72700.59676619679,73756.56970140964,72686.05664684354,STOP,148.2688225354741,18.168633872352075,28.28934261144598,-10.120708739093907,"[220026, 220037]","[72669.1, 72615.0]","[-59.61747119564703, -46.135246494283656]",0.07508991294545356,1.421327,0.009999996703796215,-478.6938539004456,-0.012757656548584368,-1.2757660753769335,82.80687865864728,0.0,41.403425149981636,8,False,False,2026-04-11T02:30:00+00:00,2026-04-11T04:29:59.999000+00:00
BTCUSDT,15,SHORT,1776032099999,1776032100000,1776088799999,70908.71542,71621.97904517387,68768.92454447839,71636.3034409829,STOP,193.05269678257898,8.60057220478484,-12.933844226136433,21.534416430921272,"[220204, 220212]","[71199.0, 71423.9]","[62.43817110763891, 49.115299764952354]",0.3041784396677288,0.51935,0.009999988326413923,-407.4851409156514,-0.011000212052303051,-1.1000224893510266,29.612302218180588,0.0,14.806136586422209,63,False,False,2026-04-12T22:15:00+00:00,2026-04-13T13:59:59.999000+00:00
BTCUSDT,15,LONG,1776149999999,1776150000000,1776176999999,74499.99702,74088.97154892297,75733.07343323108,75717.92681854442,TAKE_PROFIT,164.28563405135026,230.8469300532306,287.2365238004133,-56.38959374718269,"[220333, 220343]","[74212.8, 74112.2]","[-96.85129871683466, -93.81489921104895]",0.018248105998432334,0.891329,0.009999996652342092,1032.0187126719738,0.028169598306620063,2.8169607736841074,53.55743673483439,0.0,26.778762861613686,30,False,False,2026-04-14T07:00:00+00:00,2026-04-14T14:29:59.999000+00:00
BTCUSDT,15,SHORT,1776260699999,1776260700000,1776282299999,73814.43416,74719.17822686779,71100.20195939661,74734.12206251317,STOP,226.11881791186474,28.850156146363588,6.807836134196297,22.04232001216729,"[220451, 220459]","[74154.3, 74222.7]","[24.883117618984983, 18.461198183115243]",0.08425677812102356,0.416337,0.009999978726905993,-407.63860636943093,-0.01082190287832004,-1.082192589990474,24.738504100804985,0.0,12.369237229167892,24,False,False,2026-04-15T13:45:00+00:00,2026-04-15T19:44:59.999000+00:00
BTCUSDT,15,LONG,1776351599999,1776351600000,1776416399999,73951.58736,73342.30158197528,75779.44469407418,75764.28880513537,TAKE_PROFIT,312.93227868315057,-229.8441378903226,-147.05563575407612,-82.78850213624648,"[220555, 220567]","[74226.2, 73256.8]","[-63.998304104938995, -25.141011969042225]",2.0381965738694334,0.61154,0.009999994065427132,1071.916542994069,0.028768340205329496,2.876835727812075,36.62289876401075,0.0,18.311494456042823,72,False,False,2026-04-16T15:00:00+00:00,2026-04-17T08:59:59.999000+00:00
BTCUSDT,15,LONG,1776472199999,1776472200000,1776500999999,77193.83568,76737.98598860978,78561.38475417063,76722.63839141207,STOP,211.4093409268073,37.159487011958845,103.64606695490276,-66.48657994294392,"[220690, 220701]","[77111.0, 76854.2]","[-96.98255135812764, -76.20506998135767]",0.23291627609175636,0.840895,0.009999992564854726,-447.9984813728619,-0.01168726209891771,-1.1687270788573325,51.77103738571202,0.0,25.885503879178405,32,False,False,2026-04-18T00:30:00+00:00,2026-04-18T08:29:59.999000+00:00
BTCUSDT,15,LONG,1776638699999,1776638700000,1776708899999,74116.92042,73458.27242415622,76092.86440753132,76077.64583464981,TAKE_PROFIT,283.88505056251535,-387.5805351107556,-312.7533419419296,-74.827193168826,"[220873, 220883]","[74550.0, 74375.0]","[-139.11022364936565, -47.58532206682972]",0.4469874219204897,0.575181,0.009999994363457729,1093.2163803985277,0.02885678737100001,2.885680363625936,34.55562432516629,0.0,17.277857964577656,78,False,False,2026-04-19T22:45:00+00:00,2026-04-20T18:14:59.999000+00:00
BTCUSDT,15,LONG,1776744899999,1776744900000,1776761999999,75584.1138,75281.66080064814,76491.47279805556,76476.17450349595,TAKE_PROFIT,191.5594662345684,-76.4145707860007,-32.90612958700231,-43.50844119899838,"[220989, 221004]","[75556.2, 75433.1]","[-93.08899143955824, -66.88272445138199]",0.17814810881718687,1.288709,0.009999992613785298,1071.222072309834,0.027483145347762142,2.748316564741836,78.38458483172398,0.0,39.19233996782187,19,False,False,2026-04-21T04:15:00+00:00,2026-04-21T08:59:59.999000+00:00
BTCUSDT,15,LONG,1776788099999,1776788100000,1776792599999,75939.98496,75269.89584206212,77950.25231381363,75254.8418628937,STOP,339.93610529191807,-108.78810508463357,-68.49046674624705,-40.29763833838652,"[221042, 221052]","[75631.2, 75355.2]","[-69.55861879608139, -63.44757401173266]",0.06617402269563875,0.597661,0.009999993042347175,-445.6286091171611,-0.011127184266964133,-1.1127192008878024,36.14530055751899,0.0,18.072634622332536,5,False,False,2026-04-21T16:15:00+00:00,2026-04-21T17:29:59.999000+00:00
BTCUSDT,15,LONG,1776797099999,1776797100000,1776800699999,75504.5979,74933.39996461496,77218.19170615512,74918.41328462203,STOP,329.2000235900266,-190.20019715627132,-158.47778447759688,-31.72241267867443,"[221052, 221061]","[75355.2, 75017.8]","[-63.44757401173266, -59.754355172455746]",0.057152365475686175,0.693332,0.009999991972003179,-448.1377866254963,-0.011315749951432669,-1.1315759035720425,41.717234876262545,0.0,20.858602015653283,4,False,False,2026-04-21T18:45:00+00:00,2026-04-21T19:44:59.999000+00:00
BTCUSDT,15,SHORT,1776839399999,1776839400000,1776860099999,77924.31202,78416.07454791105,76449.02443626683,78431.75776282063,STOP,271.5163652740364,619.9852943859441,593.9710287087876,26.014265677156573,"[221100, 221109]","[77699.0, 78447.5]","[183.58827433658274, 65.00274150378777]",1.6386720833613464,0.796215,0.009999998829206226,-453.83313136078476,-0.01159071852060674,-1.1590719877641007,49.79721924085141,0.0,24.898594454933,23,False,False,2026-04-22T06:30:00+00:00,2026-04-22T12:14:59.999000+00:00
BTCUSDT,15,LONG,1776908699999,1776908700000,1776914999999,78267.35034,77617.4469663886,80217.06046083423,77601.92347699532,STOP,272.83535574093963,-139.68642943591112,-111.1310865480889,-28.55534288782222,"[221171, 221185]","[78360.0, 77526.8]","[-101.20419186850503, -67.31559565945832]",0.9989239844877096,0.595489,0.00999999727033467,-433.38175242220166,-0.01119819350727874,-1.119819656401163,37.12737519840349,0.0,18.563672491573556,7,False,False,2026-04-23T01:45:00+00:00,2026-04-23T03:29:59.999000+00:00
BTCUSDT,15,LONG,1777026599999,1777026600000,1777135499999,77657.92848,77202.08012043292,79025.47355870124,77186.63970440884,STOP,185.47991971138634,-112.25936093617929,-107.24933834023923,-5.0100225959400575,"[221311, 221316]","[77500.0, 77355.8]","[-7.470919426499194, -3.4141083920855237]",0.3896113031021715,0.839482,0.009999997241036859,-447.63413502625684,-0.01169745255321489,-1.1697455780499824,51.99569111543356,0.0,25.997830772092254,121,False,False,2026-04-24T10:30:00+00:00,2026-04-25T16:44:59.999000+00:00
BTCUSDT,15,SHORT,1777164299999,1777164300000,1777179599999,77494.09808,77643.68197787383,77045.34638637851,77659.2107142694,STOP,86.18798524921903,32.8105140448024,24.50997253668559,8.300541508116812,"[221466, 221470]","[77599.9, 77615.7]","[39.01580132047325, 30.012947634034067]",0.043705891982235824,2.440187,0.009651307116369781,-554.3469385306572,-0.01465749767594632,-1.5187059637844738,151.44123485070475,0.0,75.7206043379484,17,False,True,2026-04-26T00:45:00+00:00,2026-04-26T04:59:59.999000+00:00
BTCUSDT,15,LONG,1777388399999,1777388400000,1777458599999,75935.184,75318.11972236447,77786.37683290656,77770.81955753999,TAKE_PROFIT,227.92018509034887,-261.7978115094156,-224.85375497022773,-36.9440565391879,"[221711, 221716]","[76088.0, 75904.4]","[-48.65689023357078, -28.175638758795884]",0.41172003300718196,0.603918,0.009999984892037019,1071.44302573585,0.028751469498950258,2.8751512936629564,37.13032890258497,0.0,18.565209536835052,78,False,False,2026-04-28T15:00:00+00:00,2026-04-29T10:29:59.999000+00:00
BTCUSDT,15,LONG,1777490099999,1777490100000,1777638599999,75543.90576,74831.32415147274,77681.6505855818,77666.11425546468,TAKE_PROFIT,333.1838990181769,-491.43483253721206,-446.7021346390398,-44.73269789817226,"[221825, 221832]","[75653.0, 74868.0]","[-136.7867488995123, -62.09061297585214]",1.2410624563968502,0.538003,0.00999999544685566,1108.783557026132,0.028921930126000025,2.8921943294578267,32.97098015935202,0.0,16.485536409278954,165,False,False,2026-04-29T19:15:00+00:00,2026-05-01T12:29:59.999000+00:00
BTCUSDT,15,SHORT,1777731299999,1777731300000,1777738499999,78260.3448,78494.58448707657,77557.6257387703,78510.28340397398,STOP,89.92299138437858,22.583964322242537,5.782604662609497,16.80135965963304,"[222086, 222100]","[78359.2, 78403.1]","[7.989917239004351, 7.630930943073057]",0.02108371337098489,1.683997,0.009999996883343795,-526.4963663098188,-0.013347300865890381,-1.3347305025786484,105.60050703344304,0.0,52.80023879289669,8,False,False,2026-05-02T14:15:00+00:00,2026-05-02T16:14:59.999000+00:00
BTCUSDT,15,SHORT,1777805099999,1777805100000,1777808699999,78396.91748,78587.37057323488,77825.55820029539,78603.08804734952,STOP,99.04704882324644,53.363781163905514,35.26014445640646,18.103636707499057,"[222176, 222182]","[78475.3, 78579.0]","[43.39826947989409, 36.03539373066904]",0.16423043499384019,2.043516,0.009999996240457847,-549.6456624259057,-0.014122662114399923,-1.4122667423876274,128.33280931809088,0.0,64.16639037318693,4,False,False,2026-05-03T10:45:00+00:00,2026-05-03T11:44:59.999000+00:00
BTCUSDT,15,SHORT,1777872599999,1777872600000,1777917599999,79944.008,80589.89735690552,78006.33992928341,80606.0153363769,STOP,313.5982379370194,469.4284989248554,452.66908650524067,16.759412419614705,"[222252, 222257]","[80426.0, 80590.2]","[207.97914069046251, 128.40114390736312]",0.1797535023073801,0.59406,0.009999984320816781,-431.4226169933505,-0.01124381752512019,-1.1243835154535338,38.15053874528323,0.0,19.07525440476866,50,False,False,2026-05-04T05:30:00+00:00,2026-05-04T17:59:59.999000+00:00
BTCUSDT,15,SHORT,1777921199999,1777921200000,1777949099999,80064.88382,80654.5251337699,78295.95987869031,80670.65603879665,STOP,344.08342251326405,306.29244919308985,291.0236517979052,15.268797395184663,"[222299, 222311]","[80528.9, 80771.7]","[141.25068528003004, 98.65081224869374]",0.17909070986710138,0.643413,0.009999986288718102,-431.12945497547616,-0.011363951275888379,-1.1363966857343684,41.367734362867175,0.0,20.683852418318857,31,False,False,2026-05-04T19:00:00+00:00,2026-05-05T02:44:59.999000+00:00
BTCUSDT,15,LONG,1778095799999,1778095800000,1778116499999,81299.2566,80775.10349118563,82871.71592644311,80758.94847048739,STOP,241.79767254291394,-159.01655493929866,-123.3894546886377,-35.62710025066096,"[222492, 222504]","[81257.1, 81213.2]","[-128.20178233267984, -33.87417387894109]",0.12023020439252664,0.715577,0.009999994584932032,-433.0181200761332,-0.011544929786390682,-1.1544936038052014,46.38604968388966,0.0,23.193010304382426,23,False,False,2026-05-06T19:30:00+00:00,2026-05-07T01:14:59.999000+00:00
BTCUSDT,15,SHORT,1778188499999,1778188500000,1778237999999,79726.35154,80204.45966103526,78292.0271768942,80220.50055296747,STOP,231.03977402351063,-188.62796245458594,-202.88733133886194,14.259368884276,"[222603, 222608]","[80235.0, 80331.6]","[64.5786406203764, 60.983117979926504]",0.022473382179948955,0.775435,0.0099999956785461,-432.7917947715165,-0.011673667274335126,-1.1673672319058803,49.61135490108409,0.0,24.805663115550978,55,False,False,2026-05-07T21:15:00+00:00,2026-05-08T10:59:59.999000+00:00
BTCUSDT,15,LONG,1778381099999,1778381100000,1778428799999,80731.94316,80525.65218398522,81350.81608804432,81334.54592482671,TAKE_PROFIT,96.16521067651601,0.5827994808205403,4.872130191647822,-4.289330710827282,"[222814, 222822]","[80569.0, 80533.7]","[-36.29822581980709, -26.282654359099304]",0.09912273864758747,1.776199,0.009999994874780703,955.1974939440511,0.02606880358800515,2.6068816948845517,115.14493433839205,0.0,57.57251228579365,53,False,False,2026-05-10T02:45:00+00:00,2026-05-10T15:59:59.999000+00:00
BTCUSDT,15,SHORT,1778507099999,1778507100000,1778516099999,81021.69242,81529.46353824619,79498.37906526147,81545.76943095383,STOP,206.64235883078607,61.04776103176118,43.00240620967179,18.045354822089394,"[222953, 222962]","[81162.4, 81320.0]","[64.08171023026159, 47.01881472713504]",0.243819349204651,0.740424,0.009999998255565228,-436.18673690788967,-0.011601760552344952,-1.1601762576196757,48.14754014941226,0.0,24.07375551608848,10,False,False,2026-05-11T13:45:00+00:00,2026-05-11T16:14:59.999000+00:00
BTCUSDT,15,SHORT,1778528699999,1778528700000,1778594399999,81941.1085,82443.91484462935,80432.68946611193,80448.77600400515,TAKE_PROFIT,259.27656308623875,285.95561247902515,263.08926930702376,22.866343172001393,"[222978, 222986]","[81880.0, 82098.9]","[80.64574665088233, 67.01262236934508]",0.1432015681778115,0.73906,0.009999998288224825,1054.9169072733432,0.0283881918576557,2.838819671707674,48.00634721661202,0.0,24.003218685364935,73,False,False,2026-05-11T19:45:00+00:00,2026-05-12T13:59:59.999000+00:00
BTCUSDT,15,SHORT,1778648399999,1778648400000,1778673599999,81183.76,81430.1627977629,80444.5516067113,80460.64051703265,TAKE_PROFIT,142.77519850860014,176.96785200483282,156.75311844806237,20.214733556770454,"[223113, 223119]","[81239.1, 81268.0]","[61.627910915993624, 38.48580302482674]",0.06860281143684664,1.550929,0.009999998822117672,1021.2273812192898,0.026722977627677096,2.6722980775329774,100.27959537979237,0.0,50.13984455576903,28,False,False,2026-05-13T05:00:00+00:00,2026-05-13T11:59:59.999000+00:00
BTCUSDT,15,LONG,1778806799999,1778806800000,1778811299999,81484.99374,80948.13119575693,83095.58137272923,80931.94156951777,STOP,229.71253616205078,129.4449306387396,165.43230515545537,-35.98737451671576,"[223282, 223295]","[81114.8, 81007.9]","[-115.51326236087408, -86.7173759477898]",0.1323164662078534,0.730849,0.009999997197525144,-451.6785276463758,-0.011511676089810392,-1.1511679315929575,47.4809019016103,0.0,23.74043573251755,5,False,False,2026-05-15T01:00:00+00:00,2026-05-15T02:14:59.999000+00:00
BTCUSDT,15,LONG,1778817599999,1778817600000,1778823899999,81038.90454,80579.71161688681,82416.48330933956,80563.59567456343,STOP,233.3255887421237,-29.02906830891152,16.783719297741634,-45.81278760665315,"[223295, 223306]","[81007.9, 80706.9]","[-86.7173759477898, -78.65242458187662]",0.11454015527380551,0.844631,0.009999994832045245,-456.0583948660403,-0.011758665242879836,-1.1758671319707972,54.59779254349077,0.0,27.298881305276545,7,False,False,2026-05-15T04:00:00+00:00,2026-05-15T05:44:59.999000+00:00
BTCUSDT,15,LONG,1778827499999,1778827500000,1778850899999,80573.91156,80125.59008582658,81918.87598252027,80109.5649678094,STOP,223.3399427822828,-231.0117058306787,-167.8583737616199,-63.15333206905879,"[223306, 223318]","[80706.9, 80266.8]","[-78.65242458187662, -76.40703655141849]",0.05301977407982754,0.85494,0.009999993915752622,-451.93836809649673,-0.011791085005483206,-1.1791092179475373,54.94989256907415,0.0,27.474931503995315,26,False,False,2026-05-15T06:45:00+00:00,2026-05-15T13:14:59.999000+00:00
BTCUSDT,15,LONG,1778930999999,1778931000000,1778982299999,78121.32114,77740.52952037934,79263.69599886201,77724.98141447526,STOP,190.98031974711418,-322.72109628825274,-319.80499987220963,-2.9160964160431035,"[223421, 223433]","[78000.4, 77601.8]","[-72.44733720128289, -65.28763914130639]",0.19044157000999473,0.994687,0.009999991105253512,-456.2412890226355,-0.012045376393019907,-1.2045387107086374,62.00731645960133,0.0,31.00364370058751,57,False,False,2026-05-16T11:30:00+00:00,2026-05-17T01:44:59.999000+00:00
BTCUSDT,15,SHORT,1779146999999,1779147000000,1779150599999,76980.90074,77327.34423643303,75941.57025070091,77342.80970528032,STOP,189.0961576220207,117.16186812403612,94.71977343986666,22.44209468416946,"[223666, 223673]","[77160.3, 77187.3]","[98.8449239864009, 60.45708684090533]",0.048203579117084686,1.080136,0.009999991841468544,-457.5871402442305,-0.012228201949045945,-1.2228211925471109,66.67623812220933,0.0,33.33810475819276,4,False,False,2026-05-18T23:30:00+00:00,2026-05-19T00:29:59.999000+00:00
BTCUSDT,15,LONG,1779194699999,1779194700000,1779200999999,76884.27378,76550.34192546249,77886.06934361253,76535.0318570774,STOP,170.17204969167307,-43.79977336972661,-31.81237831429443,-11.987395055432177,"[223718, 223726]","[76671.1, 76576.8]","[-34.74968819886642, -30.51587524267172]",0.060630649169631116,1.106904,0.009999999436106495,-454.50545868548136,-0.012296210033394681,-1.2296210726770016,67.9281772347614,0.0,33.96407451285243,7,False,False,2026-05-19T12:45:00+00:00,2026-05-19T14:29:59.999000+00:00
BTCUSDT,15,LONG,1779203699999,1779203700000,1779479099999,76574.91192,75925.51037274726,78523.11656175823,75910.3252706727,STOP,251.4597515018283,-128.3454118585505,-89.71257782977968,-38.63283402877083,"[223726, 223733]","[76576.8, 76556.0]","[-30.51587524267172, -18.27805397226159]",0.04707726749205823,0.562187,0.009999990026281278,-407.9120618415673,-0.011173056541045554,-1.1173067684748987,34.29008721620509,0.0,17.145029349024732,306,False,False,2026-05-19T15:15:00+00:00,2026-05-22T19:44:59.999000+00:00
BTCUSDT,15,SHORT,1779705899999,1779705900000,1779722099999,77466.80354,77763.43825454566,76576.89939636302,77778.99094219657,STOP,139.95883636377204,142.1871542699664,135.19379317748934,6.993361092477073,"[224280, 224294]","[77677.6, 77699.0]","[15.894754062728623, 9.860965990501569]",0.053694726961483294,1.217006,0.00999999657228775,-455.5079669414755,-0.01261772723628613,-1.2617731561281433,75.57402534384005,0.0,37.78699898604232,18,False,False,2026-05-25T10:45:00+00:00,2026-05-25T15:14:59.999000+00:00
BTCUSDT,15,LONG,1779752699999,1779752700000,1779756299999,77317.26036,77026.10473509884,78190.7272347035,77010.69951415181,STOP,133.06350993411024,-77.477614757212,-66.50862294722376,-10.968991809988239,"[224338, 224346]","[77172.0, 77011.3]","[-44.64918338210546, -27.492526307707394]",0.46399416665012166,1.224263,0.009999994033542053,-450.88630527640015,-0.012649311177930155,-1.264931872509298,75.57520445576348,0.0,37.78758872694126,4,False,False,2026-05-25T23:45:00+00:00,2026-05-26T00:44:59.999000+00:00
BTCUSDT,15,LONG,1779821099999,1779821100000,1779857099999,75907.27842,75413.89454147304,77387.43005558087,75398.81176256474,STOP,297.53697235130375,-320.2406965372793,-234.15024360062108,-86.09045293665821,"[224416, 224422]","[76171.0, 75809.5]","[-109.6507159772029, -104.68425725996767]",0.05181987108158037,0.713323,0.00999999033795667,-405.8730071486041,-0.011532369996508963,-1.1532381139145589,43.172045666919054,0.0,21.586009188861436,40,False,False,2026-05-26T18:45:00+00:00,2026-05-27T04:44:59.999000+00:00
BTCUSDT,15,LONG,1780100999999,1780101000000,1780116299999,73444.88604,73169.60578886962,74270.72679339112,73154.97186771185,STOP,173.66280742025026,-66.40157318790443,-53.53662025049026,-12.864952937414174,"[224728, 224733]","[73344.6, 73279.3]","[-43.530572272837595, -36.13960510751429]",0.05476571839006117,1.263743,0.009999994597187645,-440.4828235226889,-0.012661784697693676,-1.2661791538622051,74.1058176927462,0.0,37.05289567340869,17,False,False,2026-05-30T00:30:00+00:00,2026-05-30T04:44:59.999000+00:00
BTCUSDT,15,LONG,1780396199999,1780396200000,1780404299999,69622.9218,69073.91629229013,71269.93832312962,69060.10150903167,STOP,272.92247180658137,-446.7783351821272,-424.91927644569523,-21.85905873643196,"[225052, 225061]","[69666.8, 69277.8]","[-64.66906781324343, -64.58388312934272]",0.0018295237306608268,0.625638,0.009999995857344297,-386.8279089356505,-0.011262059040780646,-1.1262063706265888,34.70614773480638,0.0,17.353060476655163,9,False,False,2026-06-02T10:30:00+00:00,2026-06-02T12:44:59.999000+00:00
BTCUSDT,15,SHORT,1780487099999,1780487100000,1780516799999,67109.37544,67684.4036894415,65384.29069167549,65397.367549813825,TAKE_PROFIT,255.6024596276687,96.408928105433,72.16534883504873,24.243579270384274,"[225151, 225160]","[67299.9, 67448.0]","[82.26454781750712, 9.27540902026189]",0.419318514933293,0.590598,0.009999998911369537,979.8051489696549,0.028850843658502,2.885084679929307,31.303286958519227,0.0,15.651684549664433,33,False,False,2026-06-03T11:45:00+00:00,2026-06-03T19:59:59.999000+00:00
BTCUSDT,15,LONG,1780613099999,1780613100000,1780627499999,63481.59378,62652.536418727104,65968.76586381868,62640.00591144336,STOP,361.0423875152617,-68.02574810512306,-30.334675504108777,-37.691072601014284,"[225297, 225302]","[63140.8, 63040.0]","[-32.046685127092395, -25.798132271488953]",0.050588493289626724,0.421452,0.009999978835633699,-375.9505705521955,-0.010759624872335598,-1.0759647644448,21.261680173263276,0.0,10.630826324309075,16,False,False,2026-06-04T22:45:00+00:00,2026-06-05T02:44:59.999000+00:00
BTCUSDT,15,LONG,1780630199999,1780630200000,1780640999999,62582.514,61825.40770681659,64853.83287955023,61813.04262527523,STOP,343.1281954556062,-307.5175368314958,-175.3370162651513,-132.1805205663445,"[225302, 225316]","[63040.0, 63011.0]","[-25.798132271488953, -11.051130764851827]",0.04943892229949577,0.456539,0.009999983600848935,-374.0102611559316,-0.010820518351039936,-1.0820536095800541,22.716569210458612,0.0,11.358271007812467,12,False,False,2026-06-05T03:30:00+00:00,2026-06-05T06:29:59.999000+00:00
BTCUSDT,15,LONG,1780644599999,1780644600000,1780668899999,62233.84428,60647.142457003305,66993.94974899008,60635.0130285119,STOP,540.171695331131,-447.48590727269766,-338.6425352869937,-108.84337198570398,"[225324, 225337]","[62300.0, 61067.6]","[-141.85282715236974, -116.98163460601046]",0.4284540971746806,0.215484,0.00999999536190382,-355.1130625349681,-0.010386186025491935,-1.0386190842707144,10.59050913930695,0.0,5.29524100056098,27,False,False,2026-06-05T07:30:00+00:00,2026-06-05T14:14:59.999000+00:00
BTCUSDT,15,SHORT,1780806599999,1780806600000,1780809299999,61512.59502,61922.3493536805,60283.332018958485,61934.73382355124,STOP,210.43290245367058,278.49074655435106,247.67317961413409,30.817566940216977,"[225509, 225517]","[61641.4, 61763.9]","[94.71440360144476, 65.65003879626505]",0.1664586081589054,0.825757,0.009999988938784512,-389.35907037360863,-0.011507314865896866,-1.1507327594399888,40.774998369545735,0.0,20.38748605690943,3,False,False,2026-06-07T04:30:00+00:00,2026-06-07T05:14:59.999000+00:00
BTCUSDT,15,SHORT,1780818299999,1780818300000,1780821899999,62184.46062,62578.24314316399,61003.113050508015,62590.75879179263,STOP,225.96209544266384,355.47124498311314,325.4145095030405,30.056735480072632,"[225525, 225530]","[62132.0, 62254.9]","[26.628922122930362, 23.748791402764994]",0.05514576426520819,0.849362,0.009999988595535787,-387.48595975414617,-0.011585271372906386,-1.1585284585302733,42.391731964015605,0.0,21.19585302607281,4,False,False,2026-06-07T07:45:00+00:00,2026-06-07T08:44:59.999000+00:00
BTCUSDT,15,SHORT,1780928999999,1780929000000,1781015399999,63712.35498,64389.700260050966,61680.31913984711,61692.65520367508,TAKE_PROFIT,356.466840033976,218.3240521866901,185.82166060073126,32.50239158595883,"[225646, 225651]","[63861.3, 63948.2]","[28.7038029633284, 22.218173333299006]",0.05481111040153211,0.488066,0.00999999298745498,961.2644223516775,0.029077288188323,2.9077308578916545,24.482368680122224,0.0,12.241224259581724,96,False,False,2026-06-08T14:30:00+00:00,2026-06-09T14:29:59.999000+00:00
BTCUSDT,15,SHORT,1781110799999,1781110800000,1781150399999,62182.16108,62732.313053231635,60531.7051603051,62744.85951584228,STOP,356.4087021544225,292.71782991737564,261.44279347667026,31.275036440705378,"[225847, 225855]","[62445.0, 62840.2]","[136.01416137285293, 108.03179026007149]",0.2170501215373735,0.618378,0.00999999410347023,-378.8611818160838,-0.011136357090923634,-1.1136363657513617,30.900848456806305,0.0,15.450410928006255,44,False,False,2026-06-10T17:00:00+00:00,2026-06-11T03:59:59.999000+00:00
BTCUSDT,15,SHORT,1781153999999,1781154000000,1781175599999,62680.26144,63177.06547237961,61189.84934286116,63189.70088547409,STOP,233.37698158640904,290.0851726055553,211.51477350964436,78.57039909591091,"[225894, 225903]","[62350.0, 62922.0]","[101.70509315522105, 73.25882194074745]",0.6126191751715707,0.677155,0.009999996101820103,-379.0628574354096,-0.011267767081272976,-1.1267771473653,34.09338973540256,0.0,17.046681750789844,24,False,False,2026-06-11T05:00:00+00:00,2026-06-11T10:59:59.999000+00:00
BTCUSDT,15,SHORT,1781210699999,1781210700000,1781223299999,63242.44898,63753.42056255715,61709.53423232856,63766.171246669655,STOP,247.88037503809798,221.06704971443833,215.16452322794368,5.902526486494651,"[225960, 225966]","[63768.7, 63915.3]","[90.36167870019358, 83.63288713236676]",0.039186160078453554,0.650961,0.009999992040272899,-373.99383380609675,-0.011243781005948238,-1.12437899556982,33.07106337254924,0.0,16.53551871078455,14,False,False,2026-06-11T20:45:00+00:00,2026-06-12T00:14:59.999000+00:00
BTCUSDT,15,LONG,1781324999999,1781325000000,1781363699999,63521.10168,63289.071917651316,64217.190967046045,64204.34752885264,TAKE_PROFIT,115.81872156578811,-23.25447321194224,-6.111662226004455,-17.142810985937786,"[226077, 226093]","[63394.3, 63360.0]","[-16.88678060150194, -1.9819498008108134]",0.23221901931361225,1.417416,0.009999993884011479,896.0275599709837,0.027244577425953,2.7244594088715473,72.41603812632603,0.0,36.20805924922931,43,False,False,2026-06-13T04:30:00+00:00,2026-06-13T15:14:59.999000+00:00
BTCUSDT,15,LONG,1781424899999,1781424900000,1781444699999,64421.98182,64207.958185488606,65064.052723534194,64195.116593851504,STOP,96.8278763409318,-18.575876398601395,-16.90846057254569,-1.6674158260557057,"[226198, 226204]","[64260.0, 64186.5]","[-39.02719962163475, -33.20914498142729]",0.11692138368027948,1.578532,0.009999999451201365,-439.3245014000023,-0.01300379983153153,-1.3003800545178326,81.21048223736554,0.0,40.60522841833114,22,False,False,2026-06-14T08:15:00+00:00,2026-06-14T13:44:59.999000+00:00
BTCUSDT,15,LONG,1781463599999,1781463600000,1781472599999,63796.65678,63546.497552439156,64547.134462682545,64534.225035790005,TAKE_PROFIT,126.40163170723193,-192.59750359752798,-169.9928166037796,-22.604686993748373,"[226235, 226247]","[63830.0, 63650.0]","[-63.66493644732343, -34.69710669319258]",0.5803797077382663,1.33295,0.009999994392498417,914.7181469887471,0.02743194904093163,2.7431964423410022,68.42345956654292,0.0,34.21177047740654,10,False,False,2026-06-14T19:00:00+00:00,2026-06-14T21:29:59.999000+00:00
BTCUSDT,15,SHORT,1781486099999,1781486100000,1781495999999,65459.10556,65989.17386815105,63868.90063554684,66002.37170292469,STOP,262.3159121007025,501.5990685531069,471.5587162032365,30.04035234987043,"[226263, 226272]","[65652.0, 65880.0]","[204.41739560912785, 145.45070867945026]",0.24067323373135688,0.646326,0.009999994702372651,-385.1138213933141,-0.011241011941437175,-1.1241017896509558,33.98678830137482,0.0,16.99338078534132,11,False,False,2026-06-15T01:15:00+00:00,2026-06-15T03:59:59.999000+00:00
BTCUSDT,15,SHORT,1781542799999,1781542800000,1781576999999,67108.87554,67478.65070804601,65999.55003586196,66012.74994586913,TAKE_PROFIT,199.43380536400986,411.99251346969686,363.9617039104231,48.030809559273735,"[226325, 226335]","[66915.2, 67255.4]","[92.51075815220503, 50.85078825590983]",0.7093676596311551,0.916086,0.009999996515953097,955.3649680630348,0.02820299118797318,2.820300101403101,48.78034296193916,0.0,24.39021262239053,38,False,False,2026-06-15T17:00:00+00:00,2026-06-16T02:29:59.999000+00:00
BTCUSDT,15,LONG,1781698499999,1781698500000,1781713799999,64838.56512,64444.038164958874,66022.14598512338,66008.94155592636,TAKE_PROFIT,169.6412233607508,-304.6371923585539,-299.6340460314658,-5.003146327088075,"[226499, 226508]","[64800.0, 64525.0]","[-99.52176894265891, -53.13213900543468]",0.7000108514537492,0.882828,0.009999994842633792,987.0347511265132,0.028338668432086968,2.8338683047383597,46.20633704947789,0.0,23.1032107785109,17,False,False,2026-06-17T12:15:00+00:00,2026-06-17T16:29:59.999000+00:00
BTCUSDT,15,LONG,1781738099999,1781738100000,1781759699999,64307.65896,63754.00602015271,65968.61777954188,63741.255218948674,STOP,308.395986564862,-363.57094350044645,-353.1046022403175,-10.466341260128956,"[226543, 226552]","[64015.0, 63881.2]","[-210.60372344609019, -93.60870993672063]",0.21414092311192093,0.646921,0.009999992843949698,-399.5534872084871,-0.011155415609621959,-1.1155423592499196,33.13501264382386,0.0,16.567492327872642,24,False,False,2026-06-17T23:15:00+00:00,2026-06-18T05:14:59.999000+00:00
BTCUSDT,15,SHORT,1781936099999,1781936100000,1781967599999,63643.96866,63889.615194775724,62907.02905567283,63902.39311781468,STOP,131.54346318381585,128.8631173495669,118.32124570878133,10.541871640785558,"[226758, 226772]","[63594.2, 63894.0]","[17.59060066256413, 17.177676072973895]",0.05298604497729443,1.441805,0.00999999907212994,-446.156468256718,-0.012597082800131405,-1.259708396897711,73.55879285722483,0.0,36.779382995880724,35,False,False,2026-06-20T06:15:00+00:00,2026-06-20T14:59:59.999000+00:00
BTCUSDT,15,LONG,1782158399999,1782158400000,1782167399999,64463.49012,63953.46788540324,65993.55682379028,63940.67719182616,STOP,191.02140973117196,-79.11790506044781,-25.910231518757527,-53.20767354169028,"[227014, 227019]","[64355.0, 64249.6]","[-102.68428546605304, -76.22649233581721]",0.13295465228189812,0.685681,0.009999991009424652,-393.70061054178194,-0.011257824462036166,-1.1257834583477175,35.21771913861611,0.0,17.608845934346235,10,False,False,2026-06-22T20:00:00+00:00,2026-06-22T22:29:59.999000+00:00
BTCUSDT,15,LONG,1782206999999,1782207000000,1782220499999,62492.496,62051.24840777814,63816.23877666558,62038.83815809659,STOP,236.3010614812403,-528.471767566778,-478.28119097847383,-50.19057658830417,"[227065, 227073]","[62532.4, 61870.0]","[-114.8739920989347, -107.46758821185648]",0.1677232056988195,0.783632,0.009999996212601125,-394.53549734604877,-0.01141015143781669,-1.1410155759297798,39.034695379591014,0.0,19.5173342504568,15,False,False,2026-06-23T09:30:00+00:00,2026-06-23T13:14:59.999000+00:00
BTCUSDT,15,SHORT,1782342899999,1782342900000,1782363599999,60847.72802,61352.67724275015,59332.88035174955,61364.9477781987,STOP,277.3181618334336,12.094192547199782,-118.0674111276804,130.16160367488018,"[227219, 227224]","[61188.0, 61256.0]","[262.355139647853, 227.8069984407981]",0.027168956482462255,0.67696,0.009999997561928842,-383.2303247135317,-0.011211121138366498,-1.1211123871718274,33.093237203339434,0.0,16.546605258050427,23,False,False,2026-06-24T23:15:00+00:00,2026-06-25T04:59:59.999000+00:00
BTCUSDT,15,SHORT,1782377099999,1782377100000,1782395099999,61717.1541,62008.14553546971,60844.17979359087,60856.34862954959,TAKE_PROFIT,169.5636903131405,307.23644729219086,294.59516284962007,12.641284442570793,"[227253, 227262]","[61800.0, 61931.1]","[96.90773096485233, 64.24857809359361]",0.23160744438717398,1.16154,0.009999999586653747,942.9103756027815,0.027896904748890186,2.7896905901998337,56.94961054419241,0.0,28.474846405489508,20,False,False,2026-06-25T08:45:00+00:00,2026-06-25T13:44:59.999000+00:00
BTCUSDT,15,SHORT,1782463499999,1782463500000,1782480599999,60172.76304,60736.301923490195,58482.14638952942,58493.84281880732,TAKE_PROFIT,279.6012823267954,252.47974278666516,227.54542622121033,24.93431656545482,"[227345, 227358]","[60234.8, 60734.0]","[114.81250371758276, 113.40293975949865]",0.020395722779807765,0.616509,0.0099999851433415,1005.8058144427109,0.028950108020055966,2.8950151030306706,29.26361220456298,0.0,14.631848090332479,19,False,False,2026-06-26T08:45:00+00:00,2026-06-26T13:29:59.999000+00:00
BTCUSDT,15,SHORT,1782534599999,1782534600000,1782573299999,60354.02678,60705.16223401727,59300.62041794819,60717.30326646408,STOP,155.30815601151488,139.00315956346458,108.3859015260403,30.61725803742428,"[227424, 227436]","[60167.3, 60387.8]","[28.542281512499386, 25.20805696895887]",0.1571806641013592,1.018083,0.009999990729838615,-419.14988033188337,-0.01172495206950003,-1.1724962938729897,49.304265163077716,0.0,24.652118773799,43,False,False,2026-06-27T04:30:00+00:00,2026-06-27T15:14:59.999000+00:00
BTCUSDT,15,LONG,1782603899999,1782603900000,1782664199999,60042.5061,59703.16687759416,61060.52376721753,59691.22624421864,STOP,156.4887482705611,-141.18092897423776,-111.69018818473555,-29.490740789502212,"[227502, 227513]","[60050.0, 59819.8]","[-61.85737908172953, -32.58115445868846]",0.7175402150159108,1.041122,0.009999990401360789,-415.58815516507264,-0.011763242773319933,-1.1763254064443105,49.86296915427104,0.0,24.931470945386916,67,False,False,2026-06-27T23:45:00+00:00,2026-06-28T16:29:59.999000+00:00
BTCUSDT,15,SHORT,1782718199999,1782718200000,1782735299999,60060.18556,60512.56470131267,58703.048136061974,60524.667214252935,STOP,233.3764675417828,152.67319057701388,128.16496507999378,24.508225497020106,"[227629, 227641]","[60219.4, 60325.0]","[101.0238095066456, 44.8078597555846]",0.22045029647612258,0.771781,0.009999989648489183,-395.704154904572,-0.011333746802223973,-1.133375853437638,37.22603930358628,0.0,18.61300605718876,19,False,False,2026-06-29T07:30:00+00:00,2026-06-29T12:14:59.999000+00:00
BTCUSDT,15,LONG,1782798299999,1782798300000,1782821699999,59553.10824,59076.01928652963,60984.37510041112,59064.204082672324,STOP,169.32047564691464,-216.46158252061286,-181.2056767322811,-35.25590578833177,"[227721, 227728]","[59719.6, 59400.0]","[-46.433853215284536, -45.582555363932414]",0.03449572388295372,0.723514,0.009999988155725314,-388.0575169279079,-0.0112421476767875,-1.1242160992311785,34.32851444313037,0.0,17.16424375897484,26,False,False,2026-06-30T05:45:00+00:00,2026-06-30T12:14:59.999000+00:00
BTCUSDT,15,LONG,1782837899999,1782837900000,1782868499999,58318.86144,57783.87531947087,59923.81980158739,57772.318544406975,STOP,298.9497870194199,-327.88611356895126,-309.0051679920316,-18.880945576919657,"[227766, 227773]","[58200.0, 58160.0]","[-78.9359455034679, -23.636451051709912]",0.09200431523729778,0.637961,0.009999997353803245,-378.2977103250341,-0.011084011115770459,-1.108401404881866,29.624658109612902,0.0,14.812315700376992,34,False,False,2026-06-30T16:45:00+00:00,2026-07-01T01:14:59.999000+00:00
BTCUSDT,15,SHORT,1782885599999,1782885600000,1782914399999,59110.47554,59480.72001393917,57999.74211818248,59492.616157941964,STOP,202.2800092927819,186.1091032024633,168.3044503134985,17.804652888964796,"[227819, 227827]","[59152.0, 59444.5]","[80.9235099132477, 69.54428628060461]",0.18002993268404707,0.911606,0.009999990822972699,-391.6093961637566,-0.011602643405375234,-1.1602654053162536,43.24771600415763,0.0,21.623844932565408,32,False,False,2026-07-01T06:00:00+00:00,2026-07-01T13:59:59.999000+00:00
BTCUSDT,15,SHORT,1782989999999,1782990000000,1782998099999,61226.15232,61656.25360083011,59935.84847750967,61668.58485155027,STOP,229.6357338867395,263.5230879545925,162.7491979689077,100.77388998568478,"[227919, 227943]","[61102.5, 61447.0]","[95.45674542778518, 77.66279833802903]",0.2620438752436876,0.775634,0.009999996317957728,-381.2942488049935,-0.011429639187877736,-1.1429643396320748,38.12853462852729,0.0,19.064254350205253,9,False,False,2026-07-02T11:00:00+00:00,2026-07-02T13:14:59.999000+00:00
BTCUSDT,15,LONG,1783150199999,1783150200000,1783187999999,62534.20434,62316.39439225863,63187.63418322411,63174.99665638746,TAKE_PROFIT,118.93707182757947,0.0033723239102982916,16.430106867311753,-16.426734543401455,"[228101, 228121]","[62381.6, 62302.6]","[-36.9739226056121, -35.01890239769531]",0.032896200387565834,1.51411,0.009999995838966045,894.0950308371652,0.027111176344316368,2.7111187625373594,76.13502332825608,0.0,38.06755199603229,42,False,False,2026-07-04T07:30:00+00:00,2026-07-04T17:59:59.999000+00:00
BTCUSDT,15,SHORT,1783197899999,1783197900000,1783244699999,63253.3468,63520.47852087728,62451.95163736815,62464.44202769562,TAKE_PROFIT,148.3190139181893,200.39127194265166,198.5359487054311,1.8553232372205457,"[228167, 228174]","[63420.0, 63450.0]","[46.1698873550162, 30.920997128551505]",0.06591173473370616,1.268023,0.00999999582536462,936.5841769946502,0.027649930378978418,2.7649941921821,63.76521909706443,0.0,31.882650837814094,52,False,False,2026-07-04T20:45:00+00:00,2026-07-05T09:44:59.999000+00:00
BTCUSDT,15,LONG,1783320299999,1783320300000,1783331099999,63061.80984,62678.33307884827,64212.240123455194,62665.797412232496,STOP,174.44461410115412,-67.52129198329203,-15.97349482676105,-51.54779715653098,"[228302, 228310]","[63101.2, 62912.6]","[-86.1582765467366, -70.22150915271388]",0.18155208305899492,0.907734,0.009999992675228228,-405.1248346437038,-0.011638336112489947,-1.1638344637311773,45.65088953659921,0.0,22.82543130235905,12,False,False,2026-07-06T06:45:00+00:00,2026-07-06T09:44:59.999000+00:00
BTCUSDT,15,LONG,1783334699999,1783334700000,1783339199999,62914.38036,62637.96261636014,63743.633590919584,62625.435023836864,STOP,141.35825575990708,-136.19966291809396,-130.93698089470203,-5.262682023391932,"[228316, 228326]","[62858.4, 62610.0]","[-49.78095053327179, -39.10425207796628]",0.3565260935352155,1.244652,0.009999999898972746,-422.13774346496473,-0.012269880161242508,-1.2269880285201737,62.50135291884933,0.0,31.250663323995575,5,False,False,2026-07-06T10:45:00+00:00,2026-07-06T11:59:59.999000+00:00
BTCUSDT,15,SHORT,1783362599999,1783362600000,1783372499999,63722.65292,64332.22558019998,61893.93493940007,64345.092025316015,STOP,309.81705346665143,401.7061902323694,281.47979130907424,120.22639892329516,"[228352, 228357]","[63850.0, 63977.9]","[252.15717770664932, 242.1207334174099]",0.015225880273515404,0.557476,0.009999988370978926,-375.55274034760595,-0.011051437570466047,-1.1051450422221032,28.557877672453998,0.0,14.278925527589513,11,False,False,2026-07-06T18:30:00+00:00,2026-07-06T21:14:59.999000+00:00
BTCUSDT,15,SHORT,1783376099999,1783376100000,1783435499999,64333.1308,64884.456946018516,62679.15236194445,62691.68819241684,TAKE_PROFIT,263.7712973456775,430.68995336279477,389.0915268981347,41.598426464660065,"[228365, 228372]","[63874.4, 64691.9]","[47.342488554105046, 12.051602034879465]",2.2443728928408118,0.609561,0.009999997643288294,969.5876470450638,0.028851022513750078,2.885102931310593,30.971750275934642,0.0,15.485915779779845,66,False,False,2026-07-06T22:15:00+00:00,2026-07-07T14:44:59.999000+00:00
BTCUSDT,15,SHORT,1783553399999,1783553400000,1783559699999,62220.95332,62522.35132638199,61316.75930085403,62534.855796647265,STOP,149.16755092132684,47.19219578751654,28.65451719713032,18.537678590386218,"[228560, 228568]","[62287.1, 62331.8]","[42.70714309642533, 2.5979456087201687]",0.24360213760144256,1.147196,0.00999999175054424,-417.3554116779902,-0.012070567570831279,-1.207057752840081,57.24774607815251,0.0,28.62385977972402,7,False,False,2026-07-08T23:30:00+00:00,2026-07-09T01:14:59.999000+00:00
BTCUSDT,15,LONG,1783713599999,1783713600000,1783715399999,63913.18008,63628.174474357926,64768.19689692622,63615.44883946305,STOP,170.35035042804972,-82.7649344336096,-81.68626676117454,-1.07866767243506,"[228743, 228747]","[63803.6, 63718.1]","[-38.985802452186434, -26.60974713970043]",0.1517493656163157,1.198535,0.009999996343856928,-417.9803224817442,-0.012236340538416754,-1.2236345012199559,61.13901010479546,0.0,30.569492001524914,2,False,False,2026-07-10T20:00:00+00:00,2026-07-10T20:29:59.999000+00:00
BTCUSDT,15,SHORT,1783749599999,1783749600000,1783780199999,64128.77168,64299.68152253844,63616.04215238467,64312.54145884295,STOP,87.25434835896256,36.33799995853042,33.1158267194001,3.2221732391303206,"[228781, 228786]","[64169.1, 64182.0]","[2.0095158845695806, 0.9858237332702764]",0.06745595899376443,1.974195,0.009999995298497578,-464.2246578197159,-0.013758493370064627,-1.3758499838626659,101.42727927685523,0.0,50.71362715507755,34,False,False,2026-07-11T06:00:00+00:00,2026-07-11T14:29:59.999000+00:00
BTCUSDT,15,SHORT,1783871999999,1783872000000,1783902599999,64137.17,64337.97889534926,63534.74331395221,64350.84649112834,STOP,99.9859302328425,64.33793380045245,42.43787890737034,21.900054893082107,"[228917, 228923]","[64073.4, 64271.9]","[20.76254680389774, 18.402736235729687]",0.23608015208141356,1.657134,0.009999999379162364,-439.2593227374638,-0.013200196176922408,-1.3200196996440317,85.16874428800378,0.0,42.58435968375314,34,False,False,2026-07-12T16:00:00+00:00,2026-07-13T00:29:59.999000+00:00
BTCUSDT,15,SHORT,1784011499999,1784011500000,1784032199999,62653.9667,62951.09297332472,61762.58788002585,62963.68319191938,STOP,132.72864888314356,126.34356506197946,124.25984240269912,2.0837226592803404,"[229067, 229078]","[62610.0, 62848.0]","[39.11564053191357, 34.62048198559991]",0.18243333987218588,1.105168,0.00999999311213487,-397.8201986998588,-0.012114825791414324,-1.2114834135948684,55.531442758301104,0.0,27.765708798228665,23,False,False,2026-07-14T06:45:00+00:00,2026-07-14T12:29:59.999000+00:00
BTCUSDT,15,SHORT,1784047499999,1784047500000,1784097899999,64739.84944,65245.23370942817,63223.69663171549,65258.282756170054,STOP,250.15580628544677,639.6211805857747,552.6247629260356,86.99641765973911,"[229109, 229118]","[64162.2, 64950.0]","[145.52999512350306, 120.44042864697053]",0.5163407533426638,0.64188,0.009999987096955163,-366.1492574208665,-0.011287091180385409,-1.128710574418856,33.37728043763106,0.0,16.68862757548155,56,False,False,2026-07-14T16:45:00+00:00,2026-07-15T06:44:59.999000+00:00
BTCUSDT,15,LONG,1784104199999,1784104200000,1784187899999,64633.4241,64309.45730866525,65605.32447400424,64296.59541720352,STOP,160.76179422316483,-0.3370538638482685,40.141186495848025,-40.478240359696294,"[229172, 229181]","[64580.0, 64450.9]","[-17.485584106433095, -16.89287203756524]",0.023966549261543412,0.990024,0.009999997436133178,-384.52600531390254,-0.011988901375427463,-1.1988904449222897,51.05752545699996,0.0,25.528750410910803,93,False,False,2026-07-15T08:30:00+00:00,2026-07-16T07:44:59.999000+00:00
BTCUSDT,15,SHORT,1784219399999,1784219400000,1784266199999,64502.89684,64912.189573026815,63275.01864091956,63287.67364464774,TAKE_PROFIT,237.39304868454298,88.37186278007721,47.38147167540753,40.990391104669676,"[229305, 229309]","[64844.3, 64874.7]","[91.82061608846213, 83.31228518069075]",0.011311701726828277,0.774237,0.009999995485402674,901.2946859318184,0.02844190350026847,2.8441916340648414,39.57607516812889,0.0,19.788076010417928,52,False,False,2026-07-16T16:30:00+00:00,2026-07-17T05:29:59.999000+00:00
BTCUSDT,15,LONG,1784269799999,1784269800000,1784399399999,62912.58,62378.493036110696,64514.8408916679,64501.93792348957,TAKE_PROFIT,184.33797592620016,-326.6959507131469,-260.5309320686434,-66.1650186445035,"[229355, 229361]","[63358.0, 63281.0]","[-39.482597464047615, -11.848660675783208]",0.3548734571656387,0.610205,0.009999995953924555,938.7345613391501,0.028804138612040266,2.8804150266416775,31.09959036380118,0.0,15.549834597260043,144,False,False,2026-07-17T06:30:00+00:00,2026-07-18T18:29:59.999000+00:00
BTCUSDT,15,LONG,1784456099999,1784456100000,1784463299999,64559.70936,64339.33409649625,65220.835150511244,64326.46622967695,STOP,76.84393566916592,-40.021543261929764,-14.709013711805731,-25.312529550124033,"[229558, 229569]","[64643.4, 64600.0]","[-19.77484977212457, -11.010802607848966]",0.2747035037890697,1.52145,0.009999997953462418,-433.3053093703672,-0.012923299001259042,-1.2923301646061294,78.4375487403656,0.0,39.218761744222846,8,False,False,2026-07-19T10:15:00+00:00,2026-07-19T12:14:59.999000+00:00
BTCUSDT,15,SHORT,1784610899999,1784610900000,1784613599999,65497.69784,65738.6639520981,64774.799503705726,65751.81168488851,STOP,134.17596806539373,107.31213993631536,101.28947196823245,6.022667968082914,"[229732, 229744]","[65634.4, 65723.0]","[23.936425471861412, 19.827822590783484]",0.10211207822794476,1.373458,0.009999996199130636,-421.1209687140972,-0.01272434241848121,-1.2724347254839374,72.10627554121373,0.0,36.05312525214415,3,False,False,2026-07-21T05:15:00+00:00,2026-07-21T05:59:59.999000+00:00
BTCUSDT,15,LONG,1784823299999,1784823300000,1784898899999,64867.37088,64509.86519308235,65939.88794075296,64496.963220043726,STOP,178.08987127843608,-245.10730540989607,-229.4717552309133,-15.635550178982783,"[229976, 229980]","[64801.0, 64696.2]","[-65.76076798404858, -49.04166100936877]",0.14817054318043987,0.913959,0.009999993561179515,-385.8308934578699,-0.01180829109094795,-1.1808298694099502,47.29347897189675,0.0,23.64672689032087,84,False,False,2026-07-23T16:15:00+00:00,2026-07-24T13:14:59.999000+00:00
BTCUSDT,15,LONG,1784905199999,1784905200000,1785201299999,64044.10626,63394.74023753188,65992.20432740438,63382.061289484365,STOP,208.90650831208345,-398.6651977686124,-289.01954253072614,-109.64565523788627,"[230059, 230063]","[64878.0, 64821.9]","[-62.1222743318823, -30.838606190587484]",0.21134710719252922,0.497234,0.009999982137899257,-354.53551806748965,-0.010980158173814319,-1.0980177786718497,25.344249198120124,0.0,12.672111938293785,329,False,False,2026-07-24T15:00:00+00:00,2026-07-28T01:14:59.999000+00:00
BTCUSDT,15,LONG,1785204899999,1785204900000,1785247199999,63246.94686,62809.35258333132,64559.72969000605,62796.790712814654,STOP,207.69827777912147,-531.4238277249897,-462.3891859901204,-69.0346417348693,"[230396, 230404]","[63567.0, 63021.0]","[-135.70058608435025, -113.21879049164062]",0.410230371418825,0.729767,0.009999992989387333,-365.3021251579303,-0.011439210199284303,-1.1439218218877116,36.79302409492009,0.0,18.396499642955987,47,False,False,2026-07-28T02:15:00+00:00,2026-07-28T13:59:59.999000+00:00
BTCUSDT,15,SHORT,1785417299999,1785417300000,1785419999999,64804.73646,65139.931968084406,63799.14993574678,65152.95995447802,STOP,134.68797872293828,243.384110010702,216.49566778380057,26.888442226901418,"[230630, 230640]","[64618.1, 65015.6]","[61.406649583356455, 47.65783145344835]",0.6520327081831592,0.941805,0.009999991775545756,-376.9165515255307,-0.011939487082713906,-1.1939496902298503,48.95792330865499,0.0,24.478949515140346,3,False,False,2026-07-30T13:15:00+00:00,2026-07-30T13:59:59.999000+00:00
BTCUSDT,15,SHORT,1785554099999,1785554100000,1785609899999,62945.9083,63157.36645219649,62311.53384341054,62323.99615017922,TAKE_PROFIT,74.44430146432413,-20.132380809474853,-40.71330483043737,20.58092402096252,"[230781, 230787]","[62990.0, 62995.0]","[18.68126064452383, 14.512113016404953]",0.012175841504235355,1.47509,0.00999999698994221,843.4626397369632,0.027041001256504944,2.7041009396005045,73.91375334216595,0.0,36.956914844415294,62,False,False,2026-08-01T03:15:00+00:00,2026-08-01T18:44:59.999000+00:00
BTCUSDT,15,SHORT,1785635999999,1785636000000,1785636899999,62948.30782,63116.60624144717,62443.41255565849,63129.22956269546,STOP,82.20416096477949,52.83860257630295,20.913091064901003,31.925511511401943,"[230870, 230880]","[62844.9, 62950.0]","[38.51395986328171, 32.642787162388764]",0.1950252799687679,1.90349,0.009999994887847951,-440.3776606564134,-0.013746572153685566,-1.374657918114586,95.9949326530348,0.0,47.99745447110645,1,False,False,2026-08-02T02:00:00+00:00,2026-08-02T02:14:59.999000+00:00
BTCUSDT,15,LONG,1785675599999,1785675600000,1785696299999,63109.81944,62948.99160996494,63592.30293010517,63579.58446951915,TAKE_PROFIT,92.13892669003836,-55.22877661437815,-38.08636364679715,-17.142412967580995,"[230921, 230927]","[63096.0, 62961.1]","[-52.49696560151022, -40.667432550043195]",0.3348628965207383,1.964527,0.009999995728804839,823.3121823085079,0.026058244326419424,2.6058255456408888,99.55390183766237,0.0,49.77698982455414,23,False,False,2026-08-02T13:00:00+00:00,2026-08-02T18:44:59.999000+00:00
BTCUSDT,15,LONG,1785727799999,1785727800000,1785729599999,63071.01168,62855.71118378217,63716.91316865349,62843.14004154541,STOP,126.19254414521937,-87.36206852518808,-50.35639914796067,-37.005669377227406,"[230981, 230985]","[63088.0, 63068.1]","[-53.60883612779902, -47.8243624073857]",0.015227803984269594,1.505727,0.009999996885763801,-418.9494137269986,-0.012923203493782561,-1.2923207518374629,75.83693517169097,0.0,37.91845537808455,2,False,False,2026-08-03T03:30:00+00:00,2026-08-03T03:59:59.999000+00:00
BTCUSDT,15,LONG,1785734099999,1785734100000,1785744899999,62836.16472,62518.01983599924,63790.59937200228,62505.51623203204,STOP,131.9867760005071,-161.78885666973656,-123.23547738257102,-38.55337928716554,"[230985, 230991]","[63068.1, 62745.0]","[-47.8243624073857, -46.38777465773268]",0.07212646730527329,1.005813,0.009999996347486734,-382.99866448588074,-0.011968918578165096,-1.196892294983008,50.42811685736248,0.0,25.21404613442118,12,False,False,2026-08-03T05:15:00+00:00,2026-08-03T08:14:59.999000+00:00
BTCUSDT,15,SHORT,1785856499999,1785856500000,1785886199999,64026.6921,64487.13420166007,62645.365795019796,64500.0316285004,STOP,192.9561344400451,106.54142348783353,76.73698388384052,29.804439603993004,"[231122, 231126]","[64034.3, 64080.0]","[39.77902799675905, 34.676151159621725]",0.04129170841029746,0.686653,0.009999986082753407,-360.3213114347233,-0.01139664435098488,-1.1396660211997929,35.301304171338394,0.0,17.6506397908945,33,False,False,2026-08-04T15:15:00+00:00,2026-08-04T23:29:59.999000+00:00
BTCUSDT,15,SHORT,1785911399999,1785911400000,1785932999999,64266.94404,64496.674064885075,63577.753965344775,64509.57339969805,STOP,119.98270992338318,47.21867988016311,37.21992468702808,9.998755193135025,"[231176, 231189]","[64480.0, 64500.0]","[16.937192673838986, 9.581592323520503]",0.06281940779825909,1.360558,0.009999995068708292,-400.1944847779502,-0.012803716961771983,-1.2803723275661425,70.08316840588829,0.0,35.04157240015438,24,False,False,2026-08-05T06:30:00+00:00,2026-08-05T12:29:59.999000+00:00
BTCUSDT,15,SHORT,1785950999999,1785951000000,1785957299999,64561.98502,64846.23037072427,63709.248967827196,64859.19961679841,STOP,171.15358048284588,137.58682562935428,119.63283209247466,17.953993536879622,"[231228, 231233]","[64728.5, 64740.5]","[41.64940130856074, 38.80335657120244]",0.004097725029957849,1.085538,0.009999996663579952,-378.83438455066073,-0.012277525501419771,-1.2277529597719359,56.19664557130435,0.0,28.098311004075057,7,False,False,2026-08-05T17:30:00+00:00,2026-08-05T19:14:59.999000+00:00
BTCUSDT,15,LONG,1785986999999,1785987000000,1786022099999,64522.80198,64325.74781634172,65113.964470974846,64312.88266677845,STOP,100.90145577218739,-36.02477769628604,-22.00005420976957,-14.024723486516468,"[231265, 231273]","[64533.9, 64386.3]","[-31.962154216464604, -26.034488845140306]",0.24428694004246715,1.546635,0.009999999270674763,-404.37326865387917,-0.013268106755926618,-1.32681077236032,79.70471164946808,0.0,39.85234443208554,39,False,False,2026-08-06T03:30:00+00:00,2026-08-06T13:14:59.999000+00:00
BTCUSDT,15,LONG,1786060799999,1786060800000,1786102199999,64312.75998,64031.23377465572,65157.338596032845,65144.30712831364,TAKE_PROFIT,88.17748356285415,-92.93300791683578,-78.91201538763418,-14.020992529201592,"[231342, 231353]","[64323.2, 64294.3]","[-31.327876927658444, -5.1486007118742165]",0.2552063748144727,1.068203,0.009999999374069842,832.9465874875514,0.027697750968117857,2.769775270180373,55.31457098252078,0.0,27.657322127999613,46,False,False,2026-08-07T00:00:00+00:00,2026-08-07T11:29:59.999000+00:00
BTCUSDT,15,SHORT,1786111199999,1786111200000,1786639499999,64971.90302,65562.27208852628,63200.795814421144,63213.435973584026,TAKE_PROFIT,171.11472568419032,230.507261563027,229.6377084405623,0.86955312246468,"[231398, 231411]","[64939.4, 65358.0]","[71.33158655455615, 39.39723920057787]",1.260239972100418,0.523497,0.009999993995942673,893.7103672347725,0.028917366725728404,2.8917384087891587,26.8418561628497,0.0,13.420965440352406,587,False,False,2026-08-07T14:00:00+00:00,2026-08-13T16:44:59.999000+00:00
BTCUSDT,15,SHORT,1786992299999,1786992300000,1787063399999,64415.21438,64723.69394959335,63489.775671219955,64736.63868838327,STOP,161.86263306223236,266.8894987827807,223.9837839721863,42.90571481059442,"[232383, 232389]","[64199.9, 64388.0]","[59.974436837225696, 25.03597531440775]",0.6878787312844111,1.030842,0.009999999087426223,-384.5917387107113,-0.01209431846834053,-1.2094319572036416,53.25406180828734,0.0,26.62701871571734,79,False,False,2026-08-17T18:45:00+00:00,2026-08-18T14:29:59.999000+00:00
BTCUSDT,15,LONG,1787095799999,1787095800000,1787098499999,64703.73816,64561.91396161798,65129.21075514606,64549.00157882566,STOP,70.19069225467872,23.788302309556457,27.260279432866415,-3.4719771233099586,"[232499, 232505]","[64528.9, 64528.4]","[-41.94073504293577, -28.547107728004463]",0.002125466724228504,2.21505,0.009999996260205521,-457.26977659361984,-0.014555879900717826,-1.455588534431979,114.52051246339431,0.0,57.260244812136385,3,False,False,2026-08-18T23:30:00+00:00,2026-08-19T00:14:59.999000+00:00
BTCUSDT,15,LONG,1787323499999,1787323500000,1787462099999,77164.02972,75965.846873338,80758.57825998598,75950.65370396334,STOP,589.5020844413294,334.68464336072793,482.99425574289006,-148.30961238216213,"[232750, 232758]","[76393.1, 76237.0]","[-183.4160809193363, -169.76402320362467]",0.01924518109264314,0.25837,0.009999980352008381,-329.324057565892,-0.01063793717779533,-1.063795807924645,15.824096302499763,0.0,7.912035927732868,154,False,False,2026-08-21T14:45:00+00:00,2026-08-23T05:14:59.999000+00:00
BTCUSDT,15,SHORT,1787495399999,1787495400000,1787520599999,77415.61378,77996.93202523247,75671.65904430258,78012.53141163752,STOP,240.42135015498354,274.31918673956534,216.25344927638102,58.06573746318432,"[232942, 232949]","[77400.0, 77771.6]","[128.01458814111567, 80.65966286638732]",0.5821790989834701,0.526874,0.00999998691954235,-347.2567996792672,-0.011337817675620513,-1.1337832506024308,32.75641942787953,0.0,16.378197789052468,28,False,False,2026-08-23T14:30:00+00:00,2026-08-23T21:29:59.999000+00:00
BTCUSDT,15,LONG,1787551199999,1787551200000,1787576399999,77154.72786,76563.99704440245,78926.92030679263,78911.13492273127,TAKE_PROFIT,279.40197039836323,-104.52032706679893,-96.87814379466772,-7.642183272131206,"[233007, 233011]","[76916.1, 76649.0]","[-63.804325618826425, -43.78621757582334]",0.30649537530149107,0.512601,0.009999996863821305,868.3362098317984,0.028676008456441193,2.867601744975269,31.999806931316336,0.0,15.999940119096442,28,False,False,2026-08-24T06:00:00+00:00,2026-08-24T12:59:59.999000+00:00
BTCUSDT,15,LONG,1787665499999,1787665500000,1787692499999,78630.62298,78065.24242468739,80326.76464593783,78049.62937620246,STOP,336.70505020840636,-410.6660206284432,-340.39612928186114,-70.26989134658209,"[233127, 233137]","[78827.3, 78600.0]","[-180.1015922990247, -93.87575096533448]",0.33040745410392963,0.550943,0.009999993432100597,-354.62311436658524,-0.011384637761922561,-1.1384645239243028,34.5287553095533,0.0,17.264365541576908,30,False,False,2026-08-25T13:45:00+00:00,2026-08-25T21:14:59.999000+00:00
BTCUSDT,15,LONG,1787758199999,1787758200000,1787880599999,78144.6258,77196.95320343885,80987.64358968344,80971.4460609655,TAKE_PROFIT,330.0978643740989,-242.95447640313068,-205.9222524948276,-37.03222390830308,"[233223, 233237]","[78208.0, 77850.0]","[-79.01457670319952, -57.356765241246904]",0.3344199236449027,0.32495,0.00999999277554118,897.8933367802537,0.02915745212011386,2.9157473184810287,20.681907020488296,0.0,10.340990666893527,136,False,False,2026-08-26T15:30:00+00:00,2026-08-28T01:29:59.999000+00:00
BTCUSDT,15,LONG,1787897699999,1787897700000,1787908499999,79893.07542,79315.61727482534,81625.44985552396,79299.75415137038,STOP,228.0551501164349,-152.75688843072567,-130.67195990993395,-22.08492852079172,"[233392, 233396]","[79560.2, 79522.3]","[-93.17338739854837, -80.13617630898356]",0.022309935612019712,0.548828,0.009999994724465644,-360.5791181266541,-0.011377414265369708,-1.137742026756686,34.947792907198426,0.0,17.47388412730157,12,False,False,2026-08-28T06:15:00+00:00,2026-08-28T09:14:59.999000+00:00
