symbol,timeframe_minutes,direction,signal_at_ms,entry_at_ms,exit_at_ms,entry_price,stop_price,take_profit,exit_price,exit_reason,atr,macd,macd_signal,histogram,point_indices,prices,histograms,divergence_score,quantity,risk_fraction,pnl,pnl_percent,r_multiple,fees,funding,slippage_cost,holding_bars,ambiguous_exit,leverage_capped,entry_at,exit_at
ETHUSDT,15,SHORT,1735701299999,1735701300000,1735777799999,3358.37819,3385.256893919848,3291.181430200379,3385.9339452986324,STOP,11.128446959924174,-2.5114332389607625,-5.501445800064035,2.9900125611032724,"[175396, 175403]","[3365.32, 3368.02]","[4.346297557716207, 3.019263854873481]",0.0710416262364631,37.204174,0.0099999997752852,-1125.5557397085236,-0.011255557397085234,-1.1255557650014274,100.36662487678474,0.0,50.183273438158714,85,False,False,2025-01-01T03:15:00+00:00,2025-01-02T00:29:59.999000+00:00
ETHUSDT,15,SHORT,1735781399999,1735781400000,1735805699999,3390.951674,3427.9336668602673,3298.496691849332,3428.6192535936393,STOP,12.786833430133601,13.217440843573058,9.57516658737412,3.642274256198938,"[175481, 175489]","[3374.14, 3394.93]","[1.9229332824694847, 0.8249641692490925]",1.0147458460405707,26.735834,0.009999999792649903,-1080.0049217058745,-0.01092299359845414,-1.0922993824942522,72.93076650854782,0.0,36.46534442992148,27,False,False,2025-01-02T01:30:00+00:00,2025-01-02T08:14:59.999000+00:00
ETHUSDT,15,SHORT,1735806599999,1735806600000,1735811999999,3417.556352,3454.450807652266,3325.3202128693347,3455.141697813797,STOP,10.695403826133106,14.3629899581274,14.214056033202983,0.14893392492441748,"[175507, 175520]","[3427.7, 3433.23]","[1.8214404891484364, 0.6946771661927365]",0.33380183690046433,26.50654,0.009999999704882651,-1069.1260505333585,-0.010932380795515496,-1.0932381118149028,72.86857830612456,0.0,36.43425076013342,6,False,False,2025-01-02T08:30:00+00:00,2025-01-02T09:59:59.999000+00:00
ETHUSDT,15,SHORT,1735814699999,1735814700000,1735829099999,3466.946472,3500.102962585712,3384.05524553572,3500.802983178229,STOP,12.696481292855973,23.736952181122888,19.688846348436776,4.048105832686112,"[175525, 175526]","[3445.87, 3446.93]","[2.057354053480971, 1.9659417551912437]",0.004405440747711868,29.172361,0.009999999793011452,-1068.9806472774394,-0.01105171553276822,-1.105171576152608,81.30628098560504,0.0,40.65310261195198,16,False,False,2025-01-02T10:45:00+00:00,2025-01-02T14:44:59.999000+00:00
ETHUSDT,15,LONG,1735858799999,1735858800000,1735915499999,3440.688,3411.1051608262055,3514.645097934486,3513.942168914899,TAKE_PROFIT,12.612419586897134,-5.65176247763975,-2.5370061042887775,-3.114756373350972,"[175559, 175577]","[3428.0, 3420.0]","[-5.061468357011597, -3.2148650776847463]",0.21834305002585677,32.335075,0.009999999968531384,2278.72765068227,0.023822026077873402,2.382202615283802,89.95139524365037,0.0,44.97579416801879,63,False,False,2025-01-02T23:00:00+00:00,2025-01-03T14:44:59.999000+00:00
ETHUSDT,15,SHORT,1735922699999,1735922700000,1735933499999,3587.272402,3625.832724061739,3490.871596845652,3626.5578906065516,STOP,17.14136203086955,40.10685894462176,29.56206732762635,10.544791616995411,"[175648, 175649]","[3588.88, 3595.93]","[10.94708571499789, 10.821441678126739]",0.004624462071273522,25.397884,0.009999999834708017,-1071.0546924994383,-0.010936376506145542,-1.093637668691508,73.2864099869229,0.0,36.64316654845681,12,False,False,2025-01-03T16:45:00+00:00,2025-01-03T19:44:59.999000+00:00
ETHUSDT,15,SHORT,1735934399999,1735934400000,1736004599999,3621.17562,3654.600822213757,3537.6126144656073,3655.3317423782,STOP,15.475411106878575,43.01670025559133,41.542069521058345,1.4746307345329868,"[175661, 175662]","[3624.65, 3630.0]","[2.4101729936102174, 2.0049882545573396]",0.05605840079180584,28.979332,0.009999999753572311,-1074.1689392924054,-0.011089454051071831,-1.108945432434669,84.34732906192086,0.0,42.17362662504109,78,False,False,2025-01-03T20:00:00+00:00,2025-01-04T15:29:59.999000+00:00
ETHUSDT,15,LONG,1736050499999,1736050500000,1736064899999,3639.167688,3618.5201657919356,3690.7864935201605,3617.7964617587772,STOP,9.039917104032119,-1.8854801148545448,0.25126865001161347,-2.1367487648661583,"[175783, 175791]","[3630.01, 3627.77]","[-4.083282808750013, -2.6851204382200504]",0.08285269887850087,46.392896,0.009999999831503651,-1126.141709631707,-0.011756379892710455,-1.1756380090801166,134.66863323019496,0.0,67.3342796495456,16,False,False,2025-01-05T04:15:00+00:00,2025-01-05T08:14:59.999000+00:00
ETHUSDT,15,LONG,1736073899999,1736073900000,1736141399999,3616.203096,3588.5378467941455,3685.366219014637,3684.629145770834,TAKE_PROFIT,9.276076602927368,-8.793634084279347,-7.487981805596208,-1.305652278683139,"[175815, 175816]","[3603.92, 3602.08]","[-2.075371862034171, -1.8504413216998357]",0.021525435071220404,34.217546,0.00999999987114873,2241.444880403368,0.02367797793638283,2.3677978241476585,99.92662522843065,0.0,49.96340826761188,75,False,False,2025-01-05T10:45:00+00:00,2025-01-06T05:29:59.999000+00:00
ETHUSDT,15,SHORT,1736143199999,1736143200000,1736180099999,3678.894074,3725.1487105427,3563.25748264325,3725.8937402848087,STOP,14.894355271350008,13.82295499831298,11.677219329253196,2.1457356690597837,"[175882, 175893]","[3684.25, 3689.64]","[3.8635112216834786, 2.2406566908763157]",0.15757409224221783,20.950362,0.009999999808509899,-1046.7132166429164,-0.01080142104406886,-1.0801421250905385,62.0531940969822,0.0,31.026558903152555,41,False,False,2025-01-06T06:00:00+00:00,2025-01-06T16:14:59.999000+00:00
ETHUSDT,15,SHORT,1736182799999,1736182800000,1736261999999,3708.668118,3757.4400254651164,3586.7383493372085,3587.455697007076,TAKE_PROFIT,20.97501273255825,21.660641632267925,13.887302980759799,7.773338651508126,"[175936, 175938]","[3740.0, 3744.28]","[9.910672784934246, 9.361672430882887]",0.01151597102136719,19.654434,0.009999999689013253,2325.0010547944817,0.02425452969473124,2.4254530449014995,57.36047359115391,0.0,28.68033323725142,88,False,False,2025-01-06T17:00:00+00:00,2025-01-07T14:59:59.999000+00:00
ETHUSDT,15,LONG,1736266499999,1736266500000,1736279099999,3471.384138,3376.7365023907837,3708.003227023041,3376.0611550903054,STOP,35.31174880460813,-54.7613275619442,-33.63551678330958,-21.125810778634616,"[176015, 176026]","[3625.0, 3600.0]","[-2.6635138233622166, -0.6674771360478164]",1.5329744348624306,10.373574,0.009999999747730904,-1017.2530092979799,-0.010360740437089332,-1.0360740698458801,28.41299218352959,0.0,14.206457106422395,14,False,False,2025-01-07T16:15:00+00:00,2025-01-07T19:44:59.999000+00:00
ETHUSDT,15,LONG,1736280899999,1736280900000,1736319599999,3390.447954,3311.8739167094973,3586.8830472262575,3311.211541926155,STOP,29.53304164525147,-67.87367074017857,-66.00344674830573,-1.8702239918728338,"[176030, 176046]","[3409.0, 3363.0]","[-19.001814768476372, -1.4954572013259337]",1.424758057261383,12.366193,0.009999999622612,-1013.0023702314578,-0.010425463118039918,-1.04254635114844,33.14960589876222,0.0,16.574764418261115,43,False,False,2025-01-07T20:15:00+00:00,2025-01-08T06:59:59.999000+00:00
ETHUSDT,15,SHORT,1736350199999,1736350200000,1736358299999,3345.13084,3396.3177011348353,3217.163687162912,3217.8071199003443,TAKE_PROFIT,18.778850567417606,-2.250914094941436,-3.1402175489256106,0.8893034539841747,"[176122, 176124]","[3381.0, 3384.9]","[2.1959463942173425, 2.0027658954433707]",0.018349835743466252,18.784736,0.009999999482034247,2342.4292458254786,0.02436143488624157,2.4361436148080533,49.31322278444262,0.0,24.656708048188378,9,False,False,2025-01-08T15:30:00+00:00,2025-01-08T17:44:59.999000+00:00
ETHUSDT,15,SHORT,1736381699999,1736381700000,1736431199999,3327.724322,3368.802015517979,3225.0300882050524,3225.6750942226936,TAKE_PROFIT,18.636007758989486,3.7035338802756996,-2.7202917334611603,6.4238256137368595,"[176155, 176159]","[3333.0, 3333.65]","[8.877301044440774, 6.923879195520132]",0.007438585892028753,23.97788,0.00999999990356963,2384.069487819217,0.024204831999273018,2.420483223268111,62.85464991770312,0.0,31.427424092914034,55,False,False,2025-01-09T00:15:00+00:00,2025-01-09T13:59:59.999000+00:00
ETHUSDT,15,SHORT,1736477999999,1736478000000,1736495099999,3239.272016,3288.804276120215,3115.441365699462,3289.4620369754393,STOP,18.50213806010761,-0.696653399164461,-6.126583351248753,5.429929952084292,"[176265, 176266]","[3254.65, 3259.24]","[6.215906446826491, 5.973368792291533]",0.009606135174411574,20.366458,0.009999999852858373,-1075.3798293686405,-0.010660025141503666,-1.0660025298357012,53.18687515323762,0.0,26.59339775263655,19,False,False,2025-01-10T03:00:00+00:00,2025-01-10T07:44:59.999000+00:00
ETHUSDT,15,SHORT,1736497799999,1736497800000,1736522099999,3294.930882,3330.384780532213,3206.2961356694673,3206.9373948966013,TAKE_PROFIT,14.882390266106519,18.5836232523975,14.408859938980973,4.174763313416529,"[176286, 176287]","[3309.71, 3312.55]","[4.9108951162053085, 4.782295347264231]",0.004687321316592761,28.150441,0.00999999966852827,2403.8432833610664,0.024085570416050354,2.408557121441895,73.21218372741977,0.0,36.60619241017627,27,False,False,2025-01-10T08:30:00+00:00,2025-01-10T15:14:59.999000+00:00
ETHUSDT,15,LONG,1736523899999,1736523900000,1736756999999,3261.922254,3165.1221530057387,3503.9225064856532,3164.489128575138,STOP,28.138923497130627,-12.907807996938573,-5.119340016081359,-7.788467980857214,"[176316, 176317]","[3193.8, 3193.43]","[-11.10166972996588, -10.719925324592136]",0.0004886906983075126,10.55868,0.009999999467744174,-1055.9069612957735,-0.010330948380009074,-1.0330948929879848,27.14176853478738,0.0,13.570843659619726,259,False,False,2025-01-10T15:45:00+00:00,2025-01-13T08:29:59.999000+00:00
ETHUSDT,15,LONG,1736759699999,1736759700000,1736761499999,3170.33394,3123.0678175637636,3288.4992460905914,3122.4432040002507,STOP,17.131091218118264,-27.314933878263673,-23.330225731354563,-3.98470814690911,"[176571, 176577]","[3179.49, 3160.0]","[-5.180346318713809, -3.5179158206771426]",0.3554815142881119,21.400576,0.009999999706066595,-1078.7569576670667,-0.010664688105883051,-1.066468841935387,53.86762220849612,0.0,26.933771186025492,2,False,False,2025-01-13T09:15:00+00:00,2025-01-13T09:44:59.999000+00:00
ETHUSDT,15,LONG,1736762399999,1736762400000,1736765999999,3155.631,3111.7510007966243,3265.3309980084396,3111.128650596465,STOP,19.554499601687894,-30.386653639404358,-26.46432856810265,-3.9223250713017066,"[176581, 176582]","[3148.76, 3121.0]","[-4.492592259316606, -4.121494016374022]",0.11523844548016432,22.806169,0.009999999719952957,-1072.0964132636245,-0.010713093163338653,-1.0713093463355665,57.16831186955357,0.0,28.58411648101739,4,False,False,2025-01-13T10:00:00+00:00,2025-01-13T10:59:59.999000+00:00
ETHUSDT,15,LONG,1736771399999,1736771400000,1736779499999,3067.083294,3013.3712306213447,3201.363452446639,3012.76855637522,STOP,23.059384689327754,-51.321272455308645,-43.31398873128718,-8.007283724021462,"[176591, 176592]","[3055.0, 3043.54]","[-9.280830420209092, -8.780712332892008]",0.02609520860854368,18.431869,0.00999999974212862,-1045.9473418075215,-0.010564978020216189,-1.0564978292656744,44.82521313820946,0.0,22.412567420722283,9,False,False,2025-01-13T12:30:00+00:00,2025-01-13T14:44:59.999000+00:00
ETHUSDT,15,LONG,1736780399999,1736780400000,1736948699999,3034.30674,2940.9875942352287,3267.604604411928,3266.9510834910457,TAKE_PROFIT,33.29620288238561,-50.44435127361203,-49.433045645029985,-1.0113056285820434,"[176596, 176602]","[3032.0, 2900.0]","[-4.464177622097949, -1.4795585912675904]",2.7373203129396186,10.496819,0.009999999125120432,2415.568299861127,0.024659872134776696,2.465987429221871,26.45726513820778,0.0,13.228730779275722,187,False,False,2025-01-13T15:00:00+00:00,2025-01-15T13:44:59.999000+00:00
ETHUSDT,15,SHORT,1736956799999,1736956800000,1736969399999,3332.293408,3386.2523027994007,3197.396171001498,3386.929553259961,STOP,20.481151399700448,38.02121717042246,24.401290263933625,13.619926906488836,"[176797, 176798]","[3351.57, 3353.0]","[16.480223566941053, 15.453454634946503]",0.004220187663751977,18.60138,0.009999999556828615,-1066.3024275585778,-0.010623611198328864,-1.0623611669136934,49.994727842848725,0.0,24.997324269009344,14,False,False,2025-01-15T16:00:00+00:00,2025-01-15T19:29:59.999000+00:00
ETHUSDT,15,LONG,1736999999999,1737000000000,1737017099999,3362.77242,3328.2644391362032,3449.042372159492,3327.5987862483757,STOP,15.292780431898441,-4.384977151832572,5.544328336653095,-9.929305488485667,"[176845, 176846]","[3358.86, 3343.76]","[-10.203376098442686, -10.128430099740907]",0.006999264144066338,28.777311,0.00999999970343682,-1089.214954633646,-0.010968413730444417,-1.0968414055727194,77.01235716306186,0.0,38.50613963367262,19,False,False,2025-01-16T04:00:00+00:00,2025-01-16T08:44:59.999000+00:00
ETHUSDT,15,LONG,1737020699999,1737020700000,1737039599999,3321.294126,3266.444270969846,3458.418763575385,3265.790982115652,STOP,15.627864515077022,-20.52010540321953,-12.680897154956293,-7.839208248263239,"[176846, 176866]","[3343.76, 3327.24]","[-10.128430099740907, -3.1515563093586607]",0.8459780501302091,17.906241,0.009999999447965726,-1041.0326440241836,-0.010599476459184244,-1.0599477044311705,47.179973373371965,0.0,23.589947876177074,21,False,False,2025-01-16T09:45:00+00:00,2025-01-16T14:59:59.999000+00:00
ETHUSDT,15,LONG,1737041399999,1737041400000,1737197099999,3316.71321,3227.613531622527,3539.4624059436824,3226.9680089162025,STOP,24.828234188736506,-18.344735164527265,-14.52877704882877,-3.8159581156984945,"[176870, 176890]","[3297.7, 3280.0]","[-7.839208248263239, -1.9850036092135515]",0.594388728709083,10.906262,0.009999999853226709,-1007.3315169897714,-0.010366218363261634,-1.0366218515410035,28.546840727191785,0.0,14.273381783144114,173,False,False,2025-01-16T15:30:00+00:00,2025-01-18T10:44:59.999000+00:00
ETHUSDT,15,SHORT,1737210599999,1737210600000,1737249299999,3310.127842,3363.4274862704315,3176.878731323922,3364.1001717676854,STOP,21.703743135215635,-7.461066530181597,-16.220673738399473,8.759607208217876,"[177071, 177080]","[3323.74, 3326.84]","[10.48099907006555, 9.4618890909451]",0.013473607517790252,18.04273,0.00999999953283684,-1021.9766910736482,-0.010627091250308559,-1.0627091746767134,48.16851760433865,0.0,24.08422081321122,43,False,False,2025-01-18T14:30:00+00:00,2025-01-19T01:14:59.999000+00:00
ETHUSDT,15,SHORT,1737255599999,1737255600000,1737278099999,3351.799506,3408.888175347643,3209.0778326308923,3209.719648197419,TAKE_PROFIT,17.794087673821522,23.813266246112107,17.87564300156307,5.937623244549037,"[177124, 177130]","[3365.43, 3377.7]","[7.8557807092373, 7.493074157249257]",0.032654745519784596,16.666203,0.009999999828317679,2324.189508264059,0.024427832937826195,2.442783335720891,43.74224408489699,0.0,21.871217634567294,25,False,False,2025-01-19T03:00:00+00:00,2025-01-19T09:14:59.999000+00:00
ETHUSDT,15,LONG,1737279899999,1737279900000,1737299699999,3198.219516,3117.700468557755,3399.5171346056127,3398.8372311786916,TAKE_PROFIT,24.409765721122525,-35.74513855236182,-23.744150482347063,-12.00098807001476,"[177141, 177153]","[3258.17, 3236.36]","[-11.534913714516637, -6.082654396300114]",0.5676129115866808,12.105126,0.00999999949649061,2396.559438808674,0.024587832171437916,2.4587833409458417,31.943281261499283,0.0,15.97173840972798,22,False,False,2025-01-19T09:45:00+00:00,2025-01-19T15:14:59.999000+00:00
ETHUSDT,15,SHORT,1737308699999,1737308700000,1737322199999,3419.495964,3501.8230193545214,3213.6783256136964,3214.321061278819,TAKE_PROFIT,36.00150967726074,59.504567103194404,50.65232535427255,8.852241748921855,"[177180, 177189]","[3425.99, 3436.59]","[31.533179627064275, 10.847386666847491]",0.18955788357396086,12.130384,0.00999999936801682,2456.662058009622,0.024599612149365725,2.4599613704019934,32.18829916094791,0.0,16.094249778258234,15,False,False,2025-01-19T17:45:00+00:00,2025-01-19T21:29:59.999000+00:00
ETHUSDT,15,LONG,1737335699999,1737335700000,1737962999999,3204.620796,3058.7177285750067,3569.3784645624837,3058.1059850292913,STOP,53.12113571249673,-54.13853884540913,-44.50220777459132,-9.63633107081781,"[177218, 177219]","[3154.0, 3141.25]","[-13.951923049628334, -13.258274014837909]",0.011803700576970106,7.013049,0.009999998850385593,-1045.0838724789044,-0.01021362245370108,-1.0213623627873967,17.568323915588277,0.0,8.784121208537044,697,False,False,2025-01-20T01:15:00+00:00,2025-01-27T07:29:59.999000+00:00
ETHUSDT,15,LONG,1737963899999,1737963900000,1738324799999,3076.81524,2973.527163844164,3335.03543038959,3334.3684233035124,TAKE_PROFIT,26.066418077918044,-55.58913136292995,-48.319572895952604,-7.269558466977344,"[177910, 177911]","[3131.31, 3112.77]","[-0.5277873732529059, -0.5205570120432981]",0.0140173606242361,9.805339,0.009999999618447403,2500.250741136097,0.024687138109176877,2.4687139051121076,25.14553168398112,0.0,12.572867360756167,401,False,False,2025-01-27T07:45:00+00:00,2025-01-31T11:59:59.999000+00:00
ETHUSDT,15,SHORT,1738328399999,1738328400000,1738337399999,3348.8301,3386.900003656234,3253.655340859415,3387.577383656965,STOP,15.735001828117014,31.944539929871553,21.83076470709546,10.113775222776091,"[178321, 178322]","[3357.35, 3358.82]","[11.4692473501932, 10.890436858544852]",0.004581587940616077,27.259778,0.00999999975650358,-1129.6955396007124,-0.010885723803124922,-1.0885724068188407,73.453189008811,0.0,36.72655372377363,10,False,False,2025-01-31T13:00:00+00:00,2025-01-31T15:29:59.999000+00:00
ETHUSDT,15,SHORT,1738340999999,1738341000000,1738403999999,3396.3206,3464.263080660194,3226.464398349515,3227.109691229185,TAKE_PROFIT,21.531540330097016,41.34688799754713,37.37228058142345,3.974607416123675,"[178330, 178333]","[3373.46, 3395.91]","[2.7761249674704374, 1.6437092675382345]",0.4761170508112019,15.108076,0.009999999702078214,2516.424354450305,0.024515079531041775,2.4515080261399427,40.02691528823706,0.0,20.01356070271175,70,False,False,2025-01-31T16:30:00+00:00,2025-02-01T09:59:59.999000+00:00
ETHUSDT,15,LONG,1738443599999,1738443600000,1738451699999,3163.092492,3115.8838764747647,3281.1140308130875,3115.26069969947,STOP,18.658061762617542,-27.67613611235538,-17.582326887754736,-10.093809224600644,"[178449, 178450]","[3161.0, 3150.02]","[-10.227546113783234, -10.185180335833433]",0.00244942301622344,22.276536,0.009999999882942682,-1121.4706274855234,-0.010663971486517326,-1.0663971611346916,55.943984358243256,0.0,27.97195067693393,9,False,False,2025-02-01T21:00:00+00:00,2025-02-01T23:14:59.999000+00:00
ETHUSDT,15,LONG,1738453499999,1738453500000,1738466999999,3131.016078,3074.5267176847046,3272.239478788239,3073.9118123411677,STOP,19.416641157647785,-39.116483931821676,-35.057827749104206,-4.0586561827174705,"[178460, 178461]","[3111.0, 3100.67]","[-5.873612108021369, -5.655688034153641]",0.019730016015783,18.418153,0.009999999537362041,-1097.4684263523313,-0.01054822248396914,-1.0548222971969974,45.713324495308335,0.0,22.85662109171494,15,False,False,2025-02-01T23:45:00+00:00,2025-02-02T03:29:59.999000+00:00
ETHUSDT,15,LONG,1738469699999,1738469700000,1738514699999,3095.06889,3031.433200213948,3254.15811446513,3030.826913573905,STOP,20.703399893026003,-31.891955816898644,-28.348031682239515,-3.543924134659129,"[178461, 178476]","[3100.67, 3083.0]","[-5.655688034153641, -0.643320275459196]",0.8474810458576953,16.177322,0.00999999999350265,-1078.9033741424903,-0.010480335002011714,-1.0480335008821153,39.640235581145525,0.0,19.8200770128503,50,False,False,2025-02-02T04:15:00+00:00,2025-02-02T16:44:59.999000+00:00
ETHUSDT,15,LONG,1738520999999,1738521000000,1738524599999,2980.14591,2898.34105073442,3184.658058163949,2897.7613825242734,STOP,26.884474632789832,-35.53230567682931,-25.45290986698931,-10.079395809840001,"[178515, 178530]","[3049.01, 3029.0]","[-4.137058579225052, -2.5071276136725196]",0.43850626202545456,12.452389,0.009999999198723927,-1055.1617789539146,-0.010358270201037023,-1.0358271031020498,29.27759524497962,0.0,14.638757172672747,4,False,False,2025-02-02T18:30:00+00:00,2025-02-02T19:29:59.999000+00:00
ETHUSDT,15,LONG,1738525499999,1738525500000,1738536299999,2973.604602,2856.233824085957,3267.031546785107,2855.66257732114,STOP,32.468087957021424,-48.44958530398799,-40.526596945321124,-7.9229883586668635,"[178540, 178541]","[2900.01, 2889.97]","[-13.665763695916581, -12.80435901395424]",0.02074635316062444,8.589142,0.009999998855836141,-1033.0481591578848,-0.010247330717820234,-1.0247331890282916,20.027361423651495,0.0,10.013640591539462,12,False,False,2025-02-02T19:45:00+00:00,2025-02-02T22:44:59.999000+00:00
ETHUSDT,15,LONG,1738537199999,1738537200000,1738547099999,2874.984882,2733.0964063528886,3229.706071117778,2732.549787071618,STOP,42.841796823555605,-50.77315580238064,-45.388426389132825,-5.384729413247818,"[178541, 178554]","[2889.97, 2736.01]","[-12.80435901395424, -5.448146972815962]",2.1541820044547597,7.03217,0.009999999698170534,-1017.4010563320408,-0.010196607142994873,-1.019660745075853,15.773254829522145,0.0,7.886587665112518,11,False,False,2025-02-02T23:00:00+00:00,2025-02-03T01:44:59.999000+00:00
ETHUSDT,15,SHORT,1738586699999,1738586700000,1738596599999,2605.518792,2687.361533995981,2400.9119370100475,2687.8990063027804,STOP,32.18076699799053,-2.6228325273291375,-11.201728177459321,8.578895650130184,"[178591, 178609]","[2629.91, 2634.52]","[31.6005433206104, 9.15099733122393]",0.09835879766165305,12.067165,0.009999999700021727,-1019.6462571214319,-0.010324382691321219,-1.0324383001030277,25.550618394422546,0.0,12.775269944396523,11,False,False,2025-02-03T12:45:00+00:00,2025-02-03T15:29:59.999000+00:00
ETHUSDT,15,SHORT,1738600199999,1738600200000,1738619999999,2695.200852,2793.2843863089706,2449.992016227573,2793.8430431862325,STOP,42.19719315448537,29.447780675899594,12.811830895265473,16.63594978063412,"[178609, 178618]","[2634.52, 2646.21]","[9.15099733122393, 2.259126843550714]",0.2278926322881477,9.965112,0.00999999965185527,-1004.8600579715988,-0.010280808694764705,-1.0280809052685653,21.87957487537883,0.0,10.939748556060032,22,False,False,2025-02-03T16:30:00+00:00,2025-02-03T21:59:59.999000+00:00
ETHUSDT,15,SHORT,1738623599999,1738623600000,1738960199999,2867.286428,2966.5058430910226,2619.2378902724436,2619.761737850498,TAKE_PROFIT,41.227921545511286,64.74666573773857,48.49865147863543,16.248014259103137,"[178639, 178647]","[2768.87, 2817.99]","[5.0429628120285415, 1.3109798223124685]",1.0674027285343424,9.749753,0.00999999950120979,2391.905644632719,0.02472599323643317,2.472599446974157,21.398945726458155,0.0,10.699569823395485,374,False,False,2025-02-03T23:00:00+00:00,2025-02-07T20:29:59.999000+00:00
ETHUSDT,15,LONG,1738962899999,1738962900000,1739138399999,2602.67043,2541.1778457630367,2756.4018905924077,2540.669610193884,STOP,21.941077118481573,-39.09162320233236,-29.36798407734298,-9.723639124989376,"[179013, 179022]","[2660.08, 2654.17]","[-11.538754093107924, -4.4416753634870005]",0.1937171172749192,16.120381,0.009999999918640454,-1032.6418780111244,-0.010417216335252626,-1.0417216420006625,33.16504042419229,0.0,16.58248089632188,195,False,False,2025-02-07T21:15:00+00:00,2025-02-09T21:59:59.999000+00:00
ETHUSDT,15,SHORT,1739168099999,1739168100000,1739195999999,2628.254244,2679.597037070282,2499.8972613242954,2680.132956477696,STOP,18.963518535140945,5.227686187996369,1.440261848038963,3.787424339957406,"[179233, 179255]","[2657.73, 2659.92]","[5.7040111428461895, 4.832531297787921]",0.017462075450440897,19.10604,0.00999999981908654,-1031.7656590224838,-0.010517944808143732,-1.0517944998427515,40.568903275125955,0.0,20.28441280106926,31,False,False,2025-02-10T06:15:00+00:00,2025-02-10T13:59:59.999000+00:00
ETHUSDT,15,LONG,1739279699999,1739279700000,1739282399999,2690.648022,2661.5320339800774,2763.4379920498063,2660.9997275732817,STOP,10.733983009961252,-2.2887238416333275,0.5763068309338159,-2.8650306725671433,"[179369, 179377]","[2690.0, 2679.37]","[-3.4555704749037464, -3.0655698461389496]",0.10685020713139205,33.337004,0.00999999989506884,-1059.7484708703391,-0.010918040346503503,-1.0918040461067768,71.36316097364619,0.0,35.6815423786724,3,False,False,2025-02-11T13:15:00+00:00,2025-02-11T13:59:59.999000+00:00
ETHUSDT,15,LONG,1739301299999,1739301300000,1739314799999,2614.052706,2575.7341326856804,2709.8491392857986,2575.2189858591432,STOP,15.257933657159704,-20.90396581675168,-17.67325205076194,-3.2307137659897407,"[179384, 179400]","[2624.11, 2622.24]","[-7.375800035501932, -1.5932468562856617]",0.09828662980970175,25.054229,0.009999999752196407,-1024.9541978553548,-0.010676135426096947,-1.0676135690655426,52.00528052442257,0.0,26.002602384358685,15,False,False,2025-02-11T19:15:00+00:00,2025-02-11T22:59:59.999000+00:00
ETHUSDT,15,SHORT,1739363399999,1739363400000,1739380499999,2629.02409,2665.926498675522,2536.7680683111944,2666.459683975257,STOP,11.328249337761104,6.263293854310177,5.725774607402273,0.5375192469079044,"[179456, 179471]","[2636.52, 2638.86]","[4.260316996955967, 0.4524914347808817]",0.1873777927851593,25.737962,0.009999999995969363,-1018.0338792410784,-0.01071848393873032,-1.0718483943050552,54.517984058476706,0.0,27.25895457896073,19,False,False,2025-02-12T12:30:00+00:00,2025-02-12T17:14:59.999000+00:00
ETHUSDT,15,SHORT,1739392199999,1739392200000,1739399399999,2680.953702,2732.6425772047796,2551.7315139880516,2733.1891057202206,STOP,19.911288602389718,21.079047447612083,16.943309486504454,4.13573796110763,"[179493, 179504]","[2682.87, 2694.98]","[9.260619000309644, 4.634185700815632]",0.29533859319124345,18.178233,0.009999999608252597,-988.9151594568381,-0.010524713199239985,-1.0524713611542906,39.36781978160494,0.0,19.683872696263794,8,False,False,2025-02-12T20:30:00+00:00,2025-02-12T22:29:59.999000+00:00
ETHUSDT,15,LONG,1739436299999,1739436300000,1739456099999,2667.173328,2638.918944124516,2737.8092876887094,2638.3911603356914,STOP,13.000527937741866,-13.793442563357985,-6.979420633143686,-6.814021930214299,"[179548, 179553]","[2670.5, 2661.59]","[-8.422718907358362, -6.930631718017691]",0.11966948167172681,32.905453,0.009999999983476579,-1016.9230664797873,-0.010937910925530377,-1.0937910943603548,69.83280116375965,0.0,34.91636409492378,22,False,False,2025-02-13T08:45:00+00:00,2025-02-13T14:14:59.999000+00:00
ETHUSDT,15,LONG,1739459699999,1739459700000,1739555999999,2638.597614,2583.9469282345776,2775.224328413556,2774.6692835478734,TAKE_PROFIT,18.026535882711244,-16.88993730861148,-15.40129323958619,-1.4886440690252893,"[179568, 179576]","[2643.48, 2614.6]","[-1.6698231505167005, -1.113458334835924]",0.6261143636085199,16.826029,0.009999999478320781,2253.112343569784,0.02450222790945476,2.450222918768514,36.43351432115222,0.0,18.216849471084405,107,False,False,2025-02-13T15:15:00+00:00,2025-02-14T17:59:59.999000+00:00
ETHUSDT,15,LONG,1739581199999,1739581200000,1739630699999,2716.273146,2684.571763526462,2795.526602183845,2684.034849173757,STOP,13.484118236769017,-3.943255271437465,-0.6477731541337552,-3.2954821173037097,"[179700, 179714]","[2704.23, 2702.45]","[-5.973825548642628, -3.635579673963663]",0.04946428132210974,29.717479,0.009999999713003938,-1022.2343247056959,-0.01085076307501888,-1.0850763386431517,64.19341577604328,0.0,32.09667085025212,55,False,False,2025-02-15T01:00:00+00:00,2025-02-15T14:44:59.999000+00:00
ETHUSDT,15,LONG,1739632499999,1739632500000,1739731499999,2694.408774,2665.1698849038316,2767.5059967404213,2664.636850926851,STOP,10.695057548084227,-5.850910861466673,-4.198755094175353,-1.6521557672913199,"[179741, 179770]","[2692.2, 2655.31]","[-2.290785015113126, -1.51545541039932]",1.1721961156556586,31.870665,0.009999999867334403,-1017.169525802813,-0.01091544237359306,-1.091544251840343,68.31853913270372,0.0,34.159232978681715,110,False,False,2025-02-15T15:15:00+00:00,2025-02-16T18:44:59.999000+00:00
ETHUSDT,15,LONG,1739732399999,1739732400000,1739747699999,2678.805654,2651.1066329877267,2748.0532065306834,2650.576411661129,STOP,9.936683506136685,-6.536372770653543,-4.096188005002266,-2.440184765651277,"[179864, 179881]","[2674.61, 2666.11]","[-2.362973508145587, -2.2597540631110076]",0.03989256360602518,33.275224,0.009999999699502157,-1010.2689149827963,-0.010961035135263851,-1.0961035464640603,70.93455280658272,0.0,35.46724024860648,17,False,False,2025-02-16T19:00:00+00:00,2025-02-16T23:14:59.999000+00:00
ETHUSDT,15,LONG,1739751299999,1739751300000,1739769299999,2663.0325,2633.7366836496217,2736.2720408759455,2633.209936312892,STOP,11.811658175189091,-8.27782585901923,-6.942213274703577,-1.3356125843156539,"[179882, 179900]","[2658.0, 2643.75]","[-2.705994235685731, -0.4508912071097857]",0.9436057589588607,31.116677,0.009999999863042815,-993.8996676454485,-0.01090294253696916,-1.0902942686292794,65.92058608177653,0.0,32.96025724013529,20,False,False,2025-02-17T00:15:00+00:00,2025-02-17T05:14:59.999000+00:00
ETHUSDT,15,SHORT,1739780999999,1739781000000,1739785499999,2685.032886,2723.0519607687033,2589.9851990782417,2723.596571160857,STOP,12.675980384351679,4.734291349063824,2.1866899370680644,2.5476014119957595,"[179932, 179936]","[2694.76, 2699.61]","[3.63431555066706, 2.9856765261746356]",0.06825331415160048,23.715713,0.009999999945718029,-965.8730910689949,-0.010712290335947993,-1.0712290394096415,51.307801571749074,0.0,25.653865229417566,5,False,False,2025-02-17T08:30:00+00:00,2025-02-17T09:44:59.999000+00:00
ETHUSDT,15,SHORT,1739797199999,1739797200000,1739801699999,2764.616966,2803.207080931852,2668.1416786703703,2803.767722348038,STOP,14.853540465925905,26.640997752675958,24.619851339467903,2.0211464132080543,"[179945, 179954]","[2773.93, 2777.95]","[8.771720757471389, 2.5745648422626033]",0.18699630607888118,23.114487,0.009999999665882667,-956.4337908428239,-0.010722463230268854,-1.0722463588524949,51.48414219592791,0.0,25.742035929659448,5,False,False,2025-02-17T13:00:00+00:00,2025-02-17T14:14:59.999000+00:00
ETHUSDT,15,SHORT,1739806199999,1739806200000,1739816099999,2818.376212,2858.824996309763,2717.2542512255927,2717.7977020758376,TAKE_PROFIT,18.027498154881485,35.55961916574006,31.67148389532966,3.888135270410398,"[179963, 179964]","[2826.78, 2848.76]","[4.746076909496729, 4.308508776348635]",0.1087802563090474,21.815894,0.009999999876650666,2145.8994778734555,0.02431816946386602,2.4318169763829025,48.31063331001744,0.0,24.15540538962938,11,False,False,2025-02-17T15:30:00+00:00,2025-02-17T18:14:59.999000+00:00
ETHUSDT,15,LONG,1739816999999,1739817000000,1739858399999,2717.713434,2675.277404756809,2823.8035071079776,2674.7423492758576,STOP,20.111297621595504,-4.7752030940851,4.635564488957131,-9.410767583042231,"[179970, 179976]","[2722.08, 2707.5]","[-11.533601768031875, -9.489529293067763]",0.1264451147282351,21.299952,0.00999999988224732,-961.225661750525,-0.010634375390647221,-1.0634375515869843,45.94361973835927,0.0,22.97177417676892,46,False,False,2025-02-17T18:30:00+00:00,2025-02-18T05:59:59.999000+00:00
ETHUSDT,15,LONG,1739861999999,1739862000000,1739897099999,2662.362366,2630.4166200215586,2742.226730946103,2629.8905366975546,STOP,14.826689989220617,-21.75225049706114,-16.921667477853944,-4.830583019207197,"[180024, 180026]","[2651.78, 2650.31]","[-5.4658155727197375, -5.133870645356648]",0.005979986129930258,27.993496,0.009999999690116584,-968.2594878757532,-0.01082733501199802,-1.0827335347519187,59.25946418506095,0.0,29.629696917717403,39,False,False,2025-02-18T07:00:00+00:00,2025-02-18T16:44:59.999000+00:00
ETHUSDT,15,LONG,1739902499999,1739902500000,1740130199999,2627.87547,2568.4816227489246,2776.360088127689,2775.8048161100633,TAKE_PROFIT,19.54918862553774,-22.430904031828504,-15.337307886270443,-7.093596145558061,"[180070, 180071]","[2610.0, 2604.18]","[-8.55076534693186, -8.30031228536075]",0.008863589429715544,14.893639,0.009999999713775663,2171.014093088239,0.02454258758608171,2.4542588288550315,32.192185381095996,0.0,16.096181462646395,253,False,False,2025-02-18T18:15:00+00:00,2025-02-21T09:29:59.999000+00:00
ETHUSDT,15,LONG,1740168899999,1740168900000,1740352499999,2654.090712,2582.5329898730615,2832.985017317346,2832.418420313882,TAKE_PROFIT,26.87850506346914,-43.17092601370632,-36.4911432290825,-6.679782784623818,"[180366, 180367]","[2624.26, 2624.24]","[-9.32981075688906, -8.724808160491463]",4.760509142217299e-05,12.665309,0.00999999973568522,2230.7801956603566,0.024614128953553173,2.4614129604140995,27.79533339683088,0.0,13.897757597346907,204,False,False,2025-02-21T20:15:00+00:00,2025-02-23T23:14:59.999000+00:00
ETHUSDT,15,LONG,1740373199999,1740373200000,1740408299999,2700.119916,2661.742311542598,2796.0639271435048,2661.2099630802895,STOP,17.54384422870099,-31.421923167412842,-20.953868944452033,-10.46805422296081,"[180593, 180594]","[2703.14, 2691.07]","[-11.081941749763512, -10.821630546406446]",0.016018101883871188,24.196624,0.00999999975329968,-993.3799339455657,-0.010697510811050345,-1.0697511074958286,51.89043328962849,0.0,25.94518002304142,39,False,False,2025-02-24T05:00:00+00:00,2025-02-24T14:44:59.999000+00:00
ETHUSDT,15,LONG,1740471299999,1740471300000,1740595499999,2388.017508,2285.5572643436867,2644.168117140783,2285.1001528908178,STOP,35.376367828156646,-49.71407740415589,-37.839523115442304,-11.874554288713583,"[180672, 180700]","[2456.75, 2405.15]","[-15.02478558995142, -0.749771279150302]",2.027235233754957,8.966157,0.009999999371213044,-939.5331265844861,-0.010227049228594808,-1.0227049871658365,16.759962650807932,0.0,8.3799447496752,138,False,False,2025-02-25T08:15:00+00:00,2025-02-26T18:44:59.999000+00:00
ETHUSDT,15,LONG,1740597299999,1740597300000,1740707099999,2311.66224,2226.2050457250425,2525.305225687394,2225.7598047158976,STOP,29.687477137478787,-43.91219039455518,-32.69687096635313,-11.21531942820205,"[180825, 180839]","[2368.29, 2354.2]","[-9.669315546095966, -3.7818374199875286]",0.39909195378594664,10.640173,0.009999999711861687,-933.328354756072,-0.010264484145393854,-1.026448444115298,19.311582211916352,0.0,9.655754931517473,122,False,False,2025-02-26T19:15:00+00:00,2025-02-28T01:44:59.999000+00:00
ETHUSDT,15,LONG,1740712499999,1740712500000,1740716099999,2179.315776,2102.8115224959697,2370.5764097600754,2102.3909601914706,STOP,31.749238752015124,-39.22888042286513,-26.027791651754377,-13.201088771110754,"[180948, 180966]","[2229.0, 2177.0]","[-6.768363906310121, -3.339268352363373]",1.1672227909516923,11.763346,0.009999999228922696,-925.040103465342,-0.01027883925895759,-1.0278840051535618,20.146879123340398,0.0,10.073403768877375,4,False,False,2025-02-28T03:15:00+00:00,2025-02-28T04:14:59.999000+00:00
ETHUSDT,15,LONG,1740716999999,1740717000000,1740933899999,2131.216158,2053.1905378386264,2326.280208403434,2325.814952361753,TAKE_PROFIT,31.654731080686744,-51.96264449562159,-40.711985226852136,-11.250659268769454,"[180971, 180976]","[2122.18, 2090.83]","[-14.572218241241284, -12.284038683534895]",0.15342574454929014,11.415425,0.009999999351438197,2201.076380381814,0.024711879125538,2.471188072825619,20.351561745200527,0.0,10.175870136752753,241,False,False,2025-02-28T04:30:00+00:00,2025-03-02T16:44:59.999000+00:00
ETHUSDT,15,SHORT,1740938399999,1740938400000,1741027499999,2479.334034,2598.28510298221,2181.9563615444754,2182.392752816784,TAKE_PROFIT,45.90755149110492,77.32123394285736,43.901023010894725,33.420210931962636,"[181194, 181214]","[2260.61, 2290.63]","[3.467185955417383, 1.527057872857979]",0.871904663590929,7.672956,0.009999998705518898,2264.1096952947355,0.024806549011805287,2.4806552222966594,14.307689807706627,0.0,7.15393632670617,99,False,False,2025-03-02T18:00:00+00:00,2025-03-03T18:44:59.999000+00:00
ETHUSDT,15,LONG,1741031099999,1741031100000,1741031999999,2185.28697,2112.437103620361,2367.4116359490977,2112.0146161996367,STOP,28.83144818981954,-55.058581326057265,-45.50727690454547,-9.551304421511794,"[181312, 181320]","[2254.34, 2250.62]","[-7.809631171771393, -2.029795034087236]",0.11814597367301115,12.839385,0.009999999445042752,-962.8418441096068,-0.010293947538949407,-1.0293948110219517,22.06988381053113,0.0,11.034904715783341,1,False,False,2025-03-03T19:45:00+00:00,2025-03-03T19:59:59.999000+00:00
ETHUSDT,15,LONG,1741056299999,1741056300000,1741106699999,2058.621642,1988.391537416822,2234.196903457945,1987.9938591093387,STOP,32.554231291589005,-50.115968213391625,-45.14741465432727,-4.968553559064354,"[181327, 181350]","[2094.76, 2033.96]","[-13.221658065242472, -0.9232249079262687]",1.9581775133357866,13.181229,0.009999999741729253,-952.2967262821184,-0.01028710232655643,-1.0287102592242197,21.33574623802878,0.0,10.66783630728864,56,False,False,2025-03-04T02:45:00+00:00,2025-03-04T16:44:59.999000+00:00
ETHUSDT,15,SHORT,1741121099999,1741121100000,1741166099999,2165.196874,2240.5914999074307,1976.710309231423,2241.0396182074123,STOP,27.065749953715404,28.721699210515,20.902727754597834,7.818971455917165,"[181424, 181425]","[2177.25, 2192.5]","[9.785700336967754, 9.749326493120364]",0.0020858892765245464,12.152008,0.009999999446990603,-943.0594827917064,-0.010293205063174661,-1.0293205632398605,21.417848441278565,0.0,10.70888778332942,50,False,False,2025-03-04T20:45:00+00:00,2025-03-05T09:14:59.999000+00:00
ETHUSDT,15,SHORT,1741172399999,1741172400000,1741226399999,2236.132684,2284.664445754656,2114.8032796133607,2285.1213786438066,STOP,16.662222877327885,24.37737412602428,21.87279073356429,2.5045833924599883,"[181478, 181482]","[2261.8, 2272.94]","[6.1213481812495125, 3.9964567894026217]",0.23764190067431581,18.683961,0.009999999899230652,-949.0928339968046,-0.010466794099456134,-1.0466794204929337,33.78997383101137,0.0,16.89495097918932,60,False,False,2025-03-05T11:00:00+00:00,2025-03-06T01:59:59.999000+00:00
ETHUSDT,15,SHORT,1741229099999,1741229100000,1741237199999,2267.576394,2301.0490510471554,2183.8947513821113,2301.509260857365,STOP,15.374525523577699,17.14295911406407,14.672589263613528,2.470369850450542,"[181537, 181542]","[2256.61, 2260.44]","[1.8426336841689395, 0.8842262383371313]",0.14097758052198586,26.806196,0.009999999785618585,-958.6030020623836,-0.010683496174890042,-1.068349640392435,48.99192224195795,0.0,24.49592571637281,9,False,False,2025-03-06T02:45:00+00:00,2025-03-06T04:59:59.999000+00:00
ETHUSDT,15,SHORT,1741238099999,1741238100000,1741283099999,2293.44122,2335.5129624507863,2188.2618638730346,2188.6995162458093,TAKE_PROFIT,15.331481225393077,21.605639051766957,20.346523209330332,1.2591158424366249,"[181548, 181555]","[2295.42, 2306.4]","[3.1520045163495567, 1.5364906773762002]",0.36254862135000987,21.099401,0.009999999662897037,2172.1590150398824,0.02446983129108136,2.446983211596665,37.82819389299423,0.0,18.914186102552915,50,False,False,2025-03-06T05:15:00+00:00,2025-03-06T17:44:59.999000+00:00
ETHUSDT,15,LONG,1741284899999,1741284900000,1741307399999,2196.129138,2147.713920621406,2317.1671814464853,2147.2843778372817,STOP,19.80303968929709,-23.995113984768523,-17.91150051501112,-6.0836134697574025,"[181594, 181604]","[2206.32, 2201.82]","[-7.981600853013882, -3.4189540733450627]",0.1318709700801106,18.78356,0.009999999513215944,-950.1123905538482,-0.010447567076123473,-1.0447567584694404,32.63390735181621,0.0,16.316917629445484,25,False,False,2025-03-06T18:15:00+00:00,2025-03-07T00:29:59.999000+00:00
ETHUSDT,15,LONG,1741310099999,1741310100000,1741539599999,2145.97911,2059.1640013940846,2363.0168815147886,2058.752168593806,STOP,24.047999302957752,-26.159569161420677,-17.65002783913419,-8.509541322286488,"[181607, 181633]","[2175.5, 2112.0]","[-6.3629063241680335, -3.558978621376097]",1.2675613496262468,10.365811,0.009999999409345072,-921.6121686205613,-0.010241170009908804,-1.0241170614808592,17.434179895876696,0.0,8.717054129500964,255,False,False,2025-03-07T01:15:00+00:00,2025-03-09T16:59:59.999000+00:00
ETHUSDT,15,LONG,1741544099999,1741544100000,1741598999999,2020.484016,1972.173153413773,2141.2611724655676,2140.8329202310747,TAKE_PROFIT,20.533423293113533,-41.05754289575543,-32.29718985447211,-8.760353041283324,"[181894, 181895]","[2013.21, 2012.5]","[-9.274242872253488, -9.215397371636136]",0.0002204951739918665,18.436701,0.009999999880245991,2188.148380538145,0.02456680955001719,2.4566809844214585,30.688382447811357,0.0,15.34428059114742,61,False,False,2025-03-09T18:15:00+00:00,2025-03-10T09:29:59.999000+00:00
ETHUSDT,15,SHORT,1741600799999,1741600800000,1741626899999,2100.569802,2159.497405331916,1953.2507936702102,1953.6414438289441,TAKE_PROFIT,19.248702665957964,14.644924145077766,9.638828124338184,5.006096020739582,"[181948, 181956]","[2078.55, 2084.86]","[0.440768698074427, 0.3261075646718403]",0.12572258795954722,15.486365,0.00999999946028648,2250.2721854316974,0.024658505965679867,2.4658507296532846,25.113998056004704,0.0,12.557090545733313,29,False,False,2025-03-10T10:00:00+00:00,2025-03-10T17:14:59.999000+00:00
ETHUSDT,15,LONG,1741630499999,1741630500000,1741633199999,1931.096142,1853.5866798228085,2124.8697974429792,1853.2159624868439,STOP,27.311660088595804,-46.38465904105033,-33.30594501090361,-13.078714030146713,"[181979, 181988]","[1995.47, 1928.1]","[-15.438400689021888, -10.552703506830724]",0.8150539502619681,12.064038,0.009999999488649075,-957.8110791064933,-0.010243123621943953,-1.0243124145727052,18.261634012955703,0.0,9.130779789731239,3,False,False,2025-03-10T18:15:00+00:00,2025-03-10T18:59:59.999000+00:00
ETHUSDT,15,LONG,1741634999999,1741635000000,1741654799999,1851.62025,1782.2024824698258,2025.1646688254352,1781.846041973332,STOP,33.533758765087065,-67.18497278706559,-51.70873799436497,-15.476234792700623,"[181995, 181996]","[1811.05, 1807.75]","[-16.602664757003346, -16.52859100049662]",0.000426542557345588,13.332307,0.00999999950164745,-949.6281573248992,-0.010260714731693335,-1.0260715243038696,19.37699523149604,0.0,9.688460793239967,22,False,False,2025-03-10T19:30:00+00:00,2025-03-11T00:59:59.999000+00:00
ETHUSDT,15,SHORT,1741682699999,1741682700000,1741699799999,1905.248874,1945.4110064665633,1804.8435428335915,1945.8000886678567,STOP,16.630503233281708,9.298158369369048,5.313188452035104,3.9849699173339443,"[182048, 182049]","[1917.12, 1918.3]","[4.7142557568392895, 4.642861506591359]",0.0010558709013912943,22.807622,0.009999999819816714,-960.01008340294,-0.010480427932840953,-1.0480428121680752,35.13330761760824,0.0,17.566617516397788,19,False,False,2025-03-11T08:45:00+00:00,2025-03-11T13:29:59.999000+00:00
ETHUSDT,15,LONG,1741742099999,1741742100000,1741750199999,1915.102944,1883.6418186118615,1993.7557574703467,1883.265090248139,STOP,12.689090694069314,-2.894749912088173,1.9748365693743644,-4.869586481462537,"[182114, 182115]","[1906.6, 1904.41]","[-5.520710824674266, -5.412613938540152]",0.0033310135850630426,28.810242,0.009999999827256712,-961.0290322604246,-0.010602672338578588,-1.060267252173264,43.77276090870127,0.0,21.886344639553567,9,False,False,2025-03-12T01:15:00+00:00,2025-03-12T03:29:59.999000+00:00
ETHUSDT,15,LONG,1741755599999,1741755600000,1741770899999,1866.343194,1833.0374657019797,1949.607514745051,1949.2175932421019,TAKE_PROFIT,12.061267149010188,-20.604531786621237,-15.135885929290602,-5.468645857330635,"[182129, 182130]","[1853.18, 1851.33]","[-6.808148954042403, -6.596419440647976]",0.0047299027426689145,26.926069,0.009999999742284136,2190.3865711139943,0.02442467917315255,2.4424679802615294,41.095221212390065,0.0,20.547700687374753,17,False,False,2025-03-12T05:00:00+00:00,2025-03-12T09:14:59.999000+00:00
ETHUSDT,15,SHORT,1741771799999,1741771800000,1742381099999,1878.354254,1960.5348808670944,1672.9026868322642,1960.9269878432679,STOP,22.23744043354717,3.0501841476705067,-0.5171111208831443,3.567295268553651,"[182147, 182148]","[1935.75, 1955.9]","[8.40992242523141, 7.0968622758701345]",0.15158305429695482,11.178987,0.009999999263395771,-940.2472282251142,-0.010234582449774293,-1.0234583203658019,17.1677100367639,0.0,8.583818438553958,677,False,False,2025-03-12T09:30:00+00:00,2025-03-19T10:44:59.999000+00:00
ETHUSDT,15,SHORT,1742394599999,1742394600000,1742408099999,2021.975524,2062.3577919553068,1921.019854111733,2062.770263513698,STOP,14.743895977653425,26.29328040181258,25.135356927097888,1.1579234747146927,"[182831, 182840]","[2032.73, 2042.5]","[10.756681162231803, 1.5276708634942153]",0.5580534668287107,22.517154,0.009999999907956145,-955.3721719991398,-0.010506749518162729,-1.0506749614870905,36.790739979318886,0.0,18.395333982215522,15,False,False,2025-03-19T14:30:00+00:00,2025-03-19T18:14:59.999000+00:00
ETHUSDT,15,LONG,1742444099999,1742444100000,1742465699999,2024.25477,2001.7862592752451,2080.426046811887,2001.3859020233901,STOP,8.876870362377385,-2.6463825064056437,-0.3811625246831041,-2.26521998172254,"[182886, 182895]","[2021.74, 2018.82]","[-4.142739982308515, -2.4361746608941193]",0.13006405778656258,40.044489,0.009999999972163248,-980.2540215753214,-0.010894858354055159,-1.0894858384382906,64.4818894435173,0.0,32.24090938050974,24,False,False,2025-03-20T04:15:00+00:00,2025-03-20T10:14:59.999000+00:00
ETHUSDT,15,LONG,1742490899999,1742490900000,1742561099999,1969.49382,1933.752382045054,2058.847414887365,1933.365631568645,STOP,11.623808977473006,-13.050932971372049,-10.344273949206832,-2.7066590221652174,"[182921, 182942]","[1970.31, 1964.95]","[-2.467890226344948, -0.16128445344501152]",0.4254555675220909,24.899319,0.00999999968881245,-938.4387056431274,-0.010544995723632272,-1.054499605177942,38.871416998709094,0.0,19.435673294089934,78,False,False,2025-03-20T17:15:00+00:00,2025-03-21T12:44:59.999000+00:00
ETHUSDT,15,LONG,1742564699999,1742564700000,1742792399999,1950.480018,1916.2894545639015,2035.9564265902463,2035.5492353049283,TAKE_PROFIT,9.83027271804927,-8.125194728818087,-6.157782045422511,-1.967412683395576,"[183018, 183026]","[1955.79, 1932.0]","[-0.811543991636102, -0.641287939134842]",0.547954797363576,25.754273,0.00999999998819919,2149.832932137207,0.024414574407675964,2.441457443648714,41.06291423024051,0.0,20.531545572215933,253,False,False,2025-03-21T13:45:00+00:00,2025-03-24T04:59:59.999000+00:00
ETHUSDT,15,SHORT,1742803199999,1742803200000,1742806799999,2068.066304,2095.111933662964,2000.45222984259,2095.5309560496967,STOP,9.615966831481991,23.603994936491972,20.57866401810965,3.0253309183823234,"[183288, 183294]","[2076.55, 2079.23]","[6.789064682417704, 3.9513932911568297]",0.11778164878595467,33.352946,0.009999999895429908,-971.5743505543934,-0.010770720080144144,-1.0770720192773664,55.547293832074196,0.0,27.773611385899283,4,False,False,2025-03-24T08:00:00+00:00,2025-03-24T08:59:59.999000+00:00
ETHUSDT,15,SHORT,1742807699999,1742807700000,1742997599999,2089.272062,2112.3436699243525,2031.5930421891185,2031.9993607975564,TAKE_PROFIT,10.171834962176304,26.006703451353587,23.805362527801247,2.2013409235523405,"[183297, 183299]","[2093.47, 2096.33]","[2.987323217548173, 2.488060930693969]",0.045416285196275004,38.676788,0.009999999965228936,2151.36510615026,0.024109369673017387,2.410936975684823,63.75901644399978,0.0,31.87959810214872,211,False,False,2025-03-24T09:15:00+00:00,2025-03-26T13:59:59.999000+00:00
ETHUSDT,15,LONG,1743011999999,1743012000000,1743016499999,2005.961112,1984.334769104283,2060.026969239292,1983.9379021504622,STOP,9.237615447858476,-16.084517700536026,-15.499507412251482,-0.5850102882845434,"[183525, 183526]","[2002.0, 2001.97]","[-0.8774545299904233, -0.6454880884926357]",0.0008489875057992387,42.256305,0.009999999986457769,-998.0588283455303,-0.010921481055352216,-1.0921481070142338,67.4393558644565,0.0,33.71964205623503,5,False,False,2025-03-26T18:00:00+00:00,2025-03-26T19:14:59.999000+00:00
ETHUSDT,15,SHORT,1743046199999,1743046200000,1743083099999,2030.0939,2047.416723235492,1986.7868419112697,1987.184199279652,TAKE_PROFIT,7.298361617746087,5.40204884784589,2.457113875517764,2.944934972328126,"[183561, 183562]","[2025.56, 2025.74]","[2.931388073657813, 2.876366284963409]",0.0004667367897673538,52.177912,0.009999999911303126,2155.093314875168,0.023842989420840784,2.384298963232065,83.84527325749637,0.0,41.92272786320083,41,False,False,2025-03-27T03:30:00+00:00,2025-03-27T13:44:59.999000+00:00
ETHUSDT,15,LONG,1743123599999,1743123600000,1743137099999,2004.580836,1984.0935919573656,2055.798946106586,1983.6967732389742,STOP,7.15820402131721,-3.0624092650082275,-2.430356127476321,-0.6320531375319067,"[183649, 183650]","[1994.04, 1990.72]","[-1.4184564866731573, -1.0668202720012627]",0.11608778266598234,45.17053,0.009999999828254015,-1015.4052288273858,-0.01097237548001438,-1.0972375668460528,72.06104535858294,0.0,36.03048638674359,15,False,False,2025-03-28T01:00:00+00:00,2025-03-28T04:44:59.999000+00:00
ETHUSDT,15,SHORT,1743201899999,1743201900000,1743209099999,1891.131698,1910.1333129424836,1843.6276606437912,1910.515339605072,STOP,8.596656471241761,-0.496799566414893,-3.3593813825989036,2.8625818161840106,"[183730, 183736]","[1891.44, 1893.5]","[2.9968397218708294, 2.73729676334969]",0.019261190388389915,48.167781,0.009999999911996005,-1006.9137645942615,-0.011001328202588895,-1.1001328299404978,73.24676077866395,0.0,36.6233445075856,8,False,False,2025-03-28T22:45:00+00:00,2025-03-29T00:44:59.999000+00:00
ETHUSDT,15,SHORT,1743209999999,1743210000000,1743247799999,1902.109502,1924.3520424210058,1846.503150947486,1846.8724515776753,TAKE_PROFIT,7.771021210502833,5.495070975976205,2.9838698348807813,2.5112011410954236,"[183739, 183744]","[1901.41, 1902.7]","[3.336948845205523, 2.5800265543908303]",0.037545628701241306,40.696632,0.009999999830469496,2186.933538227035,0.0241597657968649,2.4159766206446633,61.0283755757567,0.0,30.514278926926057,42,False,False,2025-03-29T01:00:00+00:00,2025-03-29T11:29:59.999000+00:00
ETHUSDT,15,LONG,1743271199999,1743271200000,1743372899999,1817.303388,1781.0910073378654,1907.8343396553362,1780.734789136398,STOP,11.639496331067251,-16.57715982372838,-14.15066860065657,-2.4264912230718103,"[183791, 183811]","[1832.29, 1812.0]","[-4.136809838587812, -1.3420263771695016]",1.4170195636112093,25.600797,0.00999999971125164,-973.030334069955,-0.010495806224839045,-1.0495806527903737,36.845057988447586,0.0,18.42249228371244,113,False,False,2025-03-29T18:00:00+00:00,2025-03-30T22:14:59.999000+00:00
ETHUSDT,15,LONG,1743374699999,1743374700000,1743521399999,1808.191566,1765.7470948993337,1914.302743751666,1913.9198832029156,TAKE_PROFIT,11.9714525503332,-5.827759217214407,-4.148917439413736,-1.6788417778006712,"[183894, 183928]","[1782.0, 1766.04]","[-2.014168795973448, -1.9268147148638515]",0.06619371044114561,21.612603,0.009999999714362646,2252.886338735336,0.02455902192738813,2.4559022628885554,32.177806829350914,0.0,16.088995460801097,163,False,False,2025-03-30T22:45:00+00:00,2025-04-01T15:29:59.999000+00:00
ETHUSDT,15,LONG,1743541199999,1743541200000,1743556499999,1912.452414,1885.7455159070469,1979.2196592323828,1885.3683668038655,STOP,9.42724204647654,8.708958299578853,10.85882478388716,-2.1498664843083066,"[184113, 184114]","[1900.0, 1895.9]","[-2.6976296323177458, -2.6870432114341067]",0.0017246133821108346,35.191821,0.009999999831027617,-1006.5978325251688,-0.010710032638604572,-1.0710032819574546,53.46089164325195,0.0,26.73040876536469,17,False,False,2025-04-01T21:00:00+00:00,2025-04-02T01:14:59.999000+00:00
ETHUSDT,15,LONG,1743561899999,1743561900000,1743571799999,1878.47562,1859.9639121559155,1924.7548896102112,1859.5919193734842,STOP,8.55304392204226,-6.643594011704408,-3.0314643408153015,-3.612129670889107,"[184136, 184137]","[1875.5, 1871.31]","[-3.804515651540995, -3.687983026628068]",0.014694082697932872,50.227586,0.009999999817566078,-1023.5843407396474,-0.011008669455096485,-1.1008669655931964,75.10164352307602,0.0,37.55078532426154,11,False,False,2025-04-02T02:45:00+00:00,2025-04-02T05:29:59.999000+00:00
ETHUSDT,15,LONG,1743574499999,1743574500000,1743608699999,1857.57144,1837.7676843317674,1907.0808291705816,1906.6994130047476,TAKE_PROFIT,8.046157834116336,-12.363358385698348,-9.774110305737253,-2.589248079961095,"[184137, 184148]","[1871.31, 1862.53]","[-3.687983026628068, -1.2234606690166583]",0.7567812695323776,46.433746,0.00999999988302988,2211.280141331855,0.02404708728198391,2.404708756326298,69.91567866545032,0.0,34.95793197887524,38,False,False,2025-04-02T06:15:00+00:00,2025-04-02T15:44:59.999000+00:00
ETHUSDT,15,LONG,1743668099999,1743668100000,1743677099999,1819.96392,1793.2600921526534,1886.7234896183663,1792.9014401342229,STOP,10.28495392367327,-6.932252805998587,-6.771353388667324,-0.16089941733126345,"[184252, 184253]","[1810.19, 1805.56]","[-0.16645669534330132, -0.10543734667871973]",0.1632020844619995,35.263684,0.009999999724799,-1005.2839152008528,-0.01067548270167969,-1.0675482995470051,50.96117695772777,0.0,25.48055132517641,10,False,False,2025-04-03T08:15:00+00:00,2025-04-03T10:44:59.999000+00:00
ETHUSDT,15,LONG,1743686999999,1743687000000,1743958799999,1772.084346,1734.9198027401587,1864.9957041496034,1734.5728187796105,STOP,12.985098629920666,-17.62367433902682,-13.639344259380389,-3.9843300796464316,"[184268, 184273]","[1786.14, 1785.03]","[-1.916364864154124, -1.5181123858031889]",0.023127203057572664,25.067509,0.00999999988283604,-975.4818102160663,-0.01047078376782217,-1.047078389050202,35.161264015210946,0.0,17.580595098007432,302,False,False,2025-04-03T13:30:00+00:00,2025-04-06T16:59:59.999000+00:00
ETHUSDT,15,LONG,1743966899999,1743966900000,1743972299999,1620.914118,1563.733288767398,1763.8661910815047,1563.4205421096447,STOP,21.938355616300914,-48.977493414817445,-34.9924183600008,-13.985075054816647,"[184567, 184579]","[1735.01, 1710.0]","[-3.6935190232014, -2.36070695526465]",0.7877846723424897,16.121971,0.009999999513855402,-947.4448636084404,-0.010277449223130852,-1.0277449722763516,20.535100417833018,0.0,10.267513543226524,6,False,False,2025-04-06T19:15:00+00:00,2025-04-06T20:44:59.999000+00:00
ETHUSDT,15,LONG,1743974099999,1743974100000,1743997499999,1587.097356,1525.4708488277267,1741.163623930683,1525.1657546579613,STOP,22.304575586136597,-56.18502221655467,-50.698773233675965,-5.486248982878706,"[184587, 184594]","[1601.0, 1552.5]","[-14.833673170309545, -5.872959879486693]",1.2928277628013993,14.805208,0.009999999892316402,-935.3413207235699,-0.010251514941352825,-1.0251515051744828,18.431081081607253,0.0,9.21550423301421,26,False,False,2025-04-06T21:15:00+00:00,2025-04-07T03:44:59.999000+00:00
ETHUSDT,15,SHORT,1744067699999,1744067700000,1744078499999,1574.355066,1610.2959246124674,1484.5029194688316,1610.6179837973898,STOP,14.342962306233668,12.134044825281762,11.181489424946404,0.952555400335358,"[184698, 184699]","[1583.5, 1584.58]","[1.5450440961281924, 1.3983394975245442]",0.006902925965805675,25.125717,0.009999999873949386,-943.1417027722147,-0.010444076183292067,-1.044407631494029,32.00989260073445,0.0,16.004910495291238,12,False,False,2025-04-07T23:15:00+00:00,2025-04-08T02:14:59.999000+00:00
ETHUSDT,15,LONG,1744101899999,1744101900000,1744124399999,1565.172972,1537.0756471654315,1635.4162840864212,1536.7682320359984,STOP,9.977176417284227,-3.170954925827573,0.8963420759343579,-4.067297001761931,"[184734, 184735]","[1564.53, 1560.86]","[-3.9445815029571367, -3.7874864804125554]",0.014498646662154772,31.804039,0.009999999756551829,-942.8471612115108,-0.010551010068911633,-1.055101032577405,39.461703611547144,0.0,19.730816459587924,25,False,False,2025-04-08T08:45:00+00:00,2025-04-08T14:59:59.999000+00:00
ETHUSDT,15,LONG,1744134299999,1744134300000,1744162199999,1476.565254,1420.7116318810065,1616.199309297484,1420.4274895546303,STOP,17.799184059496774,-30.18217992185282,-21.072452622887,-9.109727298965822,"[184765, 184769]","[1517.12, 1511.32]","[-6.37637646869755, -5.2523448884945445]",0.07399095923600273,15.830306,0.0099999995970858,-907.0221019702232,-0.010258342621390627,-1.0258343034713835,18.34411264409973,0.0,9.172021141811138,31,False,False,2025-04-08T17:45:00+00:00,2025-04-09T01:29:59.999000+00:00
ETHUSDT,15,SHORT,1744185599999,1744185600000,1744219799999,1482.593422,1519.7491546561512,1389.7040903596221,1520.0531044870822,STOP,15.274577328075555,7.328425018706639,0.5610699253431028,6.767355093363536,"[184824, 184828]","[1476.19, 1480.42]","[7.874055388232682, 6.586555745150254]",0.043214763565418673,23.552482,0.009999999778583324,-910.5564088097019,-0.010405053938631897,-1.040505416901715,28.28791130697981,0.0,14.143920928506843,38,False,False,2025-04-09T08:00:00+00:00,2025-04-09T17:29:59.999000+00:00
ETHUSDT,15,SHORT,1744235099999,1744235100000,1744299899999,1663.557222,1724.9456869115681,1510.0860597210797,1510.388076933024,TAKE_PROFIT,21.452843455784066,56.73187324562241,55.433453183536294,1.298420062086116,"[184884, 184885]","[1686.45, 1688.0]","[3.5924995584953763, 3.228386856130463]",0.007332836362624815,14.106952,0.009999999399449464,2142.8398997477993,0.024743990266556104,2.4743991752557855,17.909877593069528,0.0,8.955025584726881,72,False,False,2025-04-09T21:45:00+00:00,2025-04-10T15:44:59.999000+00:00
ETHUSDT,15,SHORT,1744339499999,1744339500000,1744359299999,1538.352268,1571.7693112043967,1454.8096599890082,1572.0836650666376,STOP,11.834655602198346,1.6985087870964435,-1.8959241808059155,3.594432967902359,"[184979, 184998]","[1533.0, 1547.74]","[5.837864259188887, 1.8843881994413936]",0.870942948298109,26.556286,0.009999999749206116,-928.8212781704661,-0.010466386971692498,-1.0466387234183088,33.040650489277795,0.0,16.520290074225393,22,False,False,2025-04-11T02:45:00+00:00,2025-04-11T08:14:59.999000+00:00
ETHUSDT,15,LONG,1744422299999,1744422300000,1744445699999,1558.981734,1542.925847044164,1599.1214513895904,1598.8016270993126,TAKE_PROFIT,6.8770764779180755,-2.0354367413531236,-0.5903581174975883,-1.4450786238555353,"[185085, 185093]","[1556.4, 1554.91]","[-1.752973809328259, -1.4846000311589496]",0.031933013266590884,54.692983,0.009999999843312686,2108.7852996679985,0.024014107259718784,2.401410763598939,69.08343667451503,0.0,34.54180683367924,26,False,False,2025-04-12T01:45:00+00:00,2025-04-12T08:14:59.999000+00:00
ETHUSDT,15,SHORT,1744447499999,1744447500000,1744461899999,1594.061124,1611.0706892848773,1551.537210787807,1611.3929034227342,STOP,7.9253446424386125,9.630581319896919,6.041976481333913,3.588604838563006,"[185113, 185118]","[1578.14, 1581.7]","[2.714187167207108, 2.247743612228036]",0.09957461539021663,52.866266,0.009999999819992311,-984.0506153213934,-0.010943231285979356,-1.0943231482965938,67.78415410580062,0.0,33.892041757923536,16,False,False,2025-04-12T08:45:00+00:00,2025-04-12T12:44:59.999000+00:00
ETHUSDT,15,LONG,1744522199999,1744522200000,1744552799999,1607.661468,1577.7768895122879,1682.3729142192801,1577.4613341343854,STOP,10.111555243856044,-10.194402326703539,-7.653458290300162,-2.540944036403377,"[185193, 185203]","[1605.68, 1602.12]","[-5.1211300331400125, -2.1385857061839557]",0.21261830662745904,29.760892,0.009999999998987848,-936.6997606485205,-0.01053191464494778,-1.0531914646013771,37.91683828842353,0.0,18.95838395123023,34,False,False,2025-04-13T05:30:00+00:00,2025-04-13T13:59:59.999000+00:00
ETHUSDT,15,LONG,1744575299999,1744575300000,1744826399999,1607.47143,1548.260157999339,1755.4996100016522,1547.9505059677392,STOP,17.36992100033042,1.8331123477414621,3.548239522251383,-1.715127174509921,"[185239, 185262]","[1565.11, 1559.4]","[-3.4837267644361862, -0.045881737080343044]",0.35832949165919087,14.862452,0.00999999968917814,-903.3857992503482,-0.010265459407238884,-1.0265459726311812,18.75892282522704,0.0,9.379426402715518,279,False,False,2025-04-13T20:15:00+00:00,2025-04-16T17:59:59.999000+00:00
ETHUSDT,15,SHORT,1744872299999,1744872300000,1745084699999,1602.119512,1621.6314128689662,1553.3397598275844,1621.95573915154,STOP,7.185706434483096,6.06440774276507,3.940232029107519,2.124175713657551,"[185580, 185588]","[1594.9, 1595.59]","[0.6732366489638169, 0.540008814133675]",0.019112033774662238,44.638954,0.009999999862374995,-943.0361700826212,-0.010827164971331316,-1.082716512034018,57.567738731476815,0.0,28.783835098354558,236,False,False,2025-04-17T06:45:00+00:00,2025-04-19T17:44:59.999000+00:00
ETHUSDT,15,SHORT,1745087399999,1745087400000,1745145899999,1616.106714,1631.9850175735537,1576.410955066116,1576.7262372571292,TAKE_PROFIT,6.237508786776814,4.910086837008748,3.4332902179955447,1.4767966190132036,"[185821, 185830]","[1612.0, 1632.29]","[1.2303197759403242, 0.6395584179816973]",1.5881922192708071,54.260235,0.009999999856932064,2067.4963759798247,0.02399711205968815,2.3997112403009884,69.29754650038215,0.0,34.64886010790238,65,False,False,2025-04-19T18:30:00+00:00,2025-04-20T10:44:59.999000+00:00
ETHUSDT,15,LONG,1745151299999,1745151300000,1745200799999,1576.305198,1557.4831411944267,1623.3603400139332,1623.0356679459305,TAKE_PROFIT,6.488429402786655,-11.153590503754003,-9.661019117196009,-1.4925713865579944,"[185902, 185903]","[1567.32, 1564.69]","[-2.1984388522547285, -2.037465101775595]",0.029509561731029,46.872425,0.009999999847848426,2130.3861018399866,0.024147590976642812,2.4147591344052217,59.98434591539427,0.0,29.992261772205516,55,False,False,2025-04-20T12:15:00+00:00,2025-04-21T01:59:59.999000+00:00
ETHUSDT,15,SHORT,1745204399999,1745204400000,1745215199999,1631.6736,1652.6799479088409,1579.1577302278977,1653.0104838984228,STOP,9.379973954420478,15.34917527068842,11.340884648974221,4.008290621714199,"[185960, 185962]","[1641.1, 1645.34]","[4.791812592478816, 4.412092000844556]",0.03516420247627318,43.012679,0.009999999769335677,-974.269762829978,-0.010782815322208811,-1.0782815570929896,56.51322484685277,0.0,28.25657684342794,12,False,False,2025-04-21T03:00:00+00:00,2025-04-21T05:59:59.999000+00:00
ETHUSDT,15,SHORT,1745217899999,1745217900000,1745254799999,1646.92055,1667.0358685587937,1596.632253603016,1596.9515800537365,TAKE_PROFIT,7.96793427939683,15.511784902658519,15.396529901727208,0.11525500093131136,"[185962, 185975]","[1645.34, 1657.12]","[4.412092000844556, 0.04388949619943894]",1.4492763431107194,44.43363,0.00999999999323274,2162.6479164757466,0.02419619700232265,2.4196197018696846,57.654805597647844,0.0,28.827492764032513,41,False,False,2025-04-21T06:45:00+00:00,2025-04-21T16:59:59.999000+00:00
ETHUSDT,15,LONG,1745263799999,1745263800000,1745282699999,1578.635664,1553.6855011078171,1641.0110712304572,1553.3747640075956,STOP,10.157249446091459,-18.461830864946023,-15.773597007072336,-2.688233857873687,"[186027, 186028]","[1566.13, 1560.62]","[-4.716718243633656, -3.8285319231366124]",0.09901679863137836,36.690065,0.00999999995992668,-972.7895291535306,-0.01062666571434099,-1.0626665756925568,45.9654664737106,0.0,22.982697083200677,21,False,False,2025-04-21T19:30:00+00:00,2025-04-22T00:44:59.999000+00:00
ETHUSDT,15,SHORT,1745323199999,1745323200000,1745329499999,1629.813972,1646.3432036560603,1588.4908928598495,1646.6724722967913,STOP,7.791601828030084,13.967485811029292,13.95049979782345,0.016986013205841033,"[186081, 186094]","[1634.07, 1638.0]","[6.156768975332469, 0.1835373461933365]",0.46663686770882684,54.793545,0.009999999910677557,-995.5491176157383,-0.010992098780077236,-1.099209887826135,71.8121229709865,0.0,35.9060259722545,7,False,False,2025-04-22T12:00:00+00:00,2025-04-22T13:44:59.999000+00:00
ETHUSDT,15,SHORT,1745372699999,1745372700000,1745384399999,1773.655198,1814.799589331574,1670.7942196710646,1815.1625492494404,STOP,16.144794665787053,26.768144833550878,25.781038856659922,0.9871059768909554,"[186135, 186148]","[1779.02, 1789.0]","[2.514177161158706, 0.051872144245795226]",0.6184503738095218,21.770639,0.009999999721782329,-934.8939021426306,-0.010437115670888338,-1.0437115961267347,31.252342244864323,0.0,15.62613560181519,13,False,False,2025-04-23T01:45:00+00:00,2025-04-23T04:59:59.999000+00:00
ETHUSDT,15,LONG,1745465399999,1745465400000,1745468099999,1789.55784,1763.6761281082695,1854.2621197293265,1763.3233928826478,STOP,9.461935945865301,-2.1433405273926383,-1.141899805144651,-1.0014407222479873,"[186245, 186251]","[1780.42, 1774.11]","[-1.3988906431138382, -1.2037404607255804]",0.09464270059323196,34.247764,0.009999999823214752,-947.142448739078,-0.01068538249605942,-1.0685382684961222,48.67129519351759,0.0,24.335612631337156,3,False,False,2025-04-24T03:30:00+00:00,2025-04-24T04:14:59.999000+00:00
ETHUSDT,15,LONG,1745486099999,1745486100000,1745594999999,1741.49823,1712.6545988390353,1813.607307902412,1813.2445864408314,TAKE_PROFIT,10.412700580482387,-14.618964265497652,-11.301503333036084,-3.317460932461568,"[186256, 186270]","[1757.06, 1755.02]","[-3.0217406265068107, -0.7166187038451906]",0.16937225565954223,30.402529,0.00999999978184837,2138.0414137109615,0.024381277581752066,2.4381278113633624,43.22926862575362,0.0,21.614722428293003,121,False,False,2025-04-24T09:15:00+00:00,2025-04-25T15:29:59.999000+00:00
ETHUSDT,15,SHORT,1745693099999,1745693100000,1745705699999,1804.319064,1820.052802390794,1764.984718023015,1820.4168129512723,STOP,6.411401195397017,2.497444142593622,1.4338265157399757,1.0636176268536464,"[186501, 186505]","[1806.64, 1807.71]","[1.4422253654029011, 1.162772357558309]",0.031111666704939915,57.093854,0.009999999960529948,-1001.8625847314748,-0.011152875938918217,-1.1152875982938677,82.78005637888715,0.0,41.38999308174217,14,False,False,2025-04-26T18:45:00+00:00,2025-04-26T22:14:59.999000+00:00
ETHUSDT,15,SHORT,1745715599999,1745715600000,1745759699999,1840.921742,1863.5253651659907,1784.4126840850233,1784.7695666218403,TAKE_PROFIT,8.01268258299533,11.227204191352484,8.05648700214477,3.170717189207714,"[186521, 186528]","[1830.78, 1833.79]","[1.4933081112060922, 1.1236027598226705]",0.10580135382864915,39.298175,0.009999999983729097,2149.684794024729,0.024200500231312597,2.4200500270689,56.99322061688004,0.0,28.496699715428594,49,False,False,2025-04-27T01:00:00+00:00,2025-04-27T13:14:59.999000+00:00
ETHUSDT,15,SHORT,1745827199999,1745827200000,1745837099999,1803.58921,1821.29852194553,1759.315930136175,1821.662781649919,STOP,6.86926097276499,6.455913748509829,4.136392007415621,2.319521741094208,"[186653, 186654]","[1807.69, 1811.82]","[2.8794929961613236, 2.7235599787856177]",0.03166734364966074,51.372859,0.00999999997106999,-1002.9868717602908,-0.011024523397717343,-1.10245234296113,74.49582376260018,0.0,37.24787623157322,11,False,False,2025-04-28T08:00:00+00:00,2025-04-28T10:44:59.999000+00:00
ETHUSDT,15,SHORT,1745838899999,1745838900000,1745857799999,1811.927542,1836.657269538022,1750.1032231549445,1750.4532437995756,TAKE_PROFIT,9.413634769011082,6.858992108802795,6.557769592487872,0.30122251631492336,"[186661, 186666]","[1815.78, 1823.59]","[1.0255232363129299, 0.005268510284571093]",0.8324593977294547,36.38326,0.00999999985847047,2184.7909642040736,0.024282250964513318,2.428225130817888,51.8444105395001,0.0,25.922295772056874,21,False,False,2025-04-28T11:15:00+00:00,2025-04-28T16:29:59.999000+00:00
ETHUSDT,15,LONG,1745858699999,1745858700000,1746022499999,1767.513432,1733.1507304800805,1853.4201857997987,1732.8041003339845,STOP,11.724634759959713,-13.757948084466989,-9.526081577725527,-4.231866506741461,"[186687, 186689]","[1751.42, 1742.15]","[-6.053915138158172, -5.525515306519809]",0.0686507058751073,26.819661,0.0099999997470396,-968.443440662921,-0.010508329138380094,-1.0508329404199215,37.5509318438216,0.0,18.775429437227626,182,False,False,2025-04-28T16:45:00+00:00,2025-04-30T14:14:59.999000+00:00
ETHUSDT,15,LONG,1746023399999,1746023400000,1746675899999,1763.812692,1717.188564026919,1880.3730119327026,1879.996937330316,TAKE_PROFIT,13.41071798654053,-14.990474008649926,-9.18366187833643,-5.806812130313496,"[186871, 186872]","[1733.6, 1730.6]","[-7.43774304609487, -7.139843538688653]",0.009396499779753983,19.558791,0.009999999779235415,2243.9159675148353,0.024606727017406734,2.4606727560636132,28.50740439354365,0.0,14.253793663858447,725,False,False,2025-04-30T14:30:00+00:00,2025-05-08T03:44:59.999000+00:00
ETHUSDT,15,SHORT,1746692099999,1746692100000,1746701999999,1927.844354,1952.6080983182346,1865.9349932044133,1952.9986199378984,STOP,10.544049159117337,28.996875834227694,27.813337038916863,1.183538795310831,"[187600, 187614]","[1917.0, 1944.0]","[9.862272049604158, 1.2204066927334054]",2.121841010465398,37.730592,0.009999999773896021,-1007.6559463086259,-0.01078455752911375,-1.078455777295689,58.57060114628699,0.0,29.28526378114024,11,False,False,2025-05-08T08:15:00+00:00,2025-05-08T10:59:59.999000+00:00
ETHUSDT,15,SHORT,1746781199999,1746781200000,1746899099999,2411.0177,2505.058646186398,2175.915334534005,2505.5596579156354,STOP,38.544323093199,69.2094305048563,52.27091057220947,16.938519932646827,"[187713, 187714]","[2444.77, 2490.75]","[18.903601128257165, 16.998180048819826]",0.12335551959591169,9.828422,0.009999999020557137,-948.5271379287999,-0.010262399871546122,-1.0262400876689652,19.328878827695963,0.0,9.664402632493722,131,False,False,2025-05-09T09:00:00+00:00,2025-05-10T17:44:59.999000+00:00
ETHUSDT,15,SHORT,1746899999999,1746900000000,1746917099999,2459.298042,2552.305112950532,2226.78036462367,2552.8155739731224,STOP,24.312556475266053,26.882535702191944,23.483737835218115,3.3987978669738297,"[187831, 187841]","[2449.99, 2469.88]","[1.933757841899073, 0.8897554167159925]",0.5507240895149209,9.835692,0.009999999782947551,-939.5286834060695,-0.010270442276048085,-1.0270442498970553,19.719042318287165,0.0,9.85948476113733,19,False,False,2025-05-10T18:00:00+00:00,2025-05-10T22:44:59.999000+00:00
ETHUSDT,15,LONG,1746980999999,1746981000000,1747162799999,2474.224746,2402.676107967443,2653.0963410813924,2652.565721813176,TAKE_PROFIT,21.216946016278477,-14.339994759533056,-10.87856568783537,-3.4614290716976868,"[187927, 187935]","[2464.2, 2434.89]","[-3.579461301976927, -3.3497312537330863]",0.09500014678428381,12.654239,0.009999999216641584,2230.819078680098,0.02463921755379707,2.4639219483931063,25.950252753051895,0.0,12.97521716630789,202,False,False,2025-05-11T16:30:00+00:00,2025-05-13T18:59:59.999000+00:00
ETHUSDT,15,SHORT,1747167299999,1747167300000,1747448999999,2666.996494,2752.5707042642744,2453.0609683393145,2453.5515805329824,TAKE_PROFIT,28.290352132137098,53.74306745635795,47.430032028866606,6.313035427491343,"[188142, 188143]","[2715.97, 2738.62]","[10.415936511730258, 9.29605723819732]",0.08997605269520167,10.840904,0.009999999685790985,2291.7312681428866,0.024703317382898982,2.470331815909951,22.204548041358763,0.0,11.10236702220671,313,False,False,2025-05-13T20:15:00+00:00,2025-05-17T02:29:59.999000+00:00
ETHUSDT,15,LONG,1747449899999,1747449900000,1747490399999,2494.968894,2444.1093720371164,2622.1176989072087,2443.620550162709,STOP,18.805313981441763,-32.02366626604589,-28.176331432855584,-3.8473348331903097,"[188456, 188457]","[2454.58, 2450.62]","[-7.883337438009534, -6.232244853902991]",0.04314677653802107,18.691075,0.009999999992541024,-996.6787640666143,-0.01048452237008771,-1.048452237790809,36.9230182780214,0.0,18.46147148723973,45,False,False,2025-05-17T02:45:00+00:00,2025-05-17T13:59:59.999000+00:00
ETHUSDT,15,SHORT,1747517399999,1747517400000,1747547999999,2481.943512,2511.9935630092373,2406.818384476907,2512.495961721839,STOP,11.691781504618586,0.8065147113547937,-1.4495985563003877,2.2561132676551816,"[188521, 188531]","[2488.0, 2495.55]","[1.8524688694712719, 1.7755596885091607]",0.025794710582825054,31.302853,0.009999999753828832,-1018.9149242979425,-0.010832003147026054,-1.0832003413678748,62.53608186532484,0.0,31.26800392822888,34,False,False,2025-05-17T21:30:00+00:00,2025-05-18T05:59:59.999000+00:00
ETHUSDT,15,SHORT,1747557899999,1747557900000,1747577699999,2516.29664,2547.5418044113294,2438.1837289716764,2548.051312772212,STOP,9.99090220566475,11.841409079789628,9.543844687488955,2.297564392300673,"[188567, 188576]","[2514.77, 2527.85]","[3.4769771197137525, 1.8424392913428402]",0.6260009899659155,29.77943,0.009999999818669409,-1005.9614131350755,-0.010811404573224031,-1.0811404769267872,60.32535814208936,0.0,30.162642452108177,22,False,False,2025-05-18T08:45:00+00:00,2025-05-18T14:14:59.999000+00:00
ETHUSDT,15,LONG,1747628099999,1747628100000,1747708199999,2400.840072,2334.6756814694922,2566.251048326269,2565.7377981166037,TAKE_PROFIT,22.31215926525381,-22.73370941696112,-20.161514007739143,-2.572195409221976,"[188654, 188655]","[2380.77, 2378.02]","[-4.354842027565169, -4.124221194379071]",0.006596975661738042,13.91086,0.00999999983147334,2266.233434554303,0.024622170765399028,2.4622171180348253,27.635747772116105,0.0,13.817966193543993,89,False,False,2025-05-19T04:15:00+00:00,2025-05-20T02:29:59.999000+00:00
ETHUSDT,15,LONG,1747738799999,1747738800000,1747745099999,2515.482996,2482.713180573972,2597.4075345650704,2482.2166379378573,STOP,12.688409713014032,-6.2698486551898895,-2.925186039737162,-3.3446626154527275,"[188767, 188776]","[2520.66, 2513.32]","[-5.849573936649319, -3.050515827827372]",0.26052072457565423,28.778493,0.009999999791501598,-1014.886158199425,-0.010761561126288491,-1.0761561350665325,57.530505572553274,0.0,28.765215642659157,7,False,False,2025-05-20T11:00:00+00:00,2025-05-20T12:44:59.999000+00:00
ETHUSDT,15,LONG,1747747799999,1747747800000,1747767599999,2482.59642,2451.561814509299,2560.1829337267523,2451.071502146397,STOP,13.234092745350464,-16.11937026968326,-11.78328166115757,-4.336088608525689,"[188781, 188786]","[2491.0, 2477.28]","[-3.791843334973942, -3.7627474638110137]",0.007654861250036097,30.060542,0.00999999999867754,-1006.9796098998703,-0.010793881374799055,-1.0793881376226502,59.3234927150938,0.0,29.6617096377706,22,False,False,2025-05-20T13:30:00+00:00,2025-05-20T18:59:59.999000+00:00
ETHUSDT,15,SHORT,1747776599999,1747776600000,1747799099999,2495.970706,2548.792555679517,2363.9160818012074,2549.302314190653,STOP,18.436277839758553,2.077305959255227,-2.0559306523885024,4.13323661164373,"[188819, 188820]","[2522.78, 2526.01]","[5.596526934533012, 5.076366087141373]",0.01619448989056591,17.470938,0.009999999945442128,-967.0114809907203,-0.010478564728909167,-1.0478564786077986,35.25826085152946,0.0,17.629093860799678,25,False,False,2025-05-20T21:30:00+00:00,2025-05-21T03:44:59.999000+00:00
ETHUSDT,15,SHORT,1747799999999,1747800000000,1747805399999,2543.251248,2580.124530458513,2451.0680418537167,2580.640555364605,STOP,14.117265229256644,12.916901386210156,12.05847401985153,0.8584273663586259,"[188838, 188846]","[2547.44, 2553.5]","[2.310087359604207, 0.9897968533232842]",0.2419278370442505,24.765279,0.009999999744953903,-976.7144725316524,-0.01069578308479894,-1.0695783357590722,50.75784403045503,0.0,25.378885992117816,6,False,False,2025-05-21T04:00:00+00:00,2025-05-21T05:29:59.999000+00:00
ETHUSDT,15,LONG,1747822499999,1747822500000,1747848599999,2529.575814,2486.4109980480193,2637.487853879951,2485.91371584841,STOP,15.794500975990246,-4.296228202478687,3.348682307640172,-7.6449105101188595,"[188870, 188871]","[2517.01, 2516.6]","[-8.875125168610335, -8.61008931139331]",0.0007658777482618377,20.929314,0.009999999784321747,-955.8060642070126,-0.010579980933862483,-1.0579981162049668,41.988302093563895,0.0,20.994115333836078,29,False,False,2025-05-21T10:15:00+00:00,2025-05-21T17:29:59.999000+00:00
ETHUSDT,15,LONG,1747853099999,1747853100000,1747967399999,2494.928886,2409.6766606024566,2708.0594494938578,2707.5178376039594,TAKE_PROFIT,31.00666969877159,-18.252054489496004,-6.548994891590972,-11.703059597905032,"[188873, 188901]","[2513.21, 2471.83]","[-7.433235220155721, -4.130994558947979]",0.6627759977846429,10.484793,0.009999999892922481,2207.1325208583235,0.02469237250744154,2.469237277184134,21.81863079620629,0.0,10.909404992525412,127,False,False,2025-05-21T18:45:00+00:00,2025-05-23T02:29:59.999000+00:00
ETHUSDT,15,LONG,1747988099999,1747988100000,1748001599999,2661.93228,2621.1125898700757,2763.981505324811,2620.5883673521016,STOP,15.788705064962222,-4.363300895799966,1.337674611027911,-5.700975506827877,"[189051, 189055]","[2650.37, 2650.01]","[-7.805566282415938, -6.397402365780893]",0.003971146154359903,22.438271,0.0099999999826291,-975.098168133226,-0.010646068280536249,-1.0646068299029428,47.41225193935276,0.0,23.706089810483324,15,False,False,2025-05-23T08:15:00+00:00,2025-05-23T11:59:59.999000+00:00
ETHUSDT,15,LONG,1748005199999,1748005200000,1748133899999,2548.029504,2486.604768602505,2701.591342493738,2486.1074476487843,STOP,23.59761569874758,-37.790943956334104,-21.826864533447022,-15.964079422887082,"[189055, 189069]","[2650.01, 2635.92]","[-6.397402365780893, -1.8926700580137328]",0.6814535341119673,14.752563,0.009999999884446905,-943.2156064227898,-0.01040878889902153,-1.0408789019298308,29.706569011930657,0.0,14.853248559733775,143,False,False,2025-05-23T13:00:00+00:00,2025-05-25T00:44:59.999000+00:00
ETHUSDT,15,SHORT,1748181599999,1748181600000,1748211299999,2511.927514,2539.508404728979,2442.975287177553,2540.0163064099243,STOP,9.419202364489339,4.164207454061398,0.638478256459549,3.5257291976018488,"[189268, 189270]","[2519.92, 2524.99]","[4.206001716732777, 4.181168433987044]",0.0031546122162916454,32.513095,0.009999999858812522,-978.9553078062137,-0.010916822741095707,-1.0916822895227576,65.70173174706032,0.0,32.850830657420346,33,False,False,2025-05-25T14:00:00+00:00,2025-05-25T22:14:59.999000+00:00
ETHUSDT,15,SHORT,1748215799999,1748215800000,1748221199999,2537.002498,2565.781353614851,2465.055358962872,2566.294509885574,STOP,11.225676807425579,9.953034946725438,7.812493207971186,2.1405417387542522,"[189295, 189304]","[2537.0, 2547.66]","[1.3726511568994493, 0.2238418268387825]",0.7813042693795332,30.819522,0.009999999929173508,-965.6782744945388,-0.01088762210914182,-1.0887622186255028,62.91246976282545,0.0,31.456200029028537,6,False,False,2025-05-25T23:30:00+00:00,2025-05-26T00:59:59.999000+00:00
ETHUSDT,15,SHORT,1748222999999,1748223000000,1748243699999,2557.178462,2589.336924252077,2476.782306369807,2589.8547916369275,STOP,13.138462126038636,14.466504028567215,12.276946419016449,2.189557609550766,"[189315, 189316]","[2573.61, 2576.0]","[2.9443588996578143, 2.658683372253666]",0.0171241117102277,27.28034,0.009999999849766296,-947.5865093076725,-0.010801244830759851,-1.0801244993030954,56.16512686020865,0.0,28.082528896550183,23,False,False,2025-05-26T01:30:00+00:00,2025-05-26T07:14:59.999000+00:00
ETHUSDT,15,SHORT,1748244599999,1748244600000,1748332799999,2580.123872,2611.5454555182846,2501.5699132042882,2612.0677646093886,STOP,10.002727759142381,12.123230773985142,11.057121430875597,1.0661093431095452,"[189316, 189339]","[2576.0, 2584.96]","[2.658683372253666, 0.4259230270009464]",0.8369186020283014,27.618529,0.009999999809003754,-939.6036025209812,-0.010827197360836692,-1.0827197567632103,57.36027811570154,0.0,28.68010491532199,98,False,False,2025-05-26T07:30:00+00:00,2025-05-27T07:59:59.999000+00:00
ETHUSDT,15,SHORT,1748336399999,1748336400000,1748351699999,2634.013092,2672.0610452444485,2538.8932088888782,2672.5954574534976,STOP,15.605522622224337,24.49524028774067,17.22239524348061,7.2728450442600625,"[189433, 189439]","[2609.9, 2619.61]","[5.8929359351156725, 4.61719452536464]",0.14235034125168913,22.561578,0.009999999635255403,-918.3692326851755,-0.010698343515895893,-1.0698343906112207,47.890185081584775,0.0,23.945058679432833,17,False,False,2025-05-27T09:00:00+00:00,2025-05-27T13:14:59.999000+00:00
ETHUSDT,15,LONG,1748393099999,1748393100000,1748399399999,2650.820058,2618.081729546886,2732.6658791327845,2617.558113200977,STOP,12.474135226556902,-3.7189770244781357,-0.642692643428001,-3.076284381050135,"[189504, 189505]","[2645.67, 2640.0]","[-3.336666112154714, -3.2063185015280378]",0.017542947310220318,25.940182,0.009999999936424735,-917.485977202927,-0.01080363522325108,-1.0803635291935478,54.6650754423122,0.0,27.3325043016202,7,False,False,2025-05-28T00:45:00+00:00,2025-05-28T02:29:59.999000+00:00
ETHUSDT,15,LONG,1748400299999,1748400300000,1748485799999,2635.286952,2592.8733736519207,2741.3208978701987,2740.772633690625,TAKE_PROFIT,13.143313174039736,-10.68724845708357,-7.125673460515393,-3.5615749965681767,"[189505, 189509]","[2640.0, 2636.61]","[-3.2063185015280378, -2.927084839137317]",0.02338352591762909,19.806471,0.009999999589089181,2046.7067880092866,0.024363719741385594,2.436372074251724,42.59230731130135,0.0,21.29623807946401,95,False,False,2025-05-28T02:45:00+00:00,2025-05-29T02:29:59.999000+00:00
ETHUSDT,15,SHORT,1748488499999,1748488500000,1748528999999,2757.828324,2810.0263396809073,2627.3332847977317,2627.8587514546916,TAKE_PROFIT,18.353169840453628,34.99605593734486,26.53172083907652,8.464335098268343,"[189604, 189609]","[2722.53, 2750.89]","[8.070150555956044, 5.8198124257137]",0.46876592238788006,16.485883,0.009999999621058527,2107.1480437417463,0.024486619118440297,2.4486620046339884,35.51512280022329,0.0,17.757647816944218,45,False,False,2025-05-29T03:15:00+00:00,2025-05-29T14:29:59.999000+00:00
ETHUSDT,15,LONG,1748609099999,1748609100000,1748623499999,2615.502996,2559.69063060839,2755.0339094790243,2559.1786924822686,STOP,16.124684695804827,-6.943306001925066,-6.282661855682439,-0.6606441462426274,"[189734, 189745]","[2586.55, 2575.0]","[-1.9908504947217498, -1.718867656120798]",0.10259504425739954,15.795816,0.009999999567339268,-922.383662618171,-0.01046258714478638,-1.046258759746146,32.695327923934094,0.0,16.34762902833882,16,False,False,2025-05-30T12:45:00+00:00,2025-05-30T16:44:59.999000+00:00
ETHUSDT,15,LONG,1748627099999,1748627100000,1748647799999,2546.25915,2506.892855283696,2644.6748867907604,2506.3914767126394,STOP,17.30357235815205,-20.2337385993319,-14.609465195110207,-5.624273404221693,"[189751, 189761]","[2571.17, 2568.0]","[-2.840038381214905, -0.4503907647239469]",0.16370065541130993,22.160532,0.009999999747978341,-928.2766200093392,-0.010640760778791376,-1.06407610469616,44.787770359234194,0.0,22.393850735817143,23,False,False,2025-05-30T17:45:00+00:00,2025-05-30T23:29:59.999000+00:00
ETHUSDT,15,LONG,1748652299999,1748652300000,1748655899999,2531.086116,2478.893312004897,2661.568125987758,2478.397533342496,STOP,17.883343997551584,-19.732063394387296,-17.143790848893047,-2.588272545494249,"[189789, 189793]","[2503.37, 2501.31]","[-5.691798853349839, -3.967398243391827]",0.0350958658068722,16.536672,0.00999999989409628,-904.4298847514503,-0.010478911143221943,-1.0478911254197512,33.13607519941595,0.0,16.56800341067573,4,False,False,2025-05-31T00:45:00+00:00,2025-05-31T01:44:59.999000+00:00
ETHUSDT,15,LONG,1748657699999,1748657700000,1749052799999,2510.071914,2444.020530618392,2675.20037245402,2674.665332379529,TAKE_PROFIT,20.13973469080399,-23.07710098370535,-20.815284015915367,-2.261816967789983,"[189793, 189797]","[2501.31, 2501.0]","[-3.967398243391827, -2.096081799456776]",0.00793086384295352,12.930099,0.00999999924466863,2101.3935280418614,0.024605012474367267,2.4605014332861184,26.815666353869883,0.0,13.40791884161947,439,False,False,2025-05-31T02:15:00+00:00,2025-06-04T15:59:59.999000+00:00
ETHUSDT,15,SHORT,1749100499999,1749100500000,1749133799999,2623.92511,2646.744714288566,2566.876099278585,2567.389474498441,TAKE_PROFIT,8.102357144282978,3.177775107289108,1.1517053727627977,2.02606973452631,"[190290, 190291]","[2632.56, 2633.76]","[2.7468923650470622, 2.596103813162599]",0.008047971836567806,38.347068,0.009999999901561765,2088.3471816490423,0.023865054118822445,2.386505435374583,79.62867735246138,0.0,39.81442698784213,37,False,False,2025-06-05T05:15:00+00:00,2025-06-05T14:29:59.999000+00:00
ETHUSDT,15,LONG,1749158999999,1749159000000,1749497399999,2418.78366,2351.456827434279,2587.100741414302,2586.583321266019,TAKE_PROFIT,28.77658628286036,-53.620872757671805,-35.48869536307235,-18.132177394599452,"[190339, 190349]","[2550.01, 2506.0]","[-4.770166209883481, -1.6166752112949965]",1.6109479404110196,13.307449,0.00999999992056085,2206.34196818303,0.024625770564000445,2.4625770759625474,26.643466331792602,0.0,13.321823018186603,376,False,False,2025-06-05T21:30:00+00:00,2025-06-09T19:29:59.999000+00:00
ETHUSDT,15,SHORT,1749499199999,1749499200000,1749503699999,2578.944108,2605.069309054662,2513.6311053633444,2605.5903229164733,STOP,10.979654527331084,18.104321158026778,17.5072208237372,0.5971003342895784,"[190733, 190734]","[2588.0, 2589.33]","[1.8421261045833823, 1.1041362641471189]",0.048557789473473695,35.138937,0.009999999743718678,-1009.1912787353305,-0.010993227532568125,-1.099322781430402,72.87161149692191,0.0,36.43576975310506,5,False,False,2025-06-09T20:00:00+00:00,2025-06-09T21:14:59.999000+00:00
ETHUSDT,15,SHORT,1749510899999,1749510900000,1749515399999,2658.16826,2695.5625167092376,2564.682618226906,2696.1016292125796,STOP,14.1362583546188,36.14186433768327,30.080428949376333,6.06143538830694,"[190745, 190747]","[2666.57, 2669.55]","[7.347880253634514, 6.976168958347007]",0.010415688681565949,24.279661,0.009999999686487565,-973.0092881943015,-0.010716906669242908,-1.0716907005231269,51.99994312503559,0.0,25.999935762141426,5,False,False,2025-06-09T23:15:00+00:00,2025-06-10T00:29:59.999000+00:00
ETHUSDT,15,SHORT,1749517199999,1749517200000,1749554999999,2697.850322,2744.784099352853,2580.515878617867,2745.3330561727234,STOP,16.77704967642653,45.281568287939535,40.2390576699262,5.042510618013338,"[190753, 190754]","[2719.66, 2726.83]","[6.6999594123093615, 6.513634455524439]",0.011895307378862215,19.137385,0.009999999497612766,-950.3626830895454,-0.010580866878834024,-1.0580867410403296,41.6673183734768,0.0,20.83362367226876,42,False,False,2025-06-10T01:00:00+00:00,2025-06-10T11:29:59.999000+00:00
ETHUSDT,15,SHORT,1749596399999,1749596400000,1749653099999,2802.299428,2850.451308547315,2681.9197266317124,2851.0213988090245,STOP,21.225654273657508,20.953400403588603,16.889826962280942,4.0635734413076605,"[190830, 190840]","[2807.0, 2820.0]","[3.269214212482755, 2.149962517428495]",0.20541580916262106,18.455897,0.009999999580714822,-940.9425176433793,-0.0105880178349414,-1.0588018278881313,41.73484275501688,0.0,20.867386243896892,63,False,False,2025-06-10T23:00:00+00:00,2025-06-11T14:44:59.999000+00:00
ETHUSDT,15,LONG,1749683699999,1749683700000,1749730499999,2765.553,2713.5593696161636,2895.5370759595908,2713.0166577422406,STOP,20.12031519191815,-17.610569006387323,-9.451368692583229,-8.159200313804094,"[190928, 190934]","[2786.78, 2779.01]","[-6.9791769070552245, -3.9636616345737226]",0.17457463885250768,16.911239,0.00999999943221867,-925.5144004508619,-0.010525859919666142,-1.052586051730485,37.05976034409089,0.0,18.529845375053657,52,False,False,2025-06-11T23:15:00+00:00,2025-06-12T12:14:59.999000+00:00
ETHUSDT,15,LONG,1749779099999,1749779100000,1750440599999,2498.9997,2409.6039281132284,2722.4891297169283,2409.122007327606,STOP,32.12303594338567,-67.16975774731372,-52.03183724038893,-15.137920506924793,"[191027, 191040]","[2614.24, 2534.3]","[-11.915483482687364, -3.807072172100604]",2.244805116387905,9.732245,0.00999999928907823,-893.8185423006553,-0.010273521094764782,-1.0273521825131813,19.10681717821222,0.0,9.553373982772065,735,False,False,2025-06-13T01:45:00+00:00,2025-06-20T17:29:59.999000+00:00
ETHUSDT,15,LONG,1750443299999,1750443300000,1750541399999,2427.165336,2370.7624529015666,2568.172543746084,2370.2883004109863,STOP,20.38377354921681,-34.62265645633852,-24.05689895354265,-10.565757502795869,"[191777, 191780]","[2475.0, 2474.7]","[-6.898916045655962, -5.307226097604971]",0.005538529828961533,15.266656,0.009999999805792399,-897.6185663744474,-0.01042429263750665,-1.042429283995434,29.29642973721424,0.0,14.648180721648883,109,False,False,2025-06-20T18:15:00+00:00,2025-06-21T21:29:59.999000+00:00
ETHUSDT,15,LONG,1750625099999,1750625100000,1750716899999,2169.373788,2076.994871505726,2400.321079235685,2399.841015019838,TAKE_PROFIT,23.387564247136993,-22.657300801242855,-21.115030277570433,-1.5422705236724212,"[191961, 191984]","[2155.1, 2118.0]","[-10.770987819894831, -0.5316141008585262]",1.719531655590182,9.224044,0.009999999362572705,2108.9811872335704,0.024750184912451692,2.4750186490096135,16.858655355402526,0.0,8.429413048471488,102,False,False,2025-06-22T20:45:00+00:00,2025-06-23T22:14:59.999000+00:00
ETHUSDT,15,SHORT,1750718699999,1750718700000,1750906799999,2393.72116,2487.913318439281,2158.240763901798,2488.4109011029686,STOP,28.58665921964041,40.53875416080564,31.59982640447582,8.938927756329818,"[192081, 192088]","[2379.0, 2409.52]","[9.097707845703813, 6.696168526620717]",0.3225843842406967,9.270379,0.009999999438347803,-895.913473250188,-0.010260152235682777,-1.0260152811946515,18.10368581379027,0.0,9.051808156575964,209,False,False,2025-06-23T22:45:00+00:00,2025-06-26T02:59:59.999000+00:00
ETHUSDT,15,LONG,1750939199999,1750939200000,1750947299999,2449.719846,2421.6919421000252,2519.7896057499365,2421.2076037116053,STOP,10.114028949987349,-6.1746682084180975,-1.0131513470498152,-5.161516861368282,"[192331, 192333]","[2445.0, 2438.0]","[-6.013450464080536, -5.865895712409712]",0.0164764161283684,30.83491,0.009999999680335532,-939.2502686721995,-0.010867959446153685,-1.0867959793563744,60.07784381135475,0.0,30.038887940335897,9,False,False,2025-06-26T12:00:00+00:00,2025-06-26T14:14:59.999000+00:00
ETHUSDT,15,LONG,1750948199999,1750948200000,1750974299999,2435.276958,2398.692619532302,2526.737804169245,2398.2128810083955,STOP,12.693690233848976,-11.419451046655013,-9.379319743268699,-2.040131303386314,"[192340, 192343]","[2425.58, 2422.75]","[-3.899977556264874, -2.499959089708369]",0.08190291091378306,23.36643,0.009999999587264666,-911.2317213304955,-0.010659608168691362,-1.0659608608651074,45.17656079156038,0.0,22.588246657103635,29,False,False,2025-06-26T14:30:00+00:00,2025-06-26T21:44:59.999000+00:00
ETHUSDT,15,LONG,1750976999999,1750977000000,1750986899999,2419.013706,2382.272998473432,2510.8654748164204,2381.796543873737,STOP,14.22350076328412,-6.698879062558262,-4.960965482685111,-1.737913579873151,"[192350, 192374]","[2408.01, 2392.12]","[-1.3193811071345856, -0.5278452393652477]",0.6491772201876487,23.018966,0.009999999945598215,-900.904464766652,-0.010652349573016822,-1.0652349630967504,44.203875165718024,0.0,22.101904198911594,11,False,False,2025-06-26T22:30:00+00:00,2025-06-27T01:14:59.999000+00:00
ETHUSDT,15,SHORT,1750997699999,1750997700000,1751050799999,2443.741154,2466.1894348413216,2387.6204518966965,2388.0979759870756,TAKE_PROFIT,9.774717420660695,5.267739881850503,1.4010946833507032,3.8666451984997994,"[192395, 192396]","[2439.52, 2441.55]","[3.777835837220058, 3.4904021880544556]",0.013933592234437683,37.273413,0.009999999828082733,2001.9715005316132,0.023926305010710327,2.392630542204483,72.03965417662758,0.0,36.01991148955644,59,False,False,2025-06-27T04:15:00+00:00,2025-06-27T18:59:59.999000+00:00
ETHUSDT,15,LONG,1751051699999,1751051700000,1751237999999,2405.63103,2368.663854510247,2498.048968724383,2497.5493589306384,TAKE_PROFIT,11.138072744876618,-12.62503501449828,-9.632619773970324,-2.992415240527956,"[192458, 192459]","[2388.06, 2387.01]","[-4.254560110998971, -4.110946180055411]",0.0033826452353380647,23.175797,0.009999999795566527,2084.826486536403,0.024334305703441528,2.4334306200916203,45.45404533929501,0.0,22.72710878995313,207,False,False,2025-06-27T19:15:00+00:00,2025-06-29T22:59:59.999000+00:00
ETHUSDT,15,LONG,1751261399999,1751261400000,1751266799999,2496.629226,2479.259635332462,2540.0532026688447,2478.7637834053953,STOP,8.07018233376899,8.977051993750592,12.54138998060839,-3.5643379868577973,"[192691, 192692]","[2494.14, 2490.65]","[-3.9363579873261294, -3.6068143547625446]",0.034951878094076586,50.524623,0.009999999805692217,-1003.19669425135,-0.011431241986413068,-1.1431242208531,100.55194243081722,0.0,50.275937120656025,6,False,False,2025-06-30T05:30:00+00:00,2025-06-30T06:59:59.999000+00:00
ETHUSDT,15,LONG,1751268599999,1751268600000,1751278499999,2475.815064,2447.3472926549907,2546.9844923625233,2446.85782319646,STOP,9.826353672504688,-1.1050474934454542,4.632117631640537,-5.737165125085991,"[192692, 192698]","[2490.65, 2480.47]","[-3.6068143547625446, -3.516224186534126]",0.032277008823157635,30.475166,0.009999999851742214,-942.4844297502708,-0.010863621575818916,-1.0863621736880567,60.007709360404554,0.0,30.003820581286284,11,False,False,2025-06-30T07:30:00+00:00,2025-06-30T10:14:59.999000+00:00
ETHUSDT,15,LONG,1751280299999,1751280300000,1751315399999,2455.801062,2430.028438617042,2520.232620457395,2519.728573933304,TAKE_PROFIT,9.325780691479016,-11.005821168494094,-7.6369605880931895,-3.368860580400905,"[192712, 192713]","[2446.42, 2445.2]","[-4.17490966854649, -3.9807852354863362]",0.006015889812884782,33.296386,0.009999999888568164,2062.288251225893,0.02403220598400828,2.4032206251803565,66.2668621249899,0.0,33.13351753004019,39,False,False,2025-06-30T10:45:00+00:00,2025-06-30T20:29:59.999000+00:00
ETHUSDT,15,SHORT,1751316299999,1751316300000,1751381099999,2505.618776,2540.595270629262,2418.1775394268448,2418.6611749347303,TAKE_PROFIT,12.912635314631014,13.943568266293823,10.653186650400722,3.290381615893102,"[192751, 192753]","[2517.49, 2521.59]","[4.7930594152558434, 4.169488668573706]",0.04048758974765982,25.124247,0.00999999979281601,2135.2567173775265,0.024298572005263287,2.429857250869081,49.487530313772815,0.0,24.74385353641046,72,False,False,2025-06-30T20:45:00+00:00,2025-07-01T14:44:59.999000+00:00
ETHUSDT,15,LONG,1751413499999,1751413500000,1751419799999,2401.160136,2375.4480791692704,2465.4402780768237,2374.9729895534365,STOP,9.845960415364768,-10.213121067637985,-9.867366189786015,-0.3457548778519701,"[192848, 192860]","[2393.1, 2383.33]","[-1.64648637843006, -0.6553903085464761]",0.5638190297947451,35.007338,0.009999999872333128,-983.6221695740418,-0.010927791394926797,-1.0927791534438493,66.87988266369824,0.0,33.43990599975388,7,False,False,2025-07-01T23:45:00+00:00,2025-07-02T01:29:59.999000+00:00
ETHUSDT,15,SHORT,1751433299999,1751433300000,1751454899999,2434.403022,2455.029549765287,2382.8367025867833,2455.52055567524,STOP,8.029774882643382,7.047207721941504,3.6076257348928644,3.4395819870486397,"[192877, 192881]","[2431.51, 2433.06]","[3.8400679325032208, 3.670278185452749]",0.008294726000788802,43.161624,0.009999999796541606,-995.8898654373806,-0.011186324183797662,-1.1186324411392823,84.4228171393414,0.0,42.21137379944372,24,False,False,2025-07-02T05:15:00+00:00,2025-07-02T11:14:59.999000+00:00
ETHUSDT,15,SHORT,1751487299999,1751487300000,1751550299999,2594.321032,2632.8462977891336,2498.007867527166,2633.3728670486917,STOP,14.398148894566816,41.587394499045786,39.79599809308557,1.7913964059602137,"[192933, 192943]","[2588.73, 2607.36]","[12.331224418806215, 2.3607051411433844]",1.038047610573832,22.850343,0.009999999797322613,-940.1296651189296,-0.010679462148199334,-1.0679462364647885,47.78183947690799,0.0,23.890885000176368,70,False,False,2025-07-02T20:15:00+00:00,2025-07-03T13:44:59.999000+00:00
ETHUSDT,15,SHORT,1751552999999,1751553000000,1751646599999,2602.319432,2653.0364032309417,2475.5270039226457,2476.02210932343,TAKE_PROFIT,16.588201615470904,6.944427790319878,5.416905504589823,1.527522285730055,"[192998, 193014]","[2616.0, 2635.0]","[1.0572283187907487, 0.36442529381011646]",0.8047534854604917,17.172047,0.009999999483722944,2133.9013531243622,0.024501853448350187,2.450185471332473,34.882207851863356,0.0,17.44119137492177,104,False,False,2025-07-03T14:30:00+00:00,2025-07-04T16:29:59.999000+00:00
ETHUSDT,15,SHORT,1751687099999,1751687100000,1751808599999,2515.286842,2536.306103466454,2462.738688333865,2536.8133646871474,STOP,6.903051733226986,3.9933919316108586,3.1191674257576762,0.8742245058531823,"[193147, 193164]","[2519.6, 2523.94]","[6.137758760741955, 0.8684604698408718]",0.5187358401369905,42.449316,0.009999999998948716,-999.5694431828146,-0.011202754580567647,-1.1202754581745373,85.78327925493122,0.0,42.89160479168324,135,False,False,2025-07-05T03:45:00+00:00,2025-07-06T13:29:59.999000+00:00
ETHUSDT,15,LONG,1751888699999,1751888700000,1751894999999,2562.942486,2541.8966369386003,2615.5571086534997,2541.3882576112123,STOP,7.641681530699963,-3.0231349026307726,-0.741067439008969,-2.2820674636218037,"[193388, 193389]","[2555.41, 2551.23]","[-2.875463002580683, -2.7626624595134865]",0.02144598795242433,41.92074,0.009999999873552679,-989.1601329777587,-0.011211693250782051,-1.121169339255091,85.59092879077292,0.0,42.79542996443549,7,False,False,2025-07-07T11:45:00+00:00,2025-07-07T13:29:59.999000+00:00
ETHUSDT,15,LONG,1751895899999,1751895900000,1751899499999,2555.000898,2529.646496026126,2618.3869029346847,2529.140566726921,STOP,9.486751986936977,-5.969908705686521,-4.826942936179732,-1.1429657695067892,"[193393, 193397]","[2542.53, 2534.48]","[-2.3880976128585116, -1.586958816931494]",0.296932487452437,34.406884,0.00999999989908053,-959.7452045609873,-0.011001634984807853,-1.1001635095835773,69.9717862465797,0.0,34.985858931787476,4,False,False,2025-07-07T13:45:00+00:00,2025-07-07T14:44:59.999000+00:00
ETHUSDT,15,LONG,1751901299999,1751901300000,1752039899999,2538.317562,2501.6206481362897,2630.059846659276,2629.5338346899443,TAKE_PROFIT,12.129675931855198,-9.66825619489282,-7.243474811432508,-2.424781383460312,"[193397, 193401]","[2534.48, 2534.47]","[-1.586958816931494, -1.4246441393094003]",8.597282183742932e-05,23.510656,0.009999999927542703,2095.9545782367927,0.024293359331635046,2.4293359507658163,48.59983057867873,0.0,24.300002043515796,154,False,False,2025-07-07T15:15:00+00:00,2025-07-09T05:44:59.999000+00:00
ETHUSDT,15,SHORT,1752070499999,1752070500000,1752084899999,2656.678558,2679.8151330256637,2598.837120435841,2680.3510960522685,STOP,10.7675665128318,15.758574951507853,12.92940305517335,2.829171896334504,"[193588, 193591]","[2668.58, 2674.5]","[5.635825280458727, 3.618127552119475]",0.19924447238453383,38.196149,0.009999999964749838,-985.7413826060658,-0.01115435184088061,-1.1154351880199882,81.54159195343956,0.0,40.77076143955861,16,False,False,2025-07-09T14:15:00+00:00,2025-07-09T18:14:59.999000+00:00
ETHUSDT,15,SHORT,1752092099999,1752092100000,1752131699999,2748.20025,2801.1426675081298,2615.844206229676,2801.7028960416314,STOP,17.9813337540648,36.01227448775171,27.053458417669056,8.958816070082655,"[193591, 193608]","[2674.5, 2720.0]","[3.618127552119475, 3.0537374461083377]",0.5046556784271635,16.506058,0.009999999516294341,-919.7605880058137,-0.010525134141476883,-1.05251346505836,36.64280928917825,0.0,18.32137005273278,44,False,False,2025-07-09T20:15:00+00:00,2025-07-10T07:14:59.999000+00:00
ETHUSDT,15,LONG,1752151499999,1752151500000,1752167699999,2773.714632,2755.4401800433825,2819.400761891544,2818.8368817391656,TAKE_PROFIT,8.504909978308806,-0.24722683876871088,2.018978100670803,-2.266204939439514,"[193680, 193681]","[2767.0, 2766.34]","[-2.659448771267352, -2.440254965837484]",0.006200120855677306,47.315949,0.009999999842059452,2029.1553145420464,0.023467313032503084,2.3467313403147116,105.84675288158206,0.0,52.92346395781229,18,False,False,2025-07-10T12:45:00+00:00,2025-07-10T17:14:59.999000+00:00
ETHUSDT,15,SHORT,1752172199999,1752172200000,1752182999999,2808.23824,2859.3684240314165,2680.4127799214593,2859.9402977162226,STOP,16.68921201570817,13.128518771631207,8.898271228482738,4.230247543148469,"[193703, 193704]","[2834.48, 2839.29]","[6.276145793026042, 5.614682152484644]",0.03104203779248113,17.308066,0.009999999957326169,-934.1047105804208,-0.01055527765514016,-1.0555277700183574,39.24208329223035,0.0,19.62100663645035,12,False,False,2025-07-10T18:30:00+00:00,2025-07-10T21:29:59.999000+00:00
ETHUSDT,15,SHORT,1752317999999,1752318000000,1752325199999,2974.075066,2994.3344029031205,2923.4267237421986,2924.011409086947,TAKE_PROFIT,7.8622014515602725,4.191854634210813,2.492878051399338,1.6989765828114751,"[193853, 193866]","[2978.0, 2978.68]","[2.186433519215315, 1.88424746142431]",0.011881653820842275,43.220741,0.009999999961660878,2061.8204817777855,0.023546882293455355,2.3546882383732033,101.96786717413435,0.0,50.984022177962025,8,False,False,2025-07-12T11:00:00+00:00,2025-07-12T12:59:59.999000+00:00
ETHUSDT,15,LONG,1752335999999,1752336000000,1752416999999,2915.412966,2874.490755168788,3017.718493078031,3017.114949379415,TAKE_PROFIT,14.164622415606148,-14.160364971896342,-10.585521340317829,-3.5748436315785135,"[193875, 193886]","[2913.0, 2902.8]","[-4.341499510034481, -3.6528939427311773]",0.11304217405257415,21.901108,0.009999999974524658,2175.41454797168,0.024272630911832106,2.427263097366746,51.971573835095775,0.0,25.985877052427842,90,False,False,2025-07-12T16:00:00+00:00,2025-07-13T14:29:59.999000+00:00
ETHUSDT,15,SHORT,1752470099999,1752470100000,1752546599999,3048.74013,3084.1341110115577,2960.255177471106,2960.8472285066005,TAKE_PROFIT,15.567055505778768,23.73266305775587,16.62488988769096,7.107773170064913,"[194034, 194035]","[3057.0, 3057.95]","[8.401989497393304, 8.004312634060456]",0.0028797115916189314,25.936497,0.00999999973363983,2217.286918106797,0.024153559964049588,2.415356060740424,62.34705779805775,0.0,31.17362133133276,85,False,False,2025-07-14T05:15:00+00:00,2025-07-15T02:29:59.999000+00:00
ETHUSDT,15,SHORT,1752589799999,1752589800000,1752621299999,3046.050668,3098.0307459884993,2916.1004730287514,3098.650352137697,STOP,18.015372994249727,21.158954551150146,11.062148207461329,10.096806343688817,"[194140, 194162]","[2994.34, 3014.16]","[4.442648388895307, 0.9724400449673607]",1.0989519292583512,18.087098,0.009999999879473672,-995.8315655803461,-0.010592051034310695,-1.0592051161972798,44.4559238127722,0.0,22.22792474047742,35,False,False,2025-07-15T14:30:00+00:00,2025-07-15T23:14:59.999000+00:00
ETHUSDT,15,SHORT,1752624899999,1752624900000,1752670799999,3119.036068,3179.592535103865,2967.644900240338,3180.2284536108855,STOP,19.826267551932425,28.837355165347162,22.997893941502745,5.839461223844417,"[194183, 194204]","[3098.0, 3140.89]","[7.135828355906302, 3.9754169362976413]",0.9202340297700734,15.361042,0.009999999723210468,-978.6841122032396,-0.01052110413686596,-1.0521104428079116,38.70530675422989,0.0,19.35261655206739,51,False,False,2025-07-16T00:15:00+00:00,2025-07-16T12:59:59.999000+00:00
ETHUSDT,15,SHORT,1752680699999,1752680700000,1752685199999,3230.343802,3292.0060730198693,3076.1881244503275,3292.664474234473,STOP,22.803036509934547,29.802083051686623,21.948751165920108,7.853331885766515,"[194263, 194264]","[3197.55, 3204.78]","[2.2874786627534807, 1.9598275207990419]",0.06406472823466906,14.926852,0.009999999720978144,-969.1986426381396,-0.010529919294143321,-1.0529919587951093,38.94719165365084,0.0,19.473559395709756,5,False,False,2025-07-16T15:45:00+00:00,2025-07-16T16:59:59.999000+00:00
ETHUSDT,15,SHORT,1752687899999,1752687900000,1752689699999,3285.952678,3333.679679692342,3166.6351737691452,3334.3464156282803,STOP,22.569839846170932,41.934801267943385,35.938711744626765,5.99608952331662,"[194276, 194277]","[3295.5, 3296.54]","[7.531445010455052, 6.855021217764346]",0.004044009726296526,19.082104,0.009999999749086557,-973.9860286978469,-0.010694544843618967,-1.069454511195948,50.53169432628823,0.0,25.26581123560319,2,False,False,2025-07-16T17:45:00+00:00,2025-07-16T18:14:59.999000+00:00
ETHUSDT,15,SHORT,1752698699999,1752698700000,1752738299999,3401.009662,3470.924046164791,3226.223701588023,3471.618230974024,STOP,27.24202308239541,64.87579836968189,58.201165527654226,6.674632842027663,"[194282, 194286]","[3374.75, 3377.95]","[9.743013270361892, 5.90552877247827]",0.04937903197616284,12.887072,0.009999999224203497,-945.3649323795963,-0.010492492398595434,-1.049249321259939,35.42722019438582,0.0,17.713574408227398,44,False,False,2025-07-16T20:45:00+00:00,2025-07-17T07:44:59.999000+00:00
ETHUSDT,15,SHORT,1752745499999,1752745500000,1752794999999,3473.185224,3521.26918576399,3352.9753195900244,3521.973439601143,STOP,22.209592881995167,36.99801963375967,31.7047064071391,5.293313226620569,"[194334, 194341]","[3472.2, 3479.97]","[10.960909983045681, 5.3324855443995745]",0.17476234915125863,18.541278,0.009999999767428514,-956.4755411591068,-0.010728375111858264,-1.0728375361369684,51.87967257437491,0.0,25.93980114094476,55,False,False,2025-07-17T09:45:00+00:00,2025-07-17T23:29:59.999000+00:00
ETHUSDT,15,SHORT,1752804899999,1752804900000,1752983099999,3605.468762,3682.565414085608,3412.7271317859795,3683.301927168425,STOP,31.83770704280406,51.87202889822356,37.17685670368299,14.695172194540575,"[194397, 194403]","[3524.0, 3540.0]","[6.865475551693361, 5.290311117288304]",0.13249886797734986,11.43984,0.009999999962180994,-923.7519044126684,-0.010473693857555038,-1.0473693897165508,33.352948192310606,0.0,16.67643914725462,198,False,False,2025-07-18T02:15:00+00:00,2025-07-20T03:44:59.999000+00:00
ETHUSDT,15,SHORT,1753003799999,1753003800000,1753012799999,3697.340384,3750.4994895117525,3564.4426202206187,3751.249589409655,STOP,18.40474475587627,29.30814659178759,26.24579215780107,3.0623544339865205,"[194606, 194626]","[3695.0, 3710.0]","[6.009430718737075, 2.6950180011780347]",0.486216001623882,16.417429,0.009999999905541566,-933.9652310748511,-0.010701579779042836,-1.0701579880128285,48.91467881542596,0.0,24.45730498398309,10,False,False,2025-07-20T09:30:00+00:00,2025-07-20T11:59:59.999000+00:00
ETHUSDT,15,SHORT,1753031699999,1753031700000,1753109999999,3774.634922,3855.7498890193465,3571.847504451634,3856.5210389971503,STOP,23.394944509673202,32.84432216475625,31.425590583517412,1.4187315812388377,"[194655, 194656]","[3790.0, 3794.59]","[0.8856694691875724, 0.7622631603545855]",0.03159611366933458,10.644104,0.009999999403921506,-904.0950725494647,-0.010471381230825715,-1.0471381855002269,32.490727075629444,0.0,16.245329323454076,87,False,False,2025-07-20T17:15:00+00:00,2025-07-21T14:59:59.999000+00:00
ETHUSDT,15,SHORT,1753111799999,1753111800000,1753160399999,3830.863674,3895.7220473299044,3668.7177406752394,3669.4514842233743,TAKE_PROFIT,22.361023664952167,18.28769670620477,15.289785934815573,2.997910771389197,"[194734, 194745]","[3838.0, 3845.8]","[2.853066252794113, 1.3024547219422598]",0.182298117974061,13.172628,0.009999999753144398,2086.7031860080797,0.024424303550919714,2.4424304153847345,39.51954458481506,0.0,19.75985813171108,54,False,False,2025-07-21T15:30:00+00:00,2025-07-22T04:59:59.999000+00:00
ETHUSDT,15,LONG,1753174799999,1753174800000,1753279199999,3650.119878,3590.765344707883,3798.506211230293,3590.047191638941,STOP,24.367327646058605,-29.16042911485465,-24.47465983331795,-4.6857692815367,"[194803, 194816]","[3651.0, 3637.35]","[-9.866894976340499, -2.236121884226769]",0.4287254478174266,14.745668,0.009999999596790859,-928.5163288976725,-0.010608920188126465,-1.0608920615887845,42.70443994937148,0.0,21.3521853962976,116,False,False,2025-07-22T09:00:00+00:00,2025-07-23T13:59:59.999000+00:00
ETHUSDT,15,LONG,1753292699999,1753292700000,1753341299999,3586.647186,3505.8479726692376,3788.6452193269056,3505.146803074704,STOP,26.27601366538109,-29.54438828227967,-26.964912392151284,-2.5794758901283856,"[194935, 194947]","[3580.0, 3566.0]","[-5.457690241207992, -1.995766045201254]",0.35070248323807335,10.717147,0.009999999220830775,-903.8531038365395,-0.010437860775252057,-1.043786158853811,30.401519469851998,0.0,15.20072540489164,54,False,False,2025-07-23T17:45:00+00:00,2025-07-24T07:14:59.999000+00:00
ETHUSDT,15,LONG,1753342199999,1753342200000,1753370099999,3570.41394,3500.1672351473753,3746.030702131562,3745.2814959911357,TAKE_PROFIT,24.97138242631239,-22.801757482541234,-14.78533493662412,-8.016422545917115,"[195003, 195004]","[3525.0, 3505.0]","[-12.032014492299757, -10.629644715112537]",0.09370861210012141,12.198416,0.00999999936093497,2097.411234380156,0.024476773279159553,2.4476774843384637,35.6959585030085,0.0,17.848065289714576,31,False,False,2025-07-24T07:30:00+00:00,2025-07-24T15:14:59.999000+00:00
ETHUSDT,15,SHORT,1753371899999,1753371900000,1753594199999,3733.413168,3805.113318991604,3554.16279052099,3805.8743416554025,STOP,30.24665949580204,34.465432725178744,21.662548239695862,12.802884485482881,"[195016, 195034]","[3660.0, 3693.06]","[7.472927669155677, 2.405318064139342]",0.8674972052085562,12.243665,0.009999999244353864,-924.1137399863344,-0.01052673975048125,-1.0526740545930333,36.923404242762004,0.0,18.461667372234267,247,False,False,2025-07-24T15:45:00+00:00,2025-07-27T05:29:59.999000+00:00
ETHUSDT,15,LONG,1753611299999,1753611300000,1753656299999,3777.10527,3740.0343823998505,3869.7824890003735,3869.0085325025734,TAKE_PROFIT,10.98280880007472,1.067109116352185,2.7250323951893196,-1.6579232788371345,"[195295, 195303]","[3761.01, 3747.32]","[-3.1030290457454193, -2.66724656249237]",0.18064317810601707,23.431636,0.00999999984247348,2081.7794119988253,0.02396619593798797,2.396619631551912,71.66438217392648,0.0,35.83227865800615,50,False,False,2025-07-27T10:15:00+00:00,2025-07-27T22:44:59.999000+00:00
ETHUSDT,15,SHORT,1753658099999,1753658100000,1753670699999,3841.021642,3898.1528880190444,3698.1935269523883,3898.9325185966486,STOP,17.196444009522317,11.283893738520419,9.524989344567965,1.758904393952454,"[195337, 195354]","[3868.97, 3874.49]","[2.9886233166878835, 2.637154756402513]",0.04010521622353631,15.568527,0.009999999931916132,-949.7869200197939,-0.010678369910782665,-1.0678369983485139,48.1998741312045,0.0,24.099901966116494,14,False,False,2025-07-27T23:15:00+00:00,2025-07-28T02:44:59.999000+00:00
ETHUSDT,15,SHORT,1753673399999,1753673400000,1753679699999,3869.495946,3920.537061522734,3741.893157193165,3921.3211689350387,STOP,18.108530761367028,13.26472887652426,12.632425550461347,0.6323033260629121,"[195361, 195370]","[3886.6, 3907.88]","[4.016531789639785, 0.5580223192746612]",0.9937529366312714,17.240051,0.009999999450676198,-947.1951202436964,-0.01076417437202586,-1.076417496332761,53.72563375726117,0.0,26.862782214362415,7,False,False,2025-07-28T03:30:00+00:00,2025-07-28T05:14:59.999000+00:00
ETHUSDT,15,LONG,1753703999999,1753704000000,1753709399999,3879.365718,3840.8875502887327,3975.5611372781686,3840.119372778675,STOP,14.556224855633708,-2.2045596753364407,1.091503520240063,-3.2960631955765036,"[195398, 195405]","[3870.92, 3868.09]","[-5.624914398648446, -3.7216768220838587]",0.06531991304792562,22.622686,0.009999999702958234,-957.7119395057866,-0.011002118998441637,-1.1002119325250534,69.85419491614698,0.0,34.92706334084624,6,False,False,2025-07-28T12:00:00+00:00,2025-07-28T13:29:59.999000+00:00
ETHUSDT,15,LONG,1753715699999,1753715700000,1753749899999,3800.76,3735.199578237583,3964.6610544060422,3734.4525383219357,STOP,22.160210881208418,-27.131806128465996,-16.853600232506295,-10.278205895959701,"[195406, 195412]","[3856.61, 3854.08]","[-3.9197967905803193, -2.8304314228829925]",0.047934147880117024,13.131434,0.00999999929069985,-910.29131518221,-0.01057368758663997,-1.0573688336631841,39.57925844917879,0.0,19.78959518769093,38,False,False,2025-07-28T15:15:00+00:00,2025-07-29T00:44:59.999000+00:00
ETHUSDT,15,SHORT,1753777799999,1753777800000,1753807499999,3862.07743,3915.3954383640657,3728.7824090898357,3729.528165571654,TAKE_PROFIT,18.80271918203284,24.838171344716102,15.834810087205332,9.00336125751077,"[195487, 195488]","[3879.57, 3885.43]","[10.356621202327803, 10.164379862832266]",0.005790863596959438,15.975831,0.009999999901192247,2069.071764476168,0.02429059615769877,2.4290596397708692,48.51288320540284,0.0,24.256527276348415,33,False,False,2025-07-29T08:30:00+00:00,2025-07-29T16:44:59.999000+00:00
ETHUSDT,15,LONG,1753808399999,1753808400000,1753902899999,3750.239898,3679.362905126264,3927.4323801843398,3678.6270325452388,STOP,24.49854743686791,-28.448998287153245,-18.97582442063134,-9.473173866521904,"[195521, 195522]","[3737.04, 3712.24]","[-11.12396623787095, -11.035392199039237]",0.008201067117262043,12.309921,0.00999999961089707,-918.1282223455477,-0.010523077560266504,-1.0523077969722552,36.57950601380975,0.0,18.289718476544962,105,False,False,2025-07-29T17:00:00+00:00,2025-07-30T19:14:59.999000+00:00
ETHUSDT,15,LONG,1753904699999,1753904700000,1754009999999,3744.018654,3654.6909900645246,3967.3378138386884,3653.9600518665115,STOP,28.30950496773766,-12.99287900390118,-4.0083589211409265,-8.984520082760254,"[195599, 195627]","[3742.0, 3734.45]","[-7.056852466535132, -3.2160562399826644]",0.16328205197066126,9.664519,0.009999999659581545,-898.9722337383145,-0.010413100080231321,-1.041310043471248,28.599162305776925,0.0,14.299546909947482,117,False,False,2025-07-30T19:45:00+00:00,2025-08-01T00:59:59.999000+00:00
ETHUSDT,15,LONG,1754011799999,1754011800000,1754036099999,3682.216296,3592.7446024890933,3905.895529777267,3592.0260535685957,STOP,29.542698755453348,-33.61642876062797,-31.388218654186833,-2.2282101064411357,"[195745, 195747]","[3655.0, 3613.67]","[-3.4482472744299777, -3.087903496345046]",0.15852415176559925,9.548485,0.00999999895861206,-888.9633745871178,-0.010405517770217188,-1.0405518853835372,27.783197584488196,0.0,13.891564900699613,27,False,False,2025-08-01T01:30:00+00:00,2025-08-01T08:14:59.999000+00:00
ETHUSDT,15,LONG,1754073899999,1754073900000,1754079299999,3570.543966,3509.1777062776564,3723.959615305859,3508.475870736401,STOP,27.796146861171806,-24.418198210256833,-20.29516503063854,-4.123033179618293,"[195816, 195817]","[3544.94, 3535.0]","[-5.547586613531287, -5.008236236919135]",0.033950189795036605,13.776781,0.009999999318079898,-894.1089979278919,-0.010575795081254127,-1.0575795802438903,39.01044239414926,0.0,19.50518777333992,6,False,False,2025-08-01T18:45:00+00:00,2025-08-01T20:14:59.999000+00:00
ETHUSDT,15,LONG,1754081099999,1754081100000,1754088299999,3526.075074,3451.7360359676422,3711.922669080895,3451.0456887604487,STOP,28.216982016178992,-36.08857809692472,-31.54517556909528,-4.543402527829439,"[195824, 195825]","[3492.8, 3490.0]","[-7.407862603557163, -6.056376084661384]",0.01771713800735192,11.252344,0.009999999281676462,-875.6600380048052,-0.01046828557571217,-1.0468286327673817,31.403585180849184,0.0,15.701759448236857,8,False,False,2025-08-01T20:45:00+00:00,2025-08-01T22:44:59.999000+00:00
ETHUSDT,15,LONG,1754090099999,1754090100000,1754160299999,3476.005062,3388.5346387938775,3694.681120015306,3387.856931866119,STOP,29.362680603061243,-38.854650449661676,-33.63291705781871,-5.221733391842967,"[195825, 195833]","[3490.0, 3468.0]","[-6.056376084661384, -1.03594829470169]",0.6772232539772794,9.462991,0.009999999266545885,-860.126027833026,-0.010391360294508285,-1.0391361056666937,25.981065709278855,0.0,12.990500008460943,78,False,False,2025-08-01T23:15:00+00:00,2025-08-02T18:44:59.999000+00:00
ETHUSDT,15,LONG,1754162099999,1754162100000,1754268299999,3387.187302,3331.806102184189,3525.640301539527,3524.9351734792194,TAKE_PROFIT,21.146948907905443,-32.95120020268678,-23.12380170973953,-9.827398492947246,"[195906, 195911]","[3431.51, 3412.77]","[-4.2488139536324105, -3.8347414799632027]",0.08913684179761504,14.79077,0.009999999521467866,1996.502839540035,0.024373436559444073,2.437343772579139,40.89424549865751,0.0,20.44720506310036,118,False,False,2025-08-02T19:15:00+00:00,2025-08-04T00:44:59.999000+00:00
ETHUSDT,15,SHORT,1754278199999,1754278200000,1754315099999,3560.267804,3599.885583516203,3461.223355209492,3600.6055606329064,STOP,16.257791758101597,21.905869842106767,18.11176657887276,3.794103263234007,"[196043, 196044]","[3570.63, 3575.0]","[4.268557668042057, 4.108878744472641]",0.009760532021969023,21.179775,0.009999999997135705,-915.010884156283,-0.010904726739850754,-1.090472674297419,60.66627466656717,0.0,30.333104372823378,41,False,False,2025-08-04T03:30:00+00:00,2025-08-04T13:44:59.999000+00:00
ETHUSDT,15,SHORT,1754324999999,1754325000000,1754327699999,3661.847484,3710.953812186932,3539.08166353267,3711.6960029493694,STOP,18.476906093466027,35.76038057912865,30.36235453074675,5.398026048381901,"[196089, 196096]","[3663.88, 3674.44]","[10.940305749414145, 5.906816887908047]",0.25904047741507247,16.900989,0.009999999577877814,-892.3373413751657,-0.010751757678653218,-1.075175813250878,49.84807094558118,0.0,24.924002770179882,3,False,False,2025-08-04T16:30:00+00:00,2025-08-04T17:14:59.999000+00:00
ETHUSDT,15,SHORT,1754349299999,1754349300000,1754379899999,3727.244402,3765.9834727302996,3630.3967251742506,3631.1228045192856,TAKE_PROFIT,16.991736365149837,30.813793778456784,30.35181032177787,0.46198345667891516,"[196121, 196122]","[3732.86, 3733.0]","[0.7498819576780029, 0.643668490848281]",0.0011104056244607766,21.193646,0.009999999723382781,1974.78685807556,0.02405278347261867,2.4052784137960095,62.380251885191456,0.0,31.19020867688847,34,False,False,2025-08-04T23:15:00+00:00,2025-08-05T07:44:59.999000+00:00
ETHUSDT,15,LONG,1754410499999,1754410500000,1754561699999,3583.56657,3517.751118606723,3748.105198483192,3747.3555774434953,TAKE_PROFIT,23.139440696638374,-28.10941606491633,-21.84050915204504,-6.268906912871291,"[196190, 196191]","[3555.01, 3555.0]","[-9.356371190582493, -8.390134154230203]",4.449512533191071e-05,12.77466,0.009999999661941587,2054.8888666600965,0.024440557610922325,2.4440558437155966,37.460015168024206,0.0,18.730092027171057,168,False,False,2025-08-05T16:15:00+00:00,2025-08-07T10:14:59.999000+00:00
ETHUSDT,15,SHORT,1754565299999,1754565300000,1754574299999,3808.93806,3857.094300999569,3688.547457501078,3857.865719859769,STOP,17.622150499784386,40.613998509540124,28.509517625851476,12.104480883688648,"[196356, 196359]","[3727.44, 3732.88]","[3.4833835516140486, 3.1427862430125213]",0.04344976483430913,17.885925,0.009999999807446886,-929.9676056358486,-0.01079701805857525,-1.07970182664752,54.85115095851533,0.0,27.425541571621142,10,False,False,2025-08-07T11:15:00+00:00,2025-08-07T13:44:59.999000+00:00
ETHUSDT,15,SHORT,1754606699999,1754606700000,1754607599999,3881.193606,3919.87502273521,3784.4900641619747,3920.658997739757,STOP,16.43251136760509,23.461615152590184,21.62717381115005,1.834441341440133,"[196403, 196407]","[3881.0, 3886.11]","[3.1351287085105852, 1.35283990207747]",0.16830776800366443,22.026578,0.009999999853756762,-938.0267754246289,-0.011009455121558471,-1.100945528256431,68.73924596831074,0.0,34.36958958743777,1,False,False,2025-08-07T22:45:00+00:00,2025-08-07T22:59:59.999000+00:00
ETHUSDT,15,SHORT,1754614799999,1754614800000,1754661599999,3897.600324,3972.478384549906,3710.405172625235,3973.272880226816,STOP,21.959192274952994,26.87399752787087,26.417522034251512,0.456475493619358,"[196411, 196418]","[3926.38, 3935.88]","[3.780732149436467, 1.761150158211958]",0.24011810834223973,11.253483,0.009999999927570004,-887.0097201845864,-0.010526568711681979,-1.0526568787925912,35.4298951195688,0.0,17.714914205187966,52,False,False,2025-08-08T01:00:00+00:00,2025-08-08T13:59:59.999000+00:00
ETHUSDT,15,SHORT,1754678699999,1754678700000,1754714699999,4044.191,4100.89553350896,3902.4296662275997,4101.715712615662,STOP,23.27276675448009,38.266715176072466,29.010779925134145,9.255935250938322,"[196471, 196486]","[4011.09, 4030.0]","[7.849900271874498, 5.723763956460466]",0.21073590827559383,14.703743,0.00999999996735202,-893.7387179712616,-0.010719261995631994,-1.0719262030628218,47.91012752171022,0.0,23.955030885912727,40,False,False,2025-08-08T18:45:00+00:00,2025-08-09T04:44:59.999000+00:00
ETHUSDT,15,SHORT,1754735399999,1754735400000,1754774099999,4223.925046,4295.0066562457905,4046.221020385523,4295.86565757704,STOP,24.76332812289544,48.431582710262774,46.92754881734985,1.504033892912922,"[196532, 196551]","[4220.0, 4248.87]","[10.604236559204942, 0.06475861196793886]",1.194166903081397,11.604007,0.009999999996004226,-874.3448447093908,-0.010600284316550789,-1.0600284320786422,39.54548438513716,0.0,19.77270959150255,43,False,False,2025-08-09T10:30:00+00:00,2025-08-09T21:14:59.999000+00:00
ETHUSDT,15,SHORT,1754774099999,1754774100000,1754878499999,4287.1424,4340.124357838055,4154.6875054048605,4340.992382709624,STOP,20.822178919027916,29.741175736769037,25.091719770049593,4.649455966719444,"[196590, 196591]","[4266.0, 4271.1]","[3.063075671120739, 3.0122028468082327]",0.004350402277688736,15.403131,0.009999999785196362,-882.618454161558,-0.01081523554999653,-1.0815235782311732,53.16011613749315,0.0,26.58002595361409,116,False,False,2025-08-09T21:15:00+00:00,2025-08-11T02:14:59.999000+00:00
ETHUSDT,15,SHORT,1754887499999,1754887500000,1754913599999,4320.915644,4375.334362690714,4184.868847273213,4185.705821042668,TAKE_PROFIT,22.36218134535735,27.641292588990837,25.67526744101891,1.9660251479719264,"[196712, 196720]","[4346.0, 4349.67]","[8.032432682355775, 2.3543778540776614]",0.10965815926496979,14.834268,0.009999999839833478,1955.2629489468188,0.024220925341760246,2.4220925729698393,50.475801034798224,0.0,25.237981756468383,29,False,False,2025-08-11T04:45:00+00:00,2025-08-11T11:59:59.999000+00:00
ETHUSDT,15,LONG,1754915399999,1754915400000,1754923499999,4182.8364,4131.6845302404945,4310.716074398763,4309.853931183883,TAKE_PROFIT,21.57773487975258,-30.429572343648033,-19.34939430264641,-11.080178041001624,"[196736, 196745]","[4252.7, 4208.31]","[-7.604393093838395, -5.394942717502909]",0.6825200015127072,16.163915,0.009999999699931969,1998.1905277123053,0.02416733775777248,2.416733848295705,54.910049853831254,0.0,27.455108149143054,9,False,False,2025-08-11T12:30:00+00:00,2025-08-11T14:44:59.999000+00:00
ETHUSDT,15,LONG,1754951399999,1754951400000,1755002699999,4203.110454,4134.195300729055,4375.398337177362,4374.523257509926,TAKE_PROFIT,26.90234963547234,-20.75801524142298,-10.76287104488047,-9.995144196542512,"[196790, 196791]","[4190.0, 4185.6]","[-9.64493513767805, -9.593431962104173]",0.00086938685054001,12.287521,0.009999999859045889,2064.079281052898,0.024375154038636267,2.4375154382214084,42.159141744194464,0.0,21.079655964820383,57,False,False,2025-08-11T22:30:00+00:00,2025-08-12T12:44:59.999000+00:00
ETHUSDT,15,SHORT,1755012599999,1755012600000,1755018899999,4430.073808,4494.14138065599,4269.904876360023,4495.040208932122,STOP,30.305690327995407,41.78184735499599,34.0013941540699,7.78045320092609,"[196854, 196860]","[4434.0, 4440.0]","[14.719347238373913, 7.8362985254857875]",0.08967670663026765,13.53941,0.009999999263495093,-927.9430496331785,-0.010697524293476297,-1.0697525081354269,48.33631118879638,0.0,24.168121376853506,7,False,False,2025-08-12T15:30:00+00:00,2025-08-12T17:14:59.999000+00:00
ETHUSDT,15,SHORT,1755020699999,1755020700000,1755030599999,4481.043612,4554.210908196635,4298.125371508412,4555.121750378275,STOP,29.875454098317505,52.55097863936862,48.73015962666575,3.82081901270287,"[196868, 196869]","[4497.0, 4505.0]","[5.339483533934107, 4.46475733354967]",0.043527432329743584,11.728706,0.009999999284748748,-911.2337168271838,-0.010618487084373837,-1.061848784386251,42.3930107610873,0.0,21.196471474774263,11,False,False,2025-08-12T17:45:00+00:00,2025-08-12T20:29:59.999000+00:00
ETHUSDT,15,SHORT,1755082799999,1755082800000,1755108899999,4692.66128,4751.150119828175,4546.439180429564,4752.10034985214,STOP,23.145059914087216,27.997992981201605,21.15409255283531,6.843900428366297,"[196914, 196935]","[4682.0, 4714.5]","[3.5763021784504545, 3.4804795444602554]",0.03501588229028934,14.516366,0.009999999714318432,-917.6807393139072,-0.010808382057808655,-1.0808382366584217,54.841446640676075,0.0,27.420689903593928,29,False,False,2025-08-13T11:00:00+00:00,2025-08-13T18:14:59.999000+00:00
ETHUSDT,15,SHORT,1755121499999,1755121500000,1755177299999,4737.912228,4835.43047002251,4494.116622943724,4495.015446268312,TAKE_PROFIT,31.77023501125528,19.64787959640671,18.321498956601175,1.326380639805535,"[196968, 196980]","[4752.54, 4766.39]","[5.512981910928483, 0.5252542180346005]",0.39677150266506533,8.612425,0.009999999081130567,2060.123156555506,0.024529112063676792,2.452911431758213,31.80715885002411,0.0,15.90366373837122,62,False,False,2025-08-13T21:45:00+00:00,2025-08-14T13:14:59.999000+00:00
ETHUSDT,15,LONG,1755209699999,1755209700000,1755274499999,4488.087438,4378.764312950853,4761.395250622867,4377.888560088263,STOP,38.71784352457343,-42.52942908852765,-40.41633684294906,-2.113092245578592,"[197065, 197078]","[4478.8, 4451.0]","[-2.8090262207659933, -1.1925337309439783]",0.41452651359831644,7.870885,0.009999998731079523,-895.2759261698075,-0.010404500770213754,-1.040450209046233,27.913230997485176,0.0,13.956581362498035,72,False,False,2025-08-14T22:15:00+00:00,2025-08-15T16:14:59.999000+00:00
ETHUSDT,15,LONG,1755276299999,1755276300000,1755485999999,4401.310086,4316.2624237766195,4613.929241558452,4315.399171291864,STOP,38.07878811169038,-71.22634289566122,-51.155239353016,-20.07110354264522,"[197152, 197153]","[4375.15, 4371.23]","[-23.465484663804205, -22.46309143792687]",0.0042957559521629995,10.012233,0.009999999004814438,-895.0695849318907,-0.010511469354622225,-1.0511470400708582,34.909489630905234,0.0,17.45471110723725,233,False,False,2025-08-15T16:45:00+00:00,2025-08-18T02:59:59.999000+00:00
ETHUSDT,15,SHORT,1755525599999,1755525600000,1755872099999,4284.34296,4402.546581229887,3988.833906925282,4403.4270905461335,STOP,33.16829061494363,1.152906966680348,-7.51860529957006,8.671512266250408,"[197428, 197430]","[4366.91, 4368.01]","[14.041859042109639, 13.079723102173077]",0.0024031720484707668,7.128092,0.009999998666948626,-873.613527950903,-0.010368482873313782,-1.0368484255486001,24.770889678054996,0.0,12.385411380738422,385,False,False,2025-08-18T14:00:00+00:00,2025-08-22T14:14:59.999000+00:00
ETHUSDT,15,SHORT,1755880199999,1755880200000,1755897299999,4741.971416,4876.684061487165,4405.189802282087,4877.659398299463,STOP,55.50203074358262,134.38630182902307,92.93765389728236,41.44864793174071,"[197820, 197824]","[4666.0, 4772.41]","[47.992098503545144, 42.70212714542977]",0.20499019911893113,6.189695,0.009999999092260929,-863.6842579003187,-0.010358034426119548,-1.0358035366358889,23.817032301246126,0.0,11.90848303227336,19,False,False,2025-08-22T16:30:00+00:00,2025-08-22T21:14:59.999000+00:00
ETHUSDT,15,LONG,1755917999999,1755918000000,1756105199999,4714.922796,4617.60976388922,4958.20537627695,4616.6862419364425,STOP,33.695118055389955,0.07781188711123832,23.719006180620347,-23.64119429350911,"[197862, 197864]","[4756.02, 4755.0]","[-20.888828245475686, -19.609528100887843]",0.002182435253888242,8.479783,0.009999999685549342,-864.6766689997539,-0.010478472642412764,-1.0478472971909034,31.65200787301592,0.0,15.825971248560364,208,False,False,2025-08-23T03:00:00+00:00,2025-08-25T06:59:59.999000+00:00
ETHUSDT,15,LONG,1756120499999,1756120500000,1756151099999,4556.901198,4481.918435238406,4744.358104903985,4481.022051551358,STOP,30.040782380797054,-53.57399265893491,-51.0508848289153,-2.5231078300196117,"[198080, 198089]","[4555.0, 4527.25]","[-10.957334807631426, -1.0872099585036636]",0.8006058359923302,10.889791,0.009999999515601876,-865.6764841887634,-0.010601678168424234,-1.0601678681967561,39.368438104662054,0.0,19.684186787376657,34,False,False,2025-08-25T11:15:00+00:00,2025-08-25T19:44:59.999000+00:00
ETHUSDT,15,SHORT,1756196999999,1756197000000,1756212299999,4409.038016,4497.663823295052,4187.473497762371,4498.563356059711,STOP,26.546911647525697,-1.3709028440352995,-2.4501553767517095,1.07925253271641,"[198152, 198174]","[4449.55, 4453.78]","[16.906875971994474, 1.0539982967689077]",0.14532226837247741,9.11574,0.009999999093985072,-848.5694746484404,-0.01050352882706952,-1.0503529778704996,32.479751252535834,0.0,16.239843632272727,17,False,False,2025-08-26T08:30:00+00:00,2025-08-26T12:44:59.999000+00:00
ETHUSDT,15,SHORT,1756241099999,1756241100000,1756302299999,4575.194778,4655.317764207679,4374.887312480803,4656.24882776052,STOP,27.658882103839282,35.983036095151874,32.54017182911158,3.4428642660402957,"[198204, 198223]","[4576.31, 4595.73]","[10.77841489869942, 2.601565746345436]",0.5071071236139978,9.977214,0.009999999808253697,-845.5352353807996,-0.010577067779048578,-1.0577067981859947,36.84163535344174,0.0,18.42078606580831,68,False,False,2025-08-26T20:45:00+00:00,2025-08-27T13:44:59.999000+00:00
ETHUSDT,15,LONG,1756323899999,1756323900000,1756332899999,4573.46451,4497.4799366422385,4763.4259433944035,4496.5804406549105,STOP,28.05003167888074,-8.633465656480439,1.920457881577438,-10.553923538057877,"[198246, 198316]","[4538.0, 4530.01]","[-10.380398198017616, -9.508650841784426]",0.02363504214573592,10.409334,0.009999999497324144,-838.0772080067545,-0.010595845935611838,-1.0595846468239456,37.76525091455219,0.0,18.88259420010158,10,False,False,2025-08-27T19:45:00+00:00,2025-08-27T22:14:59.999000+00:00
ETHUSDT,15,LONG,1756342799999,1756342800000,1756451699999,4492.8984,4411.83650185395,4695.5531453651265,4410.954134553579,STOP,30.856749073025302,-32.666270844714745,-29.731344587485644,-2.934926257229101,"[198337, 198338]","[4475.1, 4465.0]","[-3.4565649605995254, -3.3138965433669156]",0.013578294009015992,9.653956,0.009999999071914503,-825.4692933117,-0.010548210747608658,-1.0548211726572891,34.382960239627494,0.0,17.19144916401839,121,False,False,2025-08-28T01:00:00+00:00,2025-08-29T07:14:59.999000+00:00
ETHUSDT,15,LONG,1756459799999,1756459800000,1756476899999,4339.707768,4275.289828606558,4500.752616483605,4274.434770640836,STOP,23.700085696721054,-47.26436945369278,-35.63036717826492,-11.63400227542786,"[198465, 198466]","[4354.47, 4345.2]","[-12.809346851427893, -12.584206188142609]",0.006943046212700728,12.020151,0.009999999753893929,-826.00860209974,-0.010667626647245358,-1.0667626909782133,41.41731761999448,0.0,20.70862825469099,19,False,False,2025-08-29T09:30:00+00:00,2025-08-29T14:14:59.999000+00:00
ETHUSDT,15,SHORT,1756498499999,1756498500000,1756537199999,4331.943438,4401.353513805675,4158.418248485812,4402.233784508437,STOP,27.451756902837573,-7.371610079655511,-11.917632524288688,4.546022444633177,"[198510, 198511]","[4360.0, 4365.27]","[5.567052178529218, 5.288414737506237]",0.009565742212804358,11.036629,0.009999999528437054,-814.326826145087,-0.010630158959144376,-1.0630159460423307,38.55834945003043,0.0,19.279144465441924,43,False,False,2025-08-29T20:15:00+00:00,2025-08-30T06:59:59.999000+00:00
ETHUSDT,15,SHORT,1756538099999,1756538100000,1756601999999,4396.190586,4440.520675755551,4285.365361611124,4441.408779890701,STOP,19.265337877775146,17.86890905879318,12.154514437198154,5.714394621595025,"[198550, 198555]","[4401.26, 4402.65]","[7.385013157597812, 6.024355435980812]",0.012887813133912159,17.096965,0.009999999598970936,-833.5323291295979,-0.010997774186957795,-1.099777462800052,60.438450817062204,0.0,30.2191956935438,71,False,False,2025-08-30T07:15:00+00:00,2025-08-31T00:59:59.999000+00:00
ETHUSDT,15,SHORT,1756614599999,1756614600000,1756746899999,4458.988024,4510.779563048254,4329.509176379364,4330.375078214641,TAKE_PROFIT,16.394781524127065,33.569264978080355,31.219650511488577,2.3496144665917775,"[198639, 198640]","[4488.36, 4489.85]","[4.401275239876046, 4.143927465196114]",0.005385047596670158,14.472918,0.009999999968496529,1810.5215255097216,0.024153983922706186,2.415398399879962,50.88309258023124,0.0,25.441621763965216,147,False,False,2025-08-31T04:30:00+00:00,2025-09-01T17:14:59.999000+00:00
ETHUSDT,15,LONG,1756763999999,1756764000000,1756921499999,4260.081846,4169.880401745195,4485.5854566370135,4484.688339545686,TAKE_PROFIT,27.80479912740267,-36.8122670658604,-27.3631539804572,-9.449113085403198,"[198790, 198802]","[4307.25, 4268.37]","[-6.714912984488414, -1.435965112988832]",1.374533902165042,8.510727,0.009999999370866293,1881.7948083038277,0.02451275291515103,2.4512754457331036,29.76974069076747,0.0,14.884947403363592,175,False,False,2025-09-01T22:00:00+00:00,2025-09-03T17:44:59.999000+00:00
ETHUSDT,15,LONG,1756960199999,1756960200000,1756965599999,4399.299684,4362.472980801873,4491.366441995318,4361.6004862057125,STOP,16.30350959906368,-16.779099719801707,-9.10210042442036,-7.676999295381346,"[199022, 199024]","[4386.72, 4385.45]","[-8.921774127657752, -8.366234487906638]",0.004742779216906162,21.356727,0.00999999978478895,-879.97313669534,-0.011188500027805673,-1.1188500268594563,74.84166128373477,0.0,37.420799933440364,6,False,False,2025-09-04T04:30:00+00:00,2025-09-04T05:59:59.999000+00:00
ETHUSDT,15,LONG,1756966499999,1756966500000,1756995299999,4375.42491,4334.9531788454915,4476.60423788627,4334.086188209722,STOP,16.13841057725409,-25.59476162124338,-20.407980276189168,-5.186781345054211,"[199030, 199031]","[4363.01, 4360.21]","[-7.188627604693959, -6.292686284469195]",0.021337450619496597,19.215835,0.009999999690851849,-861.3022683104195,-0.011075020406901531,-1.107502074928375,66.94421127754673,0.0,33.47207520333409,32,False,False,2025-09-04T06:15:00+00:00,2025-09-04T14:14:59.999000+00:00
ETHUSDT,15,LONG,1757005199999,1757005200000,1757059199999,4295.498928,4247.280552481029,4416.044866797426,4415.161657824066,TAKE_PROFIT,22.759723759485247,-33.72175916798096,-26.435598021074128,-7.286161146906835,"[199073, 199074]","[4285.57, 4283.33]","[-9.970987376526441, -8.33290615139888]",0.015783376507437573,15.950041,0.00999999944209422,1853.0512894733963,0.024094229193259615,2.409423053749067,55.57415739239115,0.0,27.787156152699698,60,False,False,2025-09-04T17:00:00+00:00,2025-09-05T07:59:59.999000+00:00
ETHUSDT,15,SHORT,1757060999999,1757061000000,1757075399999,4392.641296,4442.585000727257,4267.782034181858,4443.473517727402,STOP,18.707500363628455,23.85328540491173,14.859534301312745,8.993751103598985,"[199125, 199132]","[4340.71, 4363.35]","[2.7037142312795037, 2.476674626711712]",0.12574226802121757,15.770068,0.009999999967463195,-857.366045819528,-0.010885589639955324,-1.0885589675373555,55.738452587315386,0.0,27.869195343321778,16,False,False,2025-09-05T08:30:00+00:00,2025-09-05T12:29:59.999000+00:00
ETHUSDT,15,SHORT,1757079899999,1757079900000,1757083499999,4458.45813,4526.180620094651,4289.151904763371,4290.009735144324,TAKE_PROFIT,24.810310047325796,33.82593822966555,30.299450384446214,3.5264878452193393,"[199153, 199154]","[4448.68, 4494.45]","[1.811169201362599, 1.5034636084259176]",0.353866223854098,11.503445,0.009999999720703777,1897.4818379921733,0.02435660633153269,2.4356607011803524,40.255007568382055,0.0,20.127582098768134,4,False,False,2025-09-05T13:45:00+00:00,2025-09-05T14:44:59.999000+00:00
ETHUSDT,15,LONG,1757155499999,1757155500000,1757171699999,4302.030234,4272.778941977076,4375.15846405731,4271.924386188681,STOP,8.610529011461978,-4.971345912899778,-4.5242745307517165,-0.44707138214806186,"[199223, 199241]","[4288.4, 4283.55]","[-2.267262181856767, -1.1294572371917653]",0.290772023109625,27.281419,0.00999999967123006,-914.894107882978,-0.01146459736909034,-1.146459774601185,93.5638593921413,0.0,46.78189871413666,18,False,False,2025-09-06T10:45:00+00:00,2025-09-06T15:14:59.999000+00:00
ETHUSDT,15,SHORT,1757211299999,1757211300000,1757233799999,4290.911646,4312.526230366782,4236.875185083044,4313.388735612855,STOP,9.448115183391183,4.531005199456558,1.75121820229846,2.7797869971580984,"[199302, 199303]","[4295.77, 4302.37]","[3.0327683227779114, 3.0287878464740285]",0.0008956077692604468,36.497016,0.009999999902917792,-945.9592147124413,-0.011991352261997584,-1.199135237841228,125.6125154786122,0.0,62.80622743768723,25,False,False,2025-09-07T02:15:00+00:00,2025-09-07T08:29:59.999000+00:00
ETHUSDT,15,LONG,1757271599999,1757271600000,1757337299999,4280.095848,4254.158620220117,4344.938917449706,4344.069929666217,TAKE_PROFIT,9.650689889941365,-7.204034723893528,-5.459874065774693,-1.744160658118835,"[199364, 199370]","[4270.01, 4267.44]","[-3.002595812872185, -2.391389865776432]",0.05383604061758711,30.049789,0.009999999679901126,1818.7459107706295,0.023334958512688176,2.3334959259637595,103.66174476795629,0.0,51.83095135352242,73,False,False,2025-09-07T19:00:00+00:00,2025-09-08T13:14:59.999000+00:00
ETHUSDT,15,SHORT,1757339099999,1757339100000,1757345399999,4330.673692,4380.929479725773,4205.034222685569,4381.805665621718,STOP,16.759739862886143,9.860513618364166,7.372237636966846,2.4882759813973205,"[199435, 199444]","[4336.82, 4362.02]","[3.975576375581281, 2.5617236449593452]",0.610286174311981,15.870723,0.009999999749944002,-866.8107284047971,-0.010867795824246398,-1.0867796096002158,55.30933861121289,0.0,27.65463795173637,7,False,False,2025-09-08T13:45:00+00:00,2025-09-08T15:29:59.999000+00:00
ETHUSDT,15,LONG,1757385899999,1757385900000,1757402099999,4288.547538,4253.896641150144,4375.174780124638,4374.299745168613,TAKE_PROFIT,13.2966794249277,-9.90287667200846,-8.389940666061767,-1.5129360059466936,"[199496, 199497]","[4277.93, 4275.0]","[-1.9917089229316058, -1.9747980262811424]",0.0018673738056070777,22.767883,0.009999999575623076,1873.5023424507347,0.023747455980671458,2.374745698845873,78.89387735602034,0.0,39.4470183517397,18,False,False,2025-09-09T02:45:00+00:00,2025-09-09T07:14:59.999000+00:00
ETHUSDT,15,SHORT,1757403899999,1757403900000,1757512799999,4353.739078,4399.681378544725,4238.883326638187,4400.561314820434,STOP,14.22068927236249,18.941545623968523,11.419518012559644,7.522027611408879,"[199516, 199517]","[4377.72, 4380.77]","[9.263525776258623, 9.170493541106445]",0.002199310330897907,17.579934,0.009999999865749376,-884.6918422843812,-0.010953730158325287,-1.09537303053798,61.56000924878292,0.0,30.779972930317058,121,False,False,2025-09-09T07:45:00+00:00,2025-09-10T13:59:59.999000+00:00
ETHUSDT,15,LONG,1757534399999,1757534400000,1757592899999,4321.124052,4266.523913062941,4457.624399342649,4456.73287446278,TAKE_PROFIT,21.563043468529727,-13.298677686783776,-3.4627179724004487,-9.835959714383328,"[199661, 199662]","[4299.42, 4297.01]","[-11.209832003439221, -11.03214445524642]",0.0017301866966109186,14.630287,0.009999999988539886,1932.6269659308844,0.02419365263760331,2.419365266532951,51.36902643163535,0.0,25.68459360304111,65,False,False,2025-09-10T20:00:00+00:00,2025-09-11T12:14:59.999000+00:00
ETHUSDT,15,SHORT,1757641499999,1757641500000,1757657699999,4511.507518,4557.640167777693,4396.175893555766,4558.5516958112485,STOP,18.300083888846668,29.42062398224698,20.399616518673106,9.021007463573874,"[199772, 199777]","[4467.85, 4469.44]","[5.032019131788682, 3.696395652151418]",0.032319844603647674,17.734554,0.009999999941107715,-898.6488937434083,-0.01098402139103982,-1.0984021455727233,64.34138196421326,0.0,32.17065889663251,18,False,False,2025-09-12T01:45:00+00:00,2025-09-12T06:14:59.999000+00:00
ETHUSDT,15,SHORT,1757658599999,1757658600000,1757698199999,4543.121194,4584.3522244279575,4440.043617930106,4585.269094872843,STOP,15.1911122139789,26.14077513598295,24.299133500787953,1.8416416351949962,"[199779, 199799]","[4538.6, 4557.59]","[8.114635764363562, 1.4124911944493697]",1.0241160839420598,19.624915,0.009999999789715374,-898.8065254603594,-0.011107958144613616,-1.1107958378196903,71.65755340238199,0.0,35.82874504838192,44,False,False,2025-09-12T06:30:00+00:00,2025-09-12T17:29:59.999000+00:00
ETHUSDT,15,SHORT,1757700899999,1757700900000,1757707199999,4608.698076,4653.430333487881,4496.867432280297,4654.361019554579,STOP,19.795166743940534,26.54025659868421,18.380189449241186,8.160067149443023,"[199833, 199841]","[4570.0, 4570.35]","[3.141934452641131, 2.813800851420412]",0.0020224382457764327,17.887928,0.009999999774408456,-883.094220236777,-0.011036368127066083,-1.103636837603722,66.27877366441017,0.0,33.13935548516144,7,False,False,2025-09-12T18:15:00+00:00,2025-09-12T19:59:59.999000+00:00
ETHUSDT,15,SHORT,1757708099999,1757708100000,1757716199999,4639.581898,4692.833871789713,4506.451963525717,4693.772438564071,STOP,18.37693589485677,36.451920426313336,31.033166823590403,5.4187536027229335,"[199847, 199853]","[4627.0, 4628.88]","[8.325188076661064, 5.42626971941424]",0.036722460887755,14.860228,0.009999999935498452,-860.7620976038032,-0.010877321121244152,-1.0877321191404556,55.47830937845234,0.0,27.739123587439583,9,False,False,2025-09-12T20:15:00+00:00,2025-09-12T22:29:59.999000+00:00
ETHUSDT,15,SHORT,1757717999999,1757718000000,1757735999999,4692.41133,4752.4220524695265,4542.384523826185,4753.37253688002,STOP,23.51102623476305,41.53868184165549,38.76376476342159,2.774917078233898,"[199859, 199865]","[4691.25, 4750.0]","[4.949904898626478, 2.604417699424026]",1.192001169746081,13.04315,0.009999999983200152,-844.4072758544514,-0.010787992154383048,-1.078799217250671,49.28111033731845,0.0,24.64052434923358,20,False,False,2025-09-12T23:00:00+00:00,2025-09-13T03:59:59.999000+00:00
ETHUSDT,15,SHORT,1757807099999,1757807100000,1757816099999,4656.16858,4683.149675372217,4588.715841569458,4684.086305307292,STOP,10.974837686108488,-2.632874617708694,-5.40401650331363,2.771141885604936,"[199957, 199965]","[4665.0, 4670.94]","[5.647473548648318, 3.1781263403187694]",0.23041830778258426,28.697307,0.009999999919383181,-908.3795986457765,-0.01173185394052826,-1.1731854035106735,107.21606476076525,0.0,53.60800247816137,10,False,False,2025-09-13T23:45:00+00:00,2025-09-14T02:14:59.999000+00:00
ETHUSDT,15,SHORT,1757817899999,1757817900000,1757858399999,4675.854642,4703.968618424379,4605.569700939052,4606.49081487924,TAKE_PROFIT,12.484309212189522,4.834128961127135,2.128451635386872,2.705677325740263,"[199970, 199976]","[4678.98, 4687.99]","[3.3157541249787505, 2.728967500529522]",0.1265618512607439,27.217814,0.00999999991859347,1786.873684049362,0.02335169077919472,2.3351690969292735,101.05806085163367,0.0,50.52910796425095,45,False,False,2025-09-14T02:45:00+00:00,2025-09-14T13:59:59.999000+00:00
ETHUSDT,15,LONG,1757859299999,1757859300000,1757861099999,4631.616138,4579.764047872516,4761.246363318709,4578.848095062942,STOP,15.222976063741752,-13.611148880103428,-11.242516935956733,-2.3686319441466956,"[200021, 200023]","[4606.6, 4603.78]","[-3.944712086753535, -3.847139113105829]",0.005061028467825787,15.101989,0.009999999623831725,-852.5409358000217,-0.010887165082050895,-1.0887165491591522,55.638531813044,0.0,27.819235143195243,2,False,False,2025-09-14T14:15:00+00:00,2025-09-14T14:44:59.999000+00:00
ETHUSDT,15,LONG,1757900699999,1757900700000,1757924099999,4616.113038,4567.388328332712,4737.924812168219,4566.474850667046,STOP,16.530835833643845,-5.5077032478939145,-4.544502292083526,-0.9632009558103887,"[200068, 200069]","[4579.32, 4578.01]","[-3.21741993110902, -2.505110791402421]",0.01787222057833469,15.896335,0.009999999907275552,-847.4530519354746,-0.010941311371196787,-1.0941311472649493,58.38779729807762,0.0,29.193868254183357,26,False,False,2025-09-15T01:45:00+00:00,2025-09-15T08:14:59.999000+00:00
ETHUSDT,15,SHORT,1757975399999,1757975400000,1758032099999,4516.716476,4553.020502826861,4425.956408932848,4426.841600214635,TAKE_PROFIT,14.895251413430383,-0.006600552421332395,-5.007167617366214,5.000567064944882,"[200151, 200152]","[4526.4, 4528.0]","[5.737944934548923, 5.489525263838688]",0.004449741064200409,21.101509,0.009999999536748934,1821.0064717638627,0.02377076487098966,2.3770765972172927,75.48902849490632,0.0,37.744591617056834,63,False,False,2025-09-15T22:30:00+00:00,2025-09-16T14:14:59.999000+00:00
ETHUSDT,15,SHORT,1758078899999,1758078900000,1758131999999,4522.705278,4556.714273949789,4437.682788125529,4438.5703246831545,TAKE_PROFIT,14.002136974894169,10.69275059839947,9.242751569367766,1.449999029031705,"[200251, 200266]","[4523.19, 4542.05]","[4.089271575906378, 1.3154921682752683]",0.9807440311575958,23.060952,0.00999999967023399,1857.5699013491214,0.023685039257971382,2.3685040039023497,82.66221861289891,0.0,41.3311885689818,59,False,False,2025-09-17T03:15:00+00:00,2025-09-17T17:59:59.999000+00:00
ETHUSDT,15,SHORT,1758151799999,1758151800000,1758501899999,4585.222772,4658.408722218435,4402.257896453912,4403.138348033202,TAKE_PROFIT,27.069361109217652,29.815640461442854,19.099021466965407,10.716618994477447,"[200336, 200344]","[4539.6, 4548.0]","[7.45502410575637, 6.457531973739475]",0.04028094128929051,10.970077,0.009999999516373323,1958.0389459801856,0.02438843389391634,2.438843507340612,39.44120543622819,0.0,19.720683406147486,389,False,False,2025-09-17T23:30:00+00:00,2025-09-22T00:44:59.999000+00:00
ETHUSDT,15,LONG,1758505499999,1758505500000,1758508199999,4344.488724,4291.3345764144215,4477.374092963947,4290.476309499139,STOP,20.452711792789493,-40.11803609633807,-24.842637648632135,-15.275398447705939,"[200732, 200736]","[4440.01, 4436.0]","[-3.9201174320906937, -3.4140416068902484]",0.04349790241702509,15.472657,0.009999999467637584,-889.1579041817922,-0.010811272509345498,-1.0811273084897044,53.44234086813027,0.0,26.721138074288124,3,False,False,2025-09-22T01:45:00+00:00,2025-09-22T02:29:59.999000+00:00
ETHUSDT,15,LONG,1758509999999,1758510000000,1758520799999,4286.877204,4236.0223798680645,4414.014264329839,4235.175175392091,STOP,24.57381006596777,-55.83109025747217,-42.37331120048822,-13.457779056983952,"[200744, 200745]","[4316.72, 4279.3]","[-13.969180439077107, -13.729756645136753]",0.027616167881762892,15.997388,0.009999999936693236,-881.629643415606,-0.010836897020388833,-1.0836897088993722,54.53223138778339,0.0,27.266083700638564,12,False,False,2025-09-22T03:00:00+00:00,2025-09-22T05:59:59.999000+00:00
ETHUSDT,15,LONG,1758523499999,1758523500000,1758687299999,4192.298292,4094.3132175701658,4437.260978074586,4093.494354926652,STOP,38.31339121491716,-67.48438175820138,-57.8781582918708,-9.606223466330583,"[200746, 200759]","[4254.29, 4210.0]","[-13.941619540899168, -1.7233548896074353]",1.7398868004958026,8.212761,0.00999999920262473,-838.6728149243559,-0.010421816443338762,-1.0421817274348697,27.21969388190639,0.0,13.609815027220954,182,False,False,2025-09-22T06:45:00+00:00,2025-09-24T04:14:59.999000+00:00
ETHUSDT,15,SHORT,1758708899999,1758708900000,1758763799999,4176.804472,4204.994252559087,4106.330020602282,4107.151286606402,TAKE_PROFIT,11.342126279543587,4.459032034683332,3.217352733072002,1.24167930161133,"[200957, 200966]","[4182.72, 4183.13]","[3.8303215467989786, 1.1825228745026957]",0.02317130928141385,28.249291,0.009999999753404409,1874.0467525182855,0.023533209602394196,2.3533210182712785,93.6063507423992,0.0,46.80325594945397,61,False,False,2025-09-24T10:15:00+00:00,2025-09-25T01:29:59.999000+00:00
ETHUSDT,15,LONG,1758772799999,1758772800000,1758776399999,4060.571952,3984.230103503624,4251.42657324094,3983.433257482923,STOP,25.474948248188007,-32.56884605495998,-25.541038091105527,-7.02780796385445,"[201033, 201037]","[4060.0, 4030.0]","[-7.544487435261786, -7.33609732252026]",0.03398934607786747,10.676736,0.009999999518396785,-857.9429647451853,-0.010525851065120512,-1.0525851572048908,34.35348800170955,0.0,17.176711744344175,4,False,False,2025-09-25T04:00:00+00:00,2025-09-25T04:59:59.999000+00:00
ETHUSDT,15,LONG,1758804299999,1758804300000,1758822299999,3995.188878,3867.3295281164524,4314.837252708869,3866.556062210829,STOP,28.560235941773726,-22.117997043502783,-20.060030016993633,-2.05796702650915,"[201043, 201073]","[3961.0, 3911.39]","[-8.195128985862532, -3.202704493212888]",1.2452329057924245,6.30773,0.009999998577635866,-831.2169769025124,-0.010306441816082696,-1.030644328203422,19.835905764686423,0.0,9.917920823817198,20,False,False,2025-09-25T12:45:00+00:00,2025-09-25T17:44:59.999000+00:00
ETHUSDT,15,SHORT,1758856499999,1758856500000,1758907799999,3958.80808,4011.0305279332847,3828.251960166788,4011.8327340388714,STOP,24.220263966642367,10.118546495631108,0.9327776745916894,9.185768821039419,"[201128, 201131]","[3966.47, 3970.0]","[10.168836645681612, 9.657181102914228]",0.007169787224203441,15.284427,0.009999999889896707,-859.182124923544,-0.010764127682673446,-1.0764127801190038,48.73067106615908,0.0,24.36530408963355,57,False,False,2025-09-26T03:15:00+00:00,2025-09-26T17:29:59.999000+00:00
ETHUSDT,15,SHORT,1758912299999,1758912300000,1759097699999,4039.29198,4103.468222760125,3878.8513730996874,4104.288916404677,STOP,23.65411138006252,38.130772146729214,28.259435175857455,9.87133697087176,"[201192, 201193]","[4055.56, 4066.39]","[11.439133870813947, 11.409701642440062]",0.001156528635703035,12.303593,0.009999999879091472,-839.7739737348053,-0.010635457141531858,-1.0635457270123607,40.07812196477533,0.0,20.039029796114782,206,False,False,2025-09-26T18:45:00+00:00,2025-09-28T22:14:59.999000+00:00
ETHUSDT,15,SHORT,1759105799999,1759105800000,1759154399999,4136.442546,4174.623085818932,4040.991196452669,4175.458010436096,STOP,15.551542909466168,36.852587941830734,30.296836733217184,6.55575120861355,"[201407, 201408]","[4143.05, 4143.99]","[8.856723752835197, 7.682458529176941]",0.008117862884413924,20.460701,0.00999999959363095,-866.3106770138854,-0.011089477293639495,-1.1089477744281548,68.02692481078904,0.0,34.0134318345817,54,False,False,2025-09-29T00:30:00+00:00,2025-09-29T13:59:59.999000+00:00
ETHUSDT,15,SHORT,1759158899999,1759158900000,1759193999999,4180.473738,4236.7196166244175,4039.8590414389555,4237.566960547742,STOP,19.724808312208868,22.581765796243417,13.424489063985968,9.157276732257449,"[201446, 201462]","[4138.0, 4149.0]","[1.978945366548717, 0.9632952303821458]",0.33324853142359423,13.735006,0.009999999302978117,-830.4244900536992,-0.01074930929902648,-1.0749310048276912,46.248735801118976,0.0,23.124337458502815,39,False,False,2025-09-29T15:15:00+00:00,2025-09-30T00:59:59.999000+00:00
ETHUSDT,15,LONG,1759202999999,1759203000000,1759223699999,4200.43992,4161.186367473722,4298.573801315693,4160.354130200228,STOP,15.391816263138649,4.578981773946907,8.62910337304477,-4.050121599097864,"[201511, 201516]","[4187.79, 4185.26]","[-4.666738440803078, -4.5585913751170075]",0.0036873677810994807,19.469149,0.009999999654356198,-845.5472324431067,-0.011063993733979672,-1.106399411639977,65.11101804866469,0.0,32.55547910910293,23,False,False,2025-09-30T03:30:00+00:00,2025-09-30T09:14:59.999000+00:00
ETHUSDT,15,LONG,1759228199999,1759228200000,1759246199999,4143.698574,4108.014309634579,4232.909234913552,4107.192706772653,STOP,14.272845182710311,-15.08270401289974,-10.276353525607945,-4.806350487291795,"[201540, 201541]","[4153.25, 4151.12]","[-3.52138341158426, -2.9671785376947186]",0.025797222412335025,21.179582,0.00999999981784152,-843.0791798044036,-0.011155119412557144,-1.115511961575711,69.90017138168376,0.0,34.95005616168379,20,False,False,2025-09-30T10:30:00+00:00,2025-09-30T15:29:59.999000+00:00
ETHUSDT,15,LONG,1759252499999,1759252500000,1759308299999,4105.690974,4058.179788532668,4224.468937668329,4223.624043880795,TAKE_PROFIT,18.570105733665887,-20.809603737392536,-17.925703331035212,-2.8839004063573235,"[201565, 201571]","[4091.51, 4091.0]","[-4.48485100087756, -3.407118057689569]",0.006463298055685995,15.729917,0.009999999715882205,1802.6696272208699,0.024120917946030645,2.412091863134887,52.407773559247374,0.0,26.2039620308782,62,False,False,2025-09-30T17:15:00+00:00,2025-10-01T08:44:59.999000+00:00
ETHUSDT,15,SHORT,1759376699999,1759376700000,1759420799999,4383.1232,4433.401979030721,4257.426252423198,4434.288659426527,STOP,18.385989515360425,24.332808321230914,21.31060042342714,3.0222078978037743,"[201707, 201709]","[4397.56, 4397.73]","[4.358800352534839, 4.081030975724968]",0.0005742412855452953,15.222599,0.009999999606935414,-832.5608414823481,-0.010877834162821351,-1.0877834590390505,53.68956998155775,0.0,26.844754909718215,49,False,False,2025-10-02T03:45:00+00:00,2025-10-02T15:59:59.999000+00:00
ETHUSDT,15,SHORT,1759431599999,1759431600000,1759461299999,4484.103,4537.029586673486,4351.786533316286,4537.93699259082,STOP,22.014793336742745,30.21717402075319,24.79575218522298,5.421421835530211,"[201769, 201770]","[4484.99, 4495.71]","[6.255286064244519, 5.841178127021717]",0.031196645709199052,14.303739,0.009999999588861474,-821.6469414676582,-0.010853298849694826,-1.0853299295915773,51.61956212063241,0.0,25.809751291611082,33,False,False,2025-10-02T19:00:00+00:00,2025-10-03T03:14:59.999000+00:00
ETHUSDT,15,LONG,1759481099999,1759481100000,1759508099999,4454.480718,4414.9024734645,4553.426329338749,4552.5156440728815,TAKE_PROFIT,15.798763267749917,-9.305837481300841,-4.3478366312227354,-4.958000850078106,"[201824, 201825]","[4438.09, 4426.0]","[-6.152305385768628, -5.818676655567481]",0.040413394027813986,18.920284,0.009999999775439543,1786.6826715549746,0.023859604314380167,2.385960485017254,68.1659716629543,0.0,34.083061388745335,30,False,False,2025-10-03T08:45:00+00:00,2025-10-03T16:14:59.999000+00:00
ETHUSDT,15,LONG,1759545899999,1759545900000,1759592699999,4479.24567,4443.955469145665,4567.471172135837,4443.066678051836,STOP,14.522265427167364,-10.244822543270857,-5.157805457220597,-5.08701708605026,"[201895, 201897]","[4466.0, 4460.0]","[-5.950674442310894, -5.7730739039519055]",0.011866357612354515,21.725534,0.009999999845613698,-863.5447197660482,-0.011263159548962707,-1.1263159722850464,77.536800110488,0.0,38.76837016566202,52,False,False,2025-10-04T02:45:00+00:00,2025-10-04T15:44:59.999000+00:00
ETHUSDT,15,LONG,1759595399999,1759595400000,1759634099999,4452.320286,4409.498283600316,4559.375291999209,4558.46341694081,TAKE_PROFIT,14.250858199841948,-12.418131355493642,-7.368061146419851,-5.050070209073791,"[201936, 201947]","[4473.91, 4467.02]","[-0.9732711844653581, -0.3266762611163534]",0.3684178991774401,17.702652,0.009999999779147348,1815.2090019794173,0.023945357397811347,2.3945357926650925,63.805907256173015,0.0,31.903030064804078,43,False,False,2025-10-04T16:30:00+00:00,2025-10-05T03:14:59.999000+00:00
ETHUSDT,15,SHORT,1759636799999,1759636800000,1759651199999,4529.19398,4596.875757337699,4359.989536655753,4597.7951324891665,STOP,17.582878668849464,20.27564112651362,12.886467772192015,7.3891733543216045,"[201973, 201994]","[4492.42, 4543.64]","[4.790347517471589, 2.668082227866845]",1.7911589378039516,11.468598,0.009999999781310536,-828.6285478675555,-0.010675243676534427,-1.0675243909990764,41.86950763260601,0.0,20.934723183330323,16,False,False,2025-10-05T04:00:00+00:00,2025-10-05T07:59:59.999000+00:00
ETHUSDT,15,SHORT,1759653899999,1759653900000,1759760099999,4588.392138,4637.9160213739515,4464.582429565121,4638.843604578226,STOP,19.35301068697588,28.070900225055084,26.99720029668122,1.0736999283738626,"[202003, 202015]","[4587.99, 4614.19]","[5.833756461799517, 1.513906011455969]",1.0190363752445069,15.506232,0.009999999966527215,-839.5440087594711,-0.010932575760507851,-1.0932575797102226,57.2318632572441,0.0,28.61590148077229,118,False,False,2025-10-05T08:45:00+00:00,2025-10-06T14:14:59.999000+00:00
ETHUSDT,15,SHORT,1759762799999,1759762800000,1759771799999,4636.212572,4702.533334413867,4470.410665965333,4703.4738410807495,STOP,22.76666720693356,30.131316414532193,22.754449997217545,7.376866417314648,"[202129, 202133]","[4595.0, 4601.2]","[0.9857044567073903, 0.42305838211328783]",0.23058909631526991,11.452422,0.00999999961693625,-813.0892498284067,-0.01070511531265118,-1.0705115722725358,42.78481206010683,0.0,21.392376073570947,10,False,False,2025-10-06T15:00:00+00:00,2025-10-06T17:29:59.999000+00:00
ETHUSDT,15,SHORT,1759772699999,1759772700000,1759850099999,4691.701472,4758.430994457685,4524.877665855785,4525.782641388957,TAKE_PROFIT,23.15549722884287,40.46655489625755,37.29212023041971,3.174434665837836,"[202141, 202148]","[4692.91, 4695.0]","[9.038576055559819, 3.2371002494613847]",0.060090279706222396,11.26042,0.009999999389820258,1826.7986216051681,0.02431185194971287,2.431185343317291,41.51709698403491,0.0,20.758624054991163,86,False,False,2025-10-06T17:45:00+00:00,2025-10-07T15:14:59.999000+00:00
ETHUSDT,15,LONG,1759863599999,1759863600000,1759998599999,4463.422506,4395.482742657364,4633.27191435659,4394.603646108832,STOP,30.373628671318002,-67.41389359210552,-63.560261652036345,-3.853631940069178,"[202241, 202250]","[4452.04, 4440.45]","[-25.680621408812037, -5.386299879499177]",0.2870535176792555,11.328718,0.009999999201702232,-819.7694889140935,-0.010650915018709205,-1.0650915868969442,40.140032125546426,0.0,20.06998568039437,150,False,False,2025-10-07T19:00:00+00:00,2025-10-09T08:29:59.999000+00:00
ETHUSDT,15,LONG,1760021999999,1760022000000,1760109299999,4344.538734,4261.240709466312,4552.783795334219,4260.388461324419,STOP,26.3246452668437,-19.14097590473284,-17.170596220888523,-1.9703796838443175,"[202403, 202426]","[4316.59, 4303.0]","[-11.30382895590746, -1.977877561922952]",0.4351110889945012,9.141546,0.009999999166547884,-800.7285236894473,-0.010515523836689824,-1.0515524713108455,31.464935113083666,0.0,15.732437415295786,97,False,False,2025-10-09T15:00:00+00:00,2025-10-10T15:14:59.999000+00:00
ETHUSDT,15,LONG,1760126399999,1760126400000,1760129999999,3995.788998,3912.344376202867,4204.4005524928325,3911.5619073276266,STOP,39.05281189856651,-93.88143868371753,-85.84520711765182,-8.036231566065709,"[202541, 202542]","[3950.0, 3947.77]","[-11.890310101800225, -8.907257116649106]",0.014532286777656627,9.029527,0.009999999526321421,-789.0906447568976,-0.010472817182572288,-1.0472817678647226,28.559855399252097,0.0,14.27989784959039,4,False,False,2025-10-10T20:00:00+00:00,2025-10-10T20:59:59.999000+00:00
ETHUSDT,15,LONG,1760132699999,1760132700000,1762277399999,3822.96444,3380.6451723909413,4928.762609022647,3379.969043356463,STOP,106.8974138045294,-142.71045310914133,-112.5479490034765,-30.162504105664823,"[202542, 202547]","[3947.77, 3831.55]","[-8.907257116649106, -8.317240584003656]",0.1632552043733478,1.685602,0.009999995270169924,-751.5704382073043,-0.010080419095351812,-1.0080423863221009,4.856511634165049,0.0,2.428226045654503,2383,False,False,2025-10-10T21:45:00+00:00,2025-11-04T17:29:59.999000+00:00
ETHUSDT,15,LONG,1762289099999,1762289100000,1762292699999,3215.472966,3056.168153509952,3613.7349972251195,3055.55691987925,STOP,45.47092324502392,-93.07077765031363,-75.51336351675289,-17.55741413356074,"[204943, 204944]","[3225.0, 3215.88]","[-18.63230222342291, -18.379811168216193]",0.0032867444246641323,4.632998,0.009999999827579622,-752.5121894130292,-0.010195828533724928,-1.019582870952179,11.621467567687517,0.0,5.8107043806430605,4,False,False,2025-11-04T20:45:00+00:00,2025-11-04T21:44:59.999000+00:00
ETHUSDT,15,LONG,1762293599999,1762293600000,1763408699999,3214.422756,2997.0962650095435,3757.738983476141,2996.4968457565415,STOP,53.73686749522827,-101.26822400159017,-92.33870664894326,-8.929517352646911,"[204945, 204950]","[3122.67, 3055.0]","[-20.03775475978901, -16.017032616299318]",0.27720176485231024,3.361457,0.009999998438635235,-740.8996721379498,-0.010141894928021257,-1.0141896511541244,8.351095668704696,0.0,4.175518699430037,1239,False,False,2025-11-04T22:00:00+00:00,2025-11-17T19:44:59.999000+00:00
ETHUSDT,15,LONG,1763411399999,1763411400000,1763574299999,2988.557592,2897.412492653086,3216.420340367286,2896.833010154555,STOP,32.55375367345718,-55.580836791226375,-46.65648700993291,-8.924349781293465,"[206188, 206189]","[3013.65, 3005.07]","[-9.62698343935547, -9.359099729648975]",0.007792301161732546,7.933775,0.009999999153730683,-746.3995402606887,-0.010321863797265894,-1.032186467077363,18.6773459298435,0.0,9.338644229579748,181,False,False,2025-11-17T20:30:00+00:00,2025-11-19T17:44:59.999000+00:00
ETHUSDT,15,LONG,1763575199999,1763575200000,1763658899999,2921.774238,2844.284677522086,3115.4981391947854,2843.7158205865817,STOP,29.792661238957052,-49.4022953610438,-36.64816712114835,-12.75412823989545,"[206373, 206374]","[2911.0, 2895.0]","[-14.992190734335196, -13.930611231373518]",0.03750689216738161,9.235576,0.00999999928228682,-742.2134951066785,-0.010371023809314837,-1.037102455365694,21.29904864532833,0.0,10.649495912066143,93,False,False,2025-11-19T18:00:00+00:00,2025-11-20T17:14:59.999000+00:00
ETHUSDT,15,LONG,1763666999999,1763667000000,1763711099999,2837.877462,2741.268092407245,3079.4008859818873,2740.7198387887634,STOP,32.035953796377505,-60.82430623773462,-56.55737148083264,-4.266934756901975,"[206475, 206476]","[2804.71, 2788.01]","[-9.165734074040074, -7.741560431283325]",0.08263689409727393,7.330951,0.009999998774596014,-728.616344422363,-0.010287723682634413,-1.028772494329633,16.358569384325875,0.0,8.179256529022197,49,False,False,2025-11-20T19:30:00+00:00,2025-11-21T07:44:59.999000+00:00
ETHUSDT,15,LONG,1763712899999,1763712900000,1763728199999,2742.218334,2641.59994176381,2993.764314590475,2641.071621775457,STOP,31.700029118094978,-34.47215611479896,-27.11422671019913,-7.357929404599833,"[206507, 206525]","[2768.86, 2753.33]","[-5.898637758632415, -3.3312532801748667]",0.2920659214182837,6.966444,0.009999998814676468,-719.6338617014611,-0.010266514269078432,-1.026651548599267,15.00095520506888,0.0,7.500449717236169,17,False,False,2025-11-21T08:15:00+00:00,2025-11-21T12:29:59.999000+00:00
ETHUSDT,15,SHORT,1763738099999,1763738100000,1763872199999,2740.221846,2844.428118791007,2479.706164022483,2844.997004414765,STOP,33.75405939550345,-4.216059305010731,-14.208652426871428,9.992593121860697,"[206551, 206554]","[2768.8, 2776.5]","[11.924085785172618, 10.603280470642623]",0.026374678676816986,6.657527,0.009999999067734515,-712.416944194594,-0.010268982193945559,-1.0268983151287416,14.873498119018103,0.0,7.436721455240067,149,False,False,2025-11-21T15:15:00+00:00,2025-11-23T04:29:59.999000+00:00
ETHUSDT,15,SHORT,1763873099999,1763873100000,1763950499999,2819.9359,2857.3817279557056,2726.321330110736,2857.953204301297,STOP,13.69086397785276,22.005189137135858,20.826297619857524,1.178891517278334,"[206704, 206705]","[2834.62, 2850.94]","[2.577980323969456, 2.1421381871428125]",0.19708991532073125,18.336674,0.009999999562703442,-738.7563559371646,-0.010759131358738738,-1.075913182923187,41.64544060548995,0.0,20.82269325121609,86,False,False,2025-11-23T04:45:00+00:00,2025-11-24T02:14:59.999000+00:00
ETHUSDT,15,SHORT,1763954099999,1763954100000,1764005399999,2839.38201,2887.712911469237,2718.5547563269074,2888.290454051531,STOP,19.856455734618528,5.434612188261781,-0.9040774964240212,6.338689684685802,"[206775, 206792]","[2843.99, 2859.94]","[2.6405823767605616, 2.622875924088361]",0.005094539462786703,14.054039,0.009999999525990183,-719.5599530051359,-0.010593535202903915,-1.0593535705047907,32.19877287560252,0.0,16.09935958732844,57,False,False,2025-11-24T03:15:00+00:00,2025-11-24T17:29:59.999000+00:00
ETHUSDT,15,SHORT,1764012599999,1764012600000,1764179999999,2970.925696,3020.123643502164,2847.930827244589,3020.7276682308648,STOP,21.626821751082126,46.735950537587996,34.84164430575423,11.894306231833767,"[206859, 206860]","[2963.0, 2978.99]","[12.583840633958758, 12.581647022463777]",0.0001244924468759548,13.660098,0.00999999966457501,-713.0384501218596,-0.010609920632032092,-1.0609920987915356,32.73862885496932,0.0,16.369287870263324,186,False,False,2025-11-24T19:30:00+00:00,2025-11-26T17:59:59.999000+00:00
ETHUSDT,15,LONG,1764250199999,1764250200000,1764338399999,2999.469774,2965.54989251351,3084.2694777162255,3083.652623820682,TAKE_PROFIT,10.745053743245078,-8.175003878907319,-3.758921886690734,-4.416081992216585,"[207095, 207121]","[3015.26, 3008.05]","[-4.4427586987174585, -1.4923642103744374]",0.5137375365798652,19.602616,0.009999999837961761,1602.5060338423098,0.024100791616697582,2.4100792007222567,47.69804497819123,0.0,23.849089451222344,98,False,False,2025-11-27T13:30:00+00:00,2025-11-28T13:59:59.999000+00:00
ETHUSDT,15,SHORT,1764341999999,1764342000000,1764440099999,3064.846908,3105.8081010602314,2962.443925349422,2963.0364141344917,TAKE_PROFIT,18.16405053011561,12.47695870646703,9.59236913221189,2.8845895742551413,"[207225, 207226]","[3094.99, 3099.0]","[4.705062263323027, 3.2449955733556504]",0.06892057185800234,16.624112,0.009999999683220212,1652.4257698074823,0.024266709527167047,2.426671029588738,40.08328298803835,0.0,20.041709996049686,109,False,False,2025-11-28T15:00:00+00:00,2025-11-29T18:14:59.999000+00:00
ETHUSDT,15,LONG,1764441899999,1764441900000,1764548099999,2991.89826,2945.6794747725467,3107.445223068633,2945.0903388775923,STOP,12.270262613726583,-7.266228148985647,-5.782696967705563,-1.4835311812800835,"[207305, 207334]","[2982.3, 2965.98]","[-0.2097511779289043, -0.13046339523478911]",0.6489123841995468,15.090568,0.009999999727534107,-742.1951287029642,-0.010641282539092729,-1.064128282903139,35.83701206663481,0.0,17.91847849573188,118,False,False,2025-11-29T18:45:00+00:00,2025-12-01T00:14:59.999000+00:00
ETHUSDT,15,LONG,1764552599999,1764552600000,1764593999999,2846.189124,2796.572461076189,2970.230781309528,2796.0131465839736,STOP,22.068769461905575,-53.48250394607294,-30.795896927828615,-22.686607018244324,"[207445, 207453]","[3013.04, 3006.64]","[-2.7478448610382213, -2.1798318407198622]",0.12549054540333335,13.907541,0.009999999780119208,-729.2121268918369,-0.01056759041854052,-1.056759065090154,31.387663763375883,0.0,15.6938045964616,46,False,False,2025-12-01T01:30:00+00:00,2025-12-01T12:59:59.999000+00:00
ETHUSDT,15,SHORT,1764633599999,1764633600000,1764682199999,2796.920504,2838.9469055684754,2691.8545000788117,2839.514694949589,STOP,16.33845278423764,9.03322803331639,2.797624823040077,6.235603210276314,"[207544, 207550]","[2812.68, 2818.0]","[9.994511753306664, 7.609341577320448]",0.07512103177597577,16.245827,0.00999999972924395,-728.6052778275265,-0.010671568856968995,-1.0671569145908184,36.62742045553824,0.0,18.313683281202156,54,False,False,2025-12-02T00:00:00+00:00,2025-12-02T13:29:59.999000+00:00
ETHUSDT,15,SHORT,1764697499999,1764697500000,1764743399999,3019.725934,3077.4674563439326,2875.372128140168,3078.0829498352014,STOP,23.73372817196637,65.363375306933,56.099362022004364,9.26401328492863,"[207615, 207621]","[3026.04, 3034.94]","[20.317967368644172, 10.681434325652809]",0.17208193375395106,11.698126,0.009999999834033038,-711.2008988829921,-0.010529015500767928,-1.0529015675514803,28.533174658809422,0.0,14.266560593358165,51,False,False,2025-12-02T17:45:00+00:00,2025-12-03T06:29:59.999000+00:00
ETHUSDT,15,SHORT,1764744299999,1764744300000,1764773099999,3061.53757,3113.2670115333926,2932.2139661665187,3113.8896649356993,STOP,15.383505766696276,23.2174511194753,21.724443425831883,1.493007693643417,"[207668, 207672]","[3069.46, 3077.14]","[1.5693323192374748, 1.4482127246589656]",0.041152789034379744,12.920216,0.00999999928388364,-708.3155161288009,-0.010597883966787526,-1.0597884725719389,31.915141507060792,0.0,15.957544335817184,32,False,False,2025-12-03T06:45:00+00:00,2025-12-03T14:44:59.999000+00:00
ETHUSDT,15,SHORT,1764800999999,1764801000000,1764803699999,3159.368,3208.6454925842445,3036.174268539389,3209.2872216827614,STOP,20.31274629212229,23.843609638273392,21.157164171428896,2.6864454668444964,"[207706, 207731]","[3145.14, 3161.62]","[2.3210962816638734, 0.24711561086790468]",0.728342055147978,13.41936,0.00999999942555833,-704.0693175350377,-0.010647189620663591,-1.0647190232282564,34.185310854256315,0.0,17.09262931547306,3,False,False,2025-12-03T22:30:00+00:00,2025-12-03T23:14:59.999000+00:00
ETHUSDT,15,SHORT,1764812699999,1764812700000,1764875699999,3215.25682,3266.585351244719,3086.9354918882027,3087.5528789865803,TAKE_PROFIT,23.3976756223595,32.67838090436953,29.991951968022097,2.6864289363474363,"[207748, 207749]","[3237.96, 3239.27]","[3.546013252361945, 2.905036035049669]",0.009887774835261442,12.745966,0.009999999333247333,1595.5759309719538,0.024388542931492334,2.438854455760505,32.13415925110127,0.0,16.06714537664006,70,False,False,2025-12-04T01:45:00+00:00,2025-12-04T19:14:59.999000+00:00
ETHUSDT,15,SHORT,1764905399999,1764905400000,1764951299999,3171.975478,3209.478828499957,3078.2171017501073,3078.832745170457,TAKE_PROFIT,13.494414249978577,10.49663258384453,5.6088289642734654,4.887803619571065,"[207850, 207852]","[3188.0, 3192.72]","[6.642803018154223, 6.082129116782205]",0.02939601983210216,17.87007,0.009999999726387723,1619.7862034533764,0.024169149116501108,2.4169149777798715,44.680952201852676,0.0,22.340543573234307,51,False,False,2025-12-05T03:30:00+00:00,2025-12-05T16:14:59.999000+00:00
ETHUSDT,15,LONG,1764956699999,1764956700000,1765117799999,3018.313542,2949.7566166170586,3189.7058554573528,2949.1666652937356,STOP,27.721691691470575,-36.77758825797264,-26.07895908804555,-10.698629169927088,"[207898, 207904]","[3081.09, 3051.0]","[-2.904395912781448, -1.603952480692449]",0.5355767564429539,10.011904,0.009999999656588165,-716.190227065887,-0.010434229063373945,-1.0434229421697732,23.89833558292999,0.0,11.94914057775496,179,False,False,2025-12-05T17:45:00+00:00,2025-12-07T14:29:59.999000+00:00
ETHUSDT,15,LONG,1765120499999,1765120500000,1765129499999,2960.371956,2898.941476967523,3113.9481535811924,3113.325363950476,TAKE_PROFIT,19.77926151623844,-23.546596209001564,-11.872291234364452,-11.674304974637112,"[208071, 208088]","[3023.25, 3021.06]","[-1.390757438714454, -1.2068939107255652]",0.03333176096703828,11.056783,0.009999999992319897,1664.3104195091378,0.024503134482691126,2.4503134501509787,26.862221309749593,0.0,13.431178839027583,10,False,False,2025-12-07T15:15:00+00:00,2025-12-07T17:44:59.999000+00:00
ETHUSDT,15,SHORT,1765173599999,1765173600000,1765185299999,3128.594156,3168.9332003024524,3027.746545243869,3169.566986942513,STOP,15.80660015122616,17.29211774191708,14.665595732994829,2.6265220089222527,"[208146, 208150]","[3137.02, 3140.15]","[3.4609437123395637, 3.157671125508836]",0.016835529003284156,17.250447,0.009999999494230876,-750.2580866112929,-0.010781636985224738,-1.0781637530526675,43.458437997515695,0.0,21.729191595939568,13,False,False,2025-12-08T06:00:00+00:00,2025-12-08T09:14:59.999000+00:00
ETHUSDT,15,LONG,1765210499999,1765210500000,1765295999999,3098.779632,3044.8533187598455,3233.595415100386,3232.9486960173663,TAKE_PROFIT,22.92334062007724,-8.706434566189728,-1.0221724956383165,-7.684262070551411,"[208178, 208188]","[3121.8, 3093.4]","[-5.13185120691109, -4.1271602197022155]",0.25401068259739595,12.7649,0.009999999938702082,1680.3251337015533,0.024410415615291288,2.4410415764922053,32.32955157372355,0.0,16.164844939642983,95,False,False,2025-12-08T16:15:00+00:00,2025-12-09T15:59:59.999000+00:00
ETHUSDT,15,LONG,1765369799999,1765369800000,1765392299999,3313.432554,3281.825188068205,3392.450968829487,3391.772478635721,TAKE_PROFIT,13.397405965897397,-0.7549063620454035,1.5483060425634867,-2.30321240460889,"[208366, 208367]","[3300.0, 3295.56]","[-2.873014841708347, -2.443249884367725]",0.04777971935231766,22.310218,0.009999999615812044,1687.942962321388,0.02393677469968389,2.393677561930598,59.83783440512002,0.0,29.918988310551413,25,False,False,2025-12-10T12:30:00+00:00,2025-12-10T18:44:59.999000+00:00
ETHUSDT,15,SHORT,1765399499999,1765399500000,1765422899999,3396.010662,3477.126332930119,3193.221484674702,3193.860128971637,TAKE_PROFIT,35.43816646505957,23.963652986252328,20.573141569499906,3.390511416752421,"[208400, 208401]","[3441.08, 3446.12]","[5.460226304967712, 4.519632940254002]",0.023788249826479632,8.901444,0.009999998909320908,1775.967902996895,0.024596303114254793,2.459630579692244,23.463746325227895,0.0,11.731945609157744,26,False,False,2025-12-10T20:45:00+00:00,2025-12-11T03:14:59.999000+00:00
ETHUSDT,15,LONG,1765424699999,1765424700000,1765554299999,3181.046082,3120.6611593943667,3332.0083885140834,3120.037027162488,STOP,24.344420302816687,-51.729204681906594,-39.8681802119681,-11.861024469938492,"[208426, 208427]","[3207.39, 3205.03]","[-11.45922797726358, -11.268555572945012]",0.00167324049942457,12.251507,0.00999999921477292,-778.3319679329595,-0.010520752590439367,-1.0520753416557416,30.879105527794394,0.0,15.43952348336364,144,False,False,2025-12-11T03:45:00+00:00,2025-12-12T15:44:59.999000+00:00
ETHUSDT,15,SHORT,1765668599999,1765668600000,1765712699999,3111.757524,3132.0379607909617,3061.0564320225953,3061.668643309,TAKE_PROFIT,8.66898039548089,1.5834451479104246,0.3151194200706345,1.2683257278397901,"[208695, 208696]","[3113.95, 3118.99]","[0.364476299440494, 0.28864461430355026]",0.11024465658351745,36.095033,0.009999999929162543,1718.8277929818726,0.023480514930513743,2.348051509684374,89.13200849283275,0.0,44.566078347451565,49,False,False,2025-12-13T23:30:00+00:00,2025-12-14T11:44:59.999000+00:00
ETHUSDT,15,LONG,1765714499999,1765714500000,1765755899999,3087.407358,3043.5110063833504,3197.148237041624,3042.9023041820737,STOP,12.66949680832479,-8.424808269247478,-5.01668812595499,-3.4081201432924884,"[208750, 208751]","[3060.32, 3048.32]","[-3.9205941200848686, -3.8705071270957188]",0.013182414499000003,17.067735,0.009999999713302959,-801.4526650379288,-0.010697284536681213,-1.0697284843369204,41.85220031282526,0.0,20.926070609436866,46,False,False,2025-12-14T12:15:00+00:00,2025-12-14T23:44:59.999000+00:00
ETHUSDT,15,SHORT,1765796399999,1765796400000,1765810799999,3158.088256,3182.204725315671,3097.7970827108225,3098.4166421273644,TAKE_PROFIT,11.737362657835535,16.8540541609932,14.95026587009878,1.9037882908944201,"[208841, 208842]","[3173.95, 3177.0]","[2.6391719902976156, 2.2119874735169702]",0.040340199778577654,30.73405,0.009999999758258753,1757.035270596557,0.023705381489746043,2.3705382062802904,76.91509374571653,0.0,38.45762176917771,16,False,False,2025-12-15T11:00:00+00:00,2025-12-15T14:59:59.999000+00:00
ETHUSDT,15,LONG,1765817999999,1765818000000,1765824299999,2988.077496,2918.3341458440823,3162.435871389794,2917.7504790149133,STOP,24.73792707795886,-47.537460826379174,-31.593945384190167,-15.943515442189007,"[208862, 208866]","[2985.0, 2966.32]","[-19.500560167501284, -17.803213434606537]",0.06567334005926664,10.879419,0.009999999794599626,-790.8178756337167,-0.01042240536474758,-1.0422405578824179,25.70079083284351,0.0,12.850365325752977,7,False,False,2025-12-15T17:00:00+00:00,2025-12-15T18:44:59.999000+00:00
ETHUSDT,15,LONG,1765825199999,1765825200000,1765988999999,2936.747232,2862.9451964330024,3121.2523209174938,2862.372607393716,STOP,24.95240178349875,-62.975804932171286,-55.19845898342406,-7.777345948747225,"[208873, 208874]","[2922.24, 2890.51]","[-11.041092129433856, -10.327597723596845]",0.08306135755219904,10.17396,0.009999999895299877,-780.2844610718295,-0.010391891111110146,-1.0391891219913374,23.600005312479237,0.0,11.799972860860303,182,False,False,2025-12-15T19:00:00+00:00,2025-12-17T16:29:59.999000+00:00
ETHUSDT,15,LONG,1765999799999,1765999800000,1766066399999,2804.080704,2744.366250292279,2953.366838269303,2952.7761649016493,TAKE_PROFIT,26.051874853860618,-39.49807363277159,-29.84903879301766,-9.649034839753934,"[209058, 209066]","[2832.67, 2817.34]","[-13.053882216733076, -9.092354567210268]",0.17205732391361112,12.443488,0.009999999557376509,1821.6360316377832,0.024515456909467465,2.451545799457923,28.6541517463581,0.0,14.327150457872403,74,False,False,2025-12-17T19:30:00+00:00,2025-12-18T13:59:59.999000+00:00
ETHUSDT,15,SHORT,1766069099999,1766069100000,1766362499999,2927.854312,3040.4071180438127,2646.472296890468,3041.0151994674216,STOP,26.293559021906425,31.86700152250387,22.11270582803225,9.754295694471619,"[209143, 209144]","[2979.67, 2994.91]","[11.280429340403158, 10.969006586564376]",0.020084918237128997,6.763691,0.009999998948062732,-781.533911713367,-0.010266152144803845,-1.0266153224738763,16.148635597954637,0.0,8.074287506537775,326,False,False,2025-12-18T14:45:00+00:00,2025-12-22T00:14:59.999000+00:00
ETHUSDT,15,SHORT,1766365199999,1766365200000,1766407499999,3020.225834,3067.703919122486,2901.530621193785,3068.3174599063104,STOP,15.351959561242968,13.800461344123505,8.861113891255842,4.939347452867663,"[209452, 209468]","[2996.63, 3011.34]","[2.0124502297872744, 1.154371540391229]",0.6828947996822528,15.869577,0.009999999806712385,-801.8428030235801,-0.010642181991311577,-1.0642182197011778,38.64904264819193,0.0,19.32449156932521,47,False,False,2025-12-22T01:00:00+00:00,2025-12-22T12:44:59.999000+00:00
ETHUSDT,15,LONG,1766503799999,1766503800000,1766979899999,2924.5848,2884.081835944375,3025.8422101390624,3025.2370416970343,TAKE_PROFIT,14.884082027812465,-15.73934802058784,-11.620814709421063,-4.118533311166777,"[209593, 209622]","[2945.0, 2929.0]","[-4.137441831163887, -0.4660199039066786]",1.4345356885100382,18.404547,0.009999999884686122,1808.6574026775756,0.024262992627447418,2.42629929072334,43.80151029085585,0.0,21.90083011981765,529,False,False,2025-12-23T15:30:00+00:00,2025-12-29T03:44:59.999000+00:00
ETHUSDT,15,LONG,1767012299999,1767012300000,1767190499999,2928.415566,2896.293995456292,3008.719492359269,3008.1177484607974,TAKE_PROFIT,14.573002271853849,-22.875812375603346,-14.346901250740043,-8.528911124863303,"[210183, 210192]","[2955.36, 2911.65]","[-9.346781827008318, -8.59157495682542]",0.25234520357450835,23.769861,0.009999999721055055,1838.065569807151,0.024073407890433097,2.4073408561948657,56.444228682640976,0.0,28.22219125060008,198,False,False,2025-12-29T12:45:00+00:00,2025-12-31T14:14:59.999000+00:00
ETHUSDT,15,SHORT,1767192299999,1767192300000,1767325499999,2996.430594,3029.9770807374207,2912.5643771564487,3030.583076153568,STOP,9.488540368710234,8.458170142463132,7.075598761357723,1.382571381105409,"[210383, 210392]","[3002.01, 3027.73]","[3.1458176633834016, 1.8033176967008462]",1.2607825858529735,23.308132,0.009999999962785751,-852.2219342389036,-0.010899289625096925,-1.0899289665657812,56.191372075897526,0.0,28.095655320552492,148,False,False,2025-12-31T14:45:00+00:00,2026-01-02T03:44:59.999000+00:00
ETHUSDT,15,SHORT,1767327299999,1767327300000,1767345299999,3017.406398,3040.168846076142,2960.500277809645,3040.776879845357,STOP,8.504423038070955,7.981080607347849,5.781076847069075,2.200003760278774,"[210527, 210540]","[3008.56, 3016.38]","[1.644365793360218, 0.35400693999696653]",0.8756215240053256,33.976298,0.009999999928432209,-876.3763117361203,-0.011331713920055187,-1.1331714001153763,82.33385615467625,0.0,41.16689796231582,20,False,False,2026-01-02T04:15:00+00:00,2026-01-02T09:14:59.999000+00:00
ETHUSDT,15,SHORT,1767351599999,1767351600000,1767365999999,3055.498778,3081.623843647615,2990.1861138809622,3082.2401684163447,STOP,10.371921823807545,15.258438581714472,12.4136174695951,2.844821112119373,"[210568, 210569]","[3067.71, 3068.97]","[3.1332553569160346, 3.086400675230923]",0.0017361763733978579,29.267676,0.009999999939722068,-854.5132924375972,-0.011175660269234985,-1.1175660336599553,71.85494194251797,0.0,35.92744110202261,16,False,False,2026-01-02T11:00:00+00:00,2026-01-02T14:59:59.999000+00:00
ETHUSDT,15,SHORT,1767374999999,1767375000000,1767575699999,3131.043666,3191.156117948642,2980.7625361283945,3191.7943491722317,STOP,21.078058974321078,29.338339331748557,21.6686936512749,7.669645680473657,"[210569, 210587]","[3068.97, 3112.15]","[3.086400675230923, 0.5016783029233469]",2.105788027059796,12.577674,0.009999999939330902,-795.9129263414759,-0.010526906812660336,-1.0526906876526132,31.810638123857355,0.0,15.905289134048713,223,False,False,2026-01-02T17:30:00+00:00,2026-01-05T01:14:59.999000+00:00
ETHUSDT,15,SHORT,1767578399999,1767578400000,1767644099999,3195.8607,3244.9070249371703,3073.2448876570743,3245.5560063421576,STOP,15.938512468585124,16.929655022354382,9.431798090679719,7.497856931674663,"[210804, 210816]","[3155.0, 3162.93]","[1.8880001485817972, 1.1701123697367897]",0.30635521788236525,15.253246,0.009999999470513497,-797.31573812643,-0.01065765280557334,-1.06576533698817,39.301005444138674,0.0,19.65047318749896,73,False,False,2026-01-05T02:00:00+00:00,2026-01-05T20:14:59.999000+00:00
ETHUSDT,15,SHORT,1767744899999,1767744900000,1767795299999,3285.432782,3323.9675663862254,3189.0958210344365,3189.733640198643,TAKE_PROFIT,14.08878319311272,16.111718773446682,12.337398785481685,3.774319987964997,"[210998, 211007]","[3299.99, 3301.64]","[7.261497148032939, 4.714858007504617]",0.040476702117919726,19.207128,0.009999999922522882,1788.3579259518203,0.024162344747510132,2.416234493471302,49.74774011698855,0.0,24.873944577678703,56,False,False,2026-01-07T00:15:00+00:00,2026-01-07T14:14:59.999000+00:00
ETHUSDT,15,LONG,1767801599999,1767801600000,1767814199999,3164.162706,3125.116232812798,3261.7788889680046,3124.4912095662357,STOP,16.446883593600926,-22.71824247904351,-17.993087130778505,-4.725155348265005,"[211048, 211064]","[3194.28, 3186.64]","[-6.366733631630067, -0.32024986033371583]",0.6133270862464616,19.413433,0.009999999603621534,-818.9936826066374,-0.01080429367475325,-1.0804294103012202,48.83374458001311,0.0,24.41684246028273,14,False,False,2026-01-07T16:00:00+00:00,2026-01-07T19:29:59.999000+00:00
ETHUSDT,15,SHORT,1767839399999,1767839400000,1767881699999,3167.326408,3204.9382071291348,3073.2969101771628,3073.911569559198,TAKE_PROFIT,12.009103564567482,3.341192067568045,0.263272261448414,3.077919806119631,"[211101, 211112]","[3181.81, 3183.68]","[5.397113294589948, 4.076427095306128]",0.040510418879445884,19.936195,0.009999999698771118,1812.565820104514,0.024172824118011353,2.4172824846166656,49.77061494481032,0.0,24.88538296127788,47,False,False,2026-01-08T02:30:00+00:00,2026-01-08T14:14:59.999000+00:00
ETHUSDT,15,LONG,1767885299999,1767885300000,1768342499999,3084.336744,3029.7278042160983,3220.8590934597546,3220.2149216410626,TAKE_PROFIT,17.811097891950904,-17.185595631293836,-14.950364401244622,-2.235231230049214,"[211162, 211163]","[3055.0, 3052.43]","[-3.6168014055371636, -3.255064945334155]",0.01490848534232902,14.062932,0.00999999953442432,1875.3813799044244,0.02442024168456218,2.4420242821509293,35.4641925457588,0.0,17.732173415989234,508,False,False,2026-01-08T15:15:00+00:00,2026-01-13T22:14:59.999000+00:00
ETHUSDT,15,LONG,1768393799999,1768393800000,1768402799999,3293.90865,3269.5807306818656,3354.728448295336,3354.0575026056767,TAKE_PROFIT,10.694634659067155,-7.964645602902692,-2.3223023629460418,-5.64234323995665,"[211727, 211728]","[3281.59, 3280.0]","[-7.041805930133999, -6.294655707460205]",0.015331897561586197,32.337975,0.009999999877786322,1859.0993865435348,0.023631147690948904,2.3631147979753853,85.99270529752343,0.0,42.996432172302676,10,False,False,2026-01-14T12:30:00+00:00,2026-01-14T14:59:59.999000+00:00
ETHUSDT,15,LONG,1768442399999,1768442400000,1768447799999,3324.174702,3292.489560359868,3403.3875561003306,3291.831062447796,STOP,14.40521982006609,-7.507807736859377,-2.434925452954097,-5.07288228390528,"[211781, 211782]","[3322.14, 3315.03]","[-5.495196681823937, -5.246467996352665]",0.02148830934030356,25.415908,0.009999999934193359,-889.3036847786519,-0.011043044094651424,-1.1043044167321987,67.26071753466994,0.0,33.63032723082937,6,False,False,2026-01-15T02:00:00+00:00,2026-01-15T03:29:59.999000+00:00
ETHUSDT,15,SHORT,1768468499999,1768468500000,1768470299999,3329.334,3357.3699579995873,3259.244105001032,3358.041431991187,STOP,9.95997899979363,0.8875993923152237,-2.870377115016616,3.75797650733184,"[211807, 211811]","[3333.93, 3337.88]","[4.710173988431596, 4.000301914006284]",0.058540421363282066,28.406862,0.009999999706030098,-891.474999363545,-0.01119361829615313,-1.119361862521183,75.98694041550561,0.0,37.993439107968015,2,False,False,2026-01-15T09:15:00+00:00,2026-01-15T09:44:59.999000+00:00
ETHUSDT,15,SHORT,1768473899999,1768473900000,1768492799999,3365.856694,3395.3065048559906,3292.232166860023,3292.8906132933953,TAKE_PROFIT,12.078252427995364,13.068621516566964,6.63512795719268,6.433493559374284,"[211815, 211817]","[3373.62, 3377.78]","[7.062216407383686, 6.770502058598176]",0.013851349541790266,26.74037,0.009999999687219988,1879.9170488510626,0.023871996981081514,2.3871997727749887,71.22294669341163,0.0,35.61155281676775,21,False,False,2026-01-15T10:45:00+00:00,2026-01-15T15:59:59.999000+00:00
ETHUSDT,15,LONG,1768504499999,1768504500000,1768781699999,3289.247718,3234.576437043918,3425.9259203902056,3233.929521756509,STOP,20.341781478041135,-17.062143246222604,-11.74987549975843,-5.312267746464174,"[211839, 211850]","[3282.07, 3266.0]","[-5.97875778947005, -5.538384908715397]",0.056173958660505584,14.748109,0.009999999713143488,-854.3205994656959,-0.010595593237378135,-1.0595593541319637,38.48181158329925,0.0,19.240873927733066,308,False,False,2026-01-15T19:15:00+00:00,2026-01-19T00:14:59.999000+00:00
ETHUSDT,15,SHORT,1768823999999,1768824000000,1768886099999,3221.535564,3246.752194244133,3158.493988389667,3159.1256871873447,TAKE_PROFIT,8.546097122066596,-2.357679506643308,-6.943890758977804,4.586211252334496,"[212193, 212205]","[3221.0, 3229.0]","[4.882342304927466, 4.529901413074569]",0.06733594497534258,31.63606,0.009999999994443901,1893.6590145648686,0.02373735574476644,2.373735575795515,80.74359287289516,0.0,40.37187702742696,69,False,False,2026-01-19T12:00:00+00:00,2026-01-20T05:14:59.999000+00:00
ETHUSDT,15,LONG,1768897799999,1768897800000,1768919399999,3111.012078,3069.7580318283713,3214.1471934290726,3069.1440802220054,STOP,14.780984085814477,-26.018921846144167,-21.246623075799125,-4.772298770345042,"[212283, 212288]","[3106.66, 3088.34]","[-6.342660624670966, -5.241897085288066]",0.21552620810468706,19.796637,0.009999999496148453,-877.7840771548205,-0.010748050705798642,-1.0748051247340866,48.93852322705424,0.0,24.46922943847414,24,False,False,2026-01-20T08:30:00+00:00,2026-01-20T14:29:59.999000+00:00
ETHUSDT,15,LONG,1768931999999,1768932000000,1768949099999,2998.99968,2944.3984889952085,3135.502657511979,2943.809609297409,STOP,19.32575550239587,-37.007491543122796,-34.05610140455922,-2.951390138563575,"[212316, 212326]","[2990.91, 2982.42]","[-5.961541469776233, -3.484652589041694]",0.184612704559436,14.796629,0.009999999864310825,-851.8004183786,-0.010543212076112625,-1.0543212219172602,35.173417708594975,0.0,17.586676892684537,19,False,False,2026-01-20T18:00:00+00:00,2026-01-20T22:44:59.999000+00:00
ETHUSDT,15,SHORT,1768969799999,1768969800000,1768997699999,2980.163848,3006.338669420116,2914.7267944497107,2915.3097398086006,TAKE_PROFIT,12.189334710057894,-5.887871404025191,-11.58950298861391,5.7016315845887195,"[212366, 212368]","[2983.7, 2984.45]","[5.889249770496642, 5.731777379075762]",0.0016068939245707477,30.540631,0.009999999867998832,1908.664793741407,0.02387634930845927,2.387634962362988,72.02059336620343,0.0,36.010377350932295,31,False,False,2026-01-21T04:30:00+00:00,2026-01-21T12:14:59.999000+00:00
ETHUSDT,15,LONG,1769000399999,1769000400000,1769013899999,2930.505984,2887.045231211645,3039.157865970888,2886.4678221654026,STOP,13.747384394177631,-15.418626829286495,-10.226886152122644,-5.1917406771638515,"[212391, 212399]","[2947.0, 2935.0]","[-1.7494418982403621, -1.1601934305630754]",0.3809712552297385,18.832674,0.009999999610077104,-873.1760139334392,-0.010668234343518096,-1.0668234759496995,43.819668543220885,0.0,21.909801973748706,15,False,False,2026-01-21T13:00:00+00:00,2026-01-21T16:44:59.999000+00:00
ETHUSDT,15,LONG,1769017499999,1769017500000,1769370299999,2897.049294,2815.5339194534426,3100.8377303663938,2814.970812669552,STOP,28.91304027327873,-18.874514313778036,-8.221149370927149,-10.653364942850887,"[212401, 212418]","[2900.31, 2886.0]","[-5.562572916956155, -2.6919030436041753]",0.2884266917344469,9.933714,0.009999999462989309,-838.0407887317733,-0.010349370939163518,-1.0349371494935833,22.696629640761927,0.0,11.348282660545907,392,False,False,2026-01-21T17:45:00+00:00,2026-01-25T19:44:59.999000+00:00
ETHUSDT,15,LONG,1769374799999,1769374800000,1769440499999,2808.31155,2752.919630569902,2946.7913485752456,2946.2019903055307,TAKE_PROFIT,18.9451847150491,-40.323091922879485,-34.52149402788551,-5.801597894993975,"[212817, 212818]","[2788.0, 2784.15]","[-7.765494741086975, -7.4051773765248115]",0.009370114879560486,14.467273,0.009999999593742067,1961.5977966423939,0.024478052173678214,2.4478053168118543,33.30084734791865,0.0,16.650504135925246,73,False,False,2026-01-25T21:00:00+00:00,2026-01-26T15:14:59.999000+00:00
ETHUSDT,15,SHORT,1769442299999,1769442300000,1769530499999,2891.281628,2961.1279105432245,2716.665921641939,2961.7201361253333,STOP,19.638955271612225,9.506779858725167,9.267161946532342,0.23961791219282524,"[212892, 212893]","[2948.99, 2950.0]","[2.7709161389120425, 2.562688880837209]",0.004170338485696369,11.754183,0.009999999463703573,-855.4660162860929,-0.010419982607205135,-1.041998316602511,27.5189015339408,0.0,13.759418199462537,98,False,False,2026-01-26T15:45:00+00:00,2026-01-27T16:14:59.999000+00:00
ETHUSDT,15,SHORT,1769546699999,1769546700000,1769699699999,2999.99988,3054.5516681538743,2863.6204096153147,2864.193133697238,TAKE_PROFIT,19.54083407693704,22.029618741908962,16.383083324084808,5.646535417824154,"[212994, 213009]","[2997.64, 3018.0]","[9.057753677307542, 5.95599283789519]",0.35479954273623576,14.892845,0.00999999944240694,1987.6150156001293,0.02446502051942521,2.446502188357785,34.93380704123034,0.0,17.46698512124748,170,False,False,2026-01-27T20:45:00+00:00,2026-01-29T15:14:59.999000+00:00
ETHUSDT,15,LONG,1769714999999,1769715000000,1769737499999,2780.315952,2720.931674805359,2928.7766449866026,2720.387488470398,STOP,23.214162597320485,-44.5914093641336,-41.248260422130194,-3.3431489420034026,"[213182, 213194]","[2795.03, 2771.0]","[-14.52343876059481, -0.8111498004678026]",1.0522416650887219,14.01562,0.009999999305901506,-870.7728796764912,-0.010462153204257587,-1.0462153930434115,30.838307661730287,0.0,15.419120850247097,25,False,False,2026-01-29T19:30:00+00:00,2026-01-30T01:44:59.999000+00:00
ETHUSDT,15,LONG,1769789699999,1769789700000,1769797799999,2735.887068,2672.1235408160005,2895.295885959999,2671.589116107837,STOP,21.693229591999778,-4.018574862602691,-3.8772394717403182,-0.14133539086237246,"[213277, 213278]","[2706.53, 2689.0]","[-0.9389202804748393, -0.3648434838929746]",0.4754640218642902,12.916471,0.009999999485448064,-858.4408347006032,-0.010423033649669643,-1.0423034185988884,27.938203726087817,0.0,13.969069201701437,9,False,False,2026-01-30T16:15:00+00:00,2026-01-30T18:29:59.999000+00:00
ETHUSDT,15,LONG,1769946299999,1769946300000,1769957099999,2419.4838,2348.698379625761,2596.447350935598,2348.2286399498357,STOP,18.720810187119618,-11.5276607948108,-10.405250634483693,-1.1224101603271066,"[213437, 213450]","[2392.04, 2383.65]","[-4.5680979008702165, -0.0692764694512853]",0.4571599028148266,11.513887,0.009999999357989611,-842.3818218973378,-0.01033577817893103,-1.0335778842498768,21.95796091283068,0.0,10.978948078618822,12,False,False,2026-02-01T11:45:00+00:00,2026-02-01T14:44:59.999000+00:00
ETHUSDT,15,LONG,1769957999999,1769958000000,1769960699999,2372.164338,2301.2523978762933,2549.444188309267,2300.792147396718,STOP,21.278801061853343,-18.08846429359164,-14.409072421723286,-3.679391871868356,"[213451, 213463]","[2374.65, 2367.83]","[-2.3159185256994217, -0.958675536359145]",0.23251525187015232,11.374552,0.009999999811746593,-833.0878079856948,-0.010328496398614453,-1.0328496593051921,21.261114614752884,0.0,10.630525259529717,3,False,False,2026-02-01T15:00:00+00:00,2026-02-01T15:44:59.999000+00:00
ETHUSDT,15,LONG,1769964299999,1769964300000,1769987699999,2304.220752,2241.358688760771,2461.3759100980724,2240.910417023019,STOP,28.32065561961449,-34.94855514839128,-28.149681671227786,-6.798873477163493,"[213470, 213473]","[2284.68, 2282.06]","[-9.696878997985948, -7.245158282962514]",0.02364355837040174,12.698607,0.009999999358876402,-827.0397967025871,-0.010360522692550195,-1.0360523356787796,23.086733791549555,0.0,11.54333519938567,26,False,False,2026-02-01T16:45:00+00:00,2026-02-01T23:14:59.999000+00:00
ETHUSDT,15,SHORT,1770041699999,1770041700000,1770046199999,2305.08889,2373.7324209649028,2133.480062587743,2374.207167449096,STOP,21.866210482451397,19.931612739974298,16.94840498690279,2.9832077530715075,"[213543, 213557]","[2317.49, 2328.0]","[11.80899768228207, 4.3319901786498285]",0.31807062778601547,11.50859,0.009999999551031244,-816.9947565934084,-0.010341832899176376,-1.034183336349238,21.540839925519236,0.0,10.770388575418494,5,False,False,2026-02-02T14:15:00+00:00,2026-02-02T15:29:59.999000+00:00
ETHUSDT,15,LONG,1770065999999,1770066000000,1770110999999,2321.294166,2275.5505986053713,2435.6530844865715,2275.09548848565,STOP,18.079700697314312,3.4558880375366243,10.827485156275397,-7.371597118738773,"[213584, 213585]","[2321.76, 2320.01]","[-7.18909291455298, -7.178715172941196]",0.00013398850911625938,17.091372,0.00999999980838483,-821.0222254824923,-0.01050141805540912,-1.0501418256632225,31.42344217670629,0.0,15.711690132869416,50,False,False,2026-02-02T21:00:00+00:00,2026-02-03T09:29:59.999000+00:00
ETHUSDT,15,LONG,1770111899999,1770111900000,1770137999999,2292.888486,2234.725582762071,2438.2957440948226,2234.2786376455188,STOP,18.852208618964486,-11.818288015415874,-7.403250396472105,-4.415037618943769,"[213612, 213636]","[2282.01, 2279.25]","[-6.479010175706813, -2.491390956245737]",0.09880678672821834,13.300748,0.009999999990193638,-803.6407069073691,-0.010388187621502279,-1.0388187631689312,24.085883626197553,0.0,12.04291111262229,29,False,False,2026-02-03T09:45:00+00:00,2026-02-03T16:59:59.999000+00:00
ETHUSDT,15,LONG,1770218999999,1770219000000,1770222599999,2180.576028,2116.4261301429233,2340.9507726426914,2116.002844916895,STOP,23.016934928538248,-25.966052315498473,-19.142417094431973,-6.8236352210665,"[213752, 213754]","[2190.5, 2176.01]","[-5.975703959653284, -5.91540607922572]",0.007938520003133083,11.934137,0.009999999437764442,-791.1355978001368,-0.01033389188752972,-1.03338924685379,20.510384360278326,0.0,10.255161765337096,4,False,False,2026-02-04T15:30:00+00:00,2026-02-04T16:29:59.999000+00:00
ETHUSDT,15,LONG,1770227999999,1770228000000,1770296399999,2125.685052,2049.028455718698,2317.326542703256,2048.618650027554,STOP,29.81577214065118,-41.931484356477995,-37.56968892720094,-4.361795429277052,"[213762, 213766]","[2104.0, 2091.55]","[-9.4235743159879, -5.950814933270891]",0.15196628447819716,9.88385,0.009999999241447309,-778.2160337934754,-0.010271277528651784,-1.0271278307782366,16.503276658114014,0.0,8.25160819061105,76,False,False,2026-02-04T18:00:00+00:00,2026-02-05T12:59:59.999000+00:00
ETHUSDT,15,LONG,1770308999999,1770309000000,1770323399999,1985.99712,1878.6085241958504,2254.4686095103743,1878.2328024910112,STOP,35.265737902074875,-44.114443233391285,-33.68368013452848,-10.430763098862805,"[213843, 213852]","[2039.14, 1992.3]","[-5.984332955667647, -4.480682639629119]",0.39998653475638835,6.982866,0.00999999970847133,-763.2971486435015,-0.010178921278628093,-1.0178921575372841,10.793359896778046,0.0,5.396650064103476,16,False,False,2026-02-05T16:30:00+00:00,2026-02-05T20:29:59.999000+00:00
ETHUSDT,15,SHORT,1770344999999,1770345000000,1770394499999,1905.21888,2002.607785705773,1661.7466157355673,2003.0083072629143,STOP,41.31389285288654,-13.759176037208817,-29.111523464247142,15.352347427038325,"[213895, 213896]","[1939.69, 1947.5]","[16.578006690806085, 16.36661060890537]",0.0023574355176304005,7.621476,0.009999999766917957,-757.2143568221552,-0.010201646183626484,-1.0201646421408543,11.914583884108723,0.0,5.9572623683539385,55,False,False,2026-02-06T02:30:00+00:00,2026-02-06T16:14:59.999000+00:00
ETHUSDT,15,SHORT,1770400799999,1770400800000,1770551099999,2066.116694,2133.2506349768887,1898.2818415577785,2133.677285103884,STOP,25.23031748844428,45.27397535387104,34.840582966139685,10.433392387731352,"[213947, 213952]","[2001.86, 2005.86]","[5.678162513613771, 5.073244060824468]",0.01919750819230223,10.943422,0.009999999529018228,-757.728106149805,-0.010313785311406101,-1.0313785797166612,18.384047130557192,0.0,9.191994359196011,167,False,False,2026-02-06T18:00:00+00:00,2026-02-08T11:44:59.999000+00:00
ETHUSDT,15,SHORT,1770555599999,1770555600000,1770626699999,2129.583998,2164.521997306796,2042.2389997330095,2042.6474475329562,TAKE_PROFIT,13.67099865339809,14.113460755279448,10.708179357696306,3.405281397583142,"[214129, 214130]","[2139.0, 2144.35]","[4.173025766756796, 3.865831290202518]",0.02863173569917068,20.811088,0.009999999696658844,1774.512731878349,0.024405420171190316,2.4405420911507174,34.731470307741425,0.0,17.365808218271127,79,False,False,2026-02-08T13:00:00+00:00,2026-02-09T08:44:59.999000+00:00
ETHUSDT,15,SHORT,1770668999999,1770669000000,1770785099999,2118.366242,2177.963602084249,1969.3728417893776,1969.7667163577355,TAKE_PROFIT,19.12180104212449,26.11490975541983,24.0556260746616,2.059283680758231,"[214248, 214256]","[2142.82, 2148.0]","[11.149844981209222, 4.03074864370846]",0.17571220599477977,12.497918,0.00999999989067615,1836.747426121259,0.02465952697309033,2.4659527242677775,20.437260194660958,0.0,10.218704793466122,129,False,False,2026-02-09T20:30:00+00:00,2026-02-11T04:44:59.999000+00:00
ETHUSDT,15,LONG,1770792299999,1770792300000,1770822899999,1952.280378,1924.8178417780375,2020.9367185549065,1924.4328782096818,STOP,13.196079110981286,-19.13025559574112,-13.632013088327312,-5.498242507413806,"[214392, 214393]","[1946.86, 1937.0]","[-5.6870206987879754, -5.519106567132383]",0.02147743562639687,27.790965,0.009999999753701668,-817.0039329775835,-0.010704832259891236,-1.0704832523549477,43.09504096734372,0.0,21.547490389215795,34,False,False,2026-02-11T06:45:00+00:00,2026-02-11T15:14:59.999000+00:00
ETHUSDT,15,SHORT,1770940799999,1770940800000,1770989399999,1946.76057,1971.9170091435358,1883.8694721411607,1972.3113925453645,STOP,11.078504571767876,0.39147653037662167,-4.8666338016206465,5.258110331997268,"[214557, 214558]","[1952.03, 1952.27]","[5.424894382292848, 5.363288591435003]",0.00023794480415549054,30.013801,0.009999999945684086,-813.9278016582888,-0.010779924387690883,-1.0779924446243028,47.05049839540641,0.0,23.52521946361985,54,False,False,2026-02-13T00:00:00+00:00,2026-02-13T13:29:59.999000+00:00
ETHUSDT,15,SHORT,1770992099999,1770992100000,1770993899999,1962.687384,1989.9530097048125,1894.523319737969,1990.3510003067533,STOP,9.481504852406214,6.637735624268316,6.098929988547673,0.5388056357206432,"[214601, 214613]","[1968.49, 1972.0]","[2.253623547611557, 0.3610868349678906]",0.3284133980864024,27.393506,0.00999999995891495,-801.1184715602418,-0.010725897823486145,-1.072589786755355,43.31503227949494,0.0,21.657486693909366,2,False,False,2026-02-13T14:15:00+00:00,2026-02-13T14:44:59.999000+00:00
ETHUSDT,15,LONG,1771124399999,1771124400000,1771127099999,2059.11174,2036.3069010955342,2116.1238372611647,2035.899639715315,STOP,10.546549452232911,-8.076052706668634,-4.805534073169355,-3.270518633499279,"[214761, 214762]","[2050.2, 2041.78]","[-3.933255114711715, -3.7012164180461373]",0.04521031195286885,32.400575,0.009999999913322469,-805.1576855151832,-0.010896856024845736,-1.0896856119296994,53.07228933372782,0.0,26.53611564489269,3,False,False,2026-02-15T03:00:00+00:00,2026-02-15T03:44:59.999000+00:00
ETHUSDT,15,LONG,1771127999999,1771128000000,1771160399999,2058.491616,2019.3357557899583,2156.3812665251044,2018.9318886388003,STOP,11.502122105020877,-9.954101035037183,-7.630765261026071,-2.3233357740111122,"[214762, 214766]","[2041.78, 2034.35]","[-3.7012164180461373, -3.260835780577021]",0.08044808956254325,18.664851,0.009999999640971646,-768.8182176686089,-0.010519675742848029,-1.051967612053423,30.441800871192406,0.0,15.220871509374392,36,False,False,2026-02-15T04:00:00+00:00,2026-02-15T12:59:59.999000+00:00
ETHUSDT,15,SHORT,1771202699999,1771202700000,1771246799999,1963.65719,1997.63153042066,1878.72133894835,1998.0310567267443,STOP,12.065765210330028,-9.01972861564309,-13.44909542474363,4.429366809100541,"[214848, 214849]","[1976.43, 1978.0]","[4.944940977702236, 4.863280376387506]",0.0021188632413594254,21.285185,0.00999999972961337,-765.3842193416563,-0.010584029184359772,-1.0584029470537777,33.73010689756176,0.0,16.865024857217374,49,False,False,2026-02-16T00:45:00+00:00,2026-02-16T12:59:59.999000+00:00
ETHUSDT,15,SHORT,1771248599999,1771248600000,1771940699999,1975.344852,2041.5236685554933,1809.8978106112666,1810.2597901733889,TAKE_PROFIT,13.85183427774668,7.28495968531297,5.7813657017970295,1.5035939835159402,"[214886, 214897]","[1992.23, 1995.49]","[3.1906416960857347, 0.0576222361085903]",0.3165881095602707,10.81156,0.009999999265578121,1768.4557343520617,0.024716490331854572,2.4716492147087834,16.37131669005445,0.0,8.185730065538468,769,False,False,2026-02-16T13:30:00+00:00,2026-02-24T13:44:59.999000+00:00
ETHUSDT,15,SHORT,1771954199999,1771954200000,1771982099999,1854.748976,1887.0528011710321,1773.9894130724197,1887.4302117312664,STOP,12.026400585516068,9.170613492964094,5.457744768696342,3.712868724267752,"[215680, 215684]","[1862.63, 1864.58]","[4.64548719425855, 4.224178486765181]",0.014399155477347781,22.696409,0.009999999625418428,-775.7203045406496,-0.010580204030065926,-1.0580204426380886,33.97361175841464,0.0,16.986776888810684,31,False,False,2026-02-24T17:30:00+00:00,2026-02-25T01:14:59.999000+00:00
ETHUSDT,15,SHORT,1772016299999,1772016300000,1772022599999,1913.727178,1931.5651790776542,1869.1321753058646,1931.9514921134696,STOP,8.28258953882707,8.730830468876547,7.391628977698473,1.3392014911780743,"[215752, 215753]","[1917.91, 1925.0]","[1.8749799369168878, 1.5237515624722286]",0.1541439643184874,40.667317,0.009999999885678734,-803.6913325831023,-0.011078923736776474,-1.1078923863432135,62.55737342305716,0.0,31.278658317316545,7,False,False,2026-02-25T10:45:00+00:00,2026-02-25T12:29:59.999000+00:00
ETHUSDT,15,SHORT,1772028899999,1772028900000,1772031599999,1967.866348,1989.7953576972013,1913.0438237569967,1990.1933167687407,STOP,9.997678848600641,21.61285708160267,16.955645661656757,4.657211419945913,"[215766, 215767]","[1969.88, 1977.03]","[4.969012669105078, 4.790067668612785]",0.024910107863743928,32.71405,0.009999999724641148,-782.1992373595135,-0.010903452689571963,-1.0903452989808193,51.79366471049113,0.0,25.896804174894825,3,False,False,2026-02-25T14:15:00+00:00,2026-02-25T14:59:59.999000+00:00
ETHUSDT,15,SHORT,1772036099999,1772036100000,1772039699999,2017.966326,2052.041980605361,1932.777189486597,2052.452389001482,STOP,14.69599030268057,33.769873584328025,27.58479161935952,6.185081964968504,"[215774, 215775]","[2026.0, 2027.93]","[6.591647769203831, 6.392425387013532]",0.00387716575103815,20.823216,0.009999999564857446,-752.0144221146397,-0.010598249493442478,-1.0598249954617434,33.90368324516732,0.0,16.951813576226648,4,False,False,2026-02-25T16:15:00+00:00,2026-02-25T17:14:59.999000+00:00
ETHUSDT,15,SHORT,1772043299999,1772043300000,1772055899999,2067.706376,2106.82770675511,1969.9030491122257,2107.249072296461,STOP,16.46885337755484,47.3199354009123,41.4388256884352,5.881109712477098,"[215782, 215783]","[2078.0, 2084.93]","[7.878902912488655, 7.228602900386406]",0.034961228104242736,17.945314,0.009999999453801589,-739.5744560289007,-0.010534579327766478,-1.053457990316356,29.9683545822763,0.0,14.984149506260072,14,False,False,2026-02-25T18:15:00+00:00,2026-02-25T21:44:59.999000+00:00
ETHUSDT,15,LONG,1772121599999,1772121600000,1772125199999,2032.736466,1993.1400469366442,2131.7275136583894,1992.741418927257,STOP,14.009976531677868,-7.993856155026606,-2.9141709337270822,-5.079685221299524,"[215841, 215867]","[2043.47, 2032.52]","[-2.421784809870065, -1.3684835821865502]",0.4040536039631818,17.543224,0.009999999869613892,-729.8900137846059,-0.01050732330559224,-1.0507323442593142,28.247944096930038,0.0,14.123944547740013,4,False,False,2026-02-26T16:00:00+00:00,2026-02-26T16:59:59.999000+00:00
ETHUSDT,15,LONG,1772130599999,1772130600000,1772197199999,1986.157152,1950.0196481609487,2076.500911597628,1949.6296442313164,STOP,15.585175919525657,-24.886184619927008,-19.340179716257136,-5.546004903669871,"[215875, 215880]","[1975.8, 1973.49]","[-7.570100084957334, -6.51743747540506]",0.020399388871894467,19.020404,0.009999999482426346,-724.7120568423729,-0.0105435673379167,-1.0543567883623997,29.944101968874126,0.0,14.97202379259982,74,False,False,2026-02-26T18:30:00+00:00,2026-02-27T12:59:59.999000+00:00
ETHUSDT,15,LONG,1772198099999,1772198100000,1772208899999,1959.54183,1931.351780221331,2030.0169544466728,1930.9655098652865,STOP,12.16910988933455,-24.177381924283964,-20.117271022310273,-4.06011090197369,"[215951, 215955]","[1951.48, 1945.75]","[-7.909795402560098, -5.069079603072595]",0.1676601213131718,24.125634,0.009999999791570426,-726.9662230992868,-0.01068906322592212,-1.0689063448713814,37.544382462361405,0.0,18.772164405193653,12,False,False,2026-02-27T13:15:00+00:00,2026-02-27T16:14:59.999000+00:00
ETHUSDT,15,LONG,1772215199999,1772215200000,1772232299999,1931.376198,1888.6483731102378,2038.1957602244056,1888.2706434356157,STOP,13.930813444881103,-22.755412417160187,-22.61386540769732,-0.1415470094628688,"[215973, 215974]","[1909.66, 1906.0]","[-1.4859192768883887, -1.2019729781499606]",0.05120623558869455,15.746955,0.009999999412048197,-702.8403507465949,-0.010445982399498014,-1.044598301367147,24.05912277119151,0.0,12.029534715528024,19,False,False,2026-02-27T18:00:00+00:00,2026-02-27T22:44:59.999000+00:00
ETHUSDT,15,SHORT,1772306099999,1772306100000,1772312399999,1924.075108,1967.2346951983657,1816.176140004086,1967.6281421374053,STOP,15.247347599182815,12.238826508156762,8.702445900887264,3.536380607269498,"[216056, 216074]","[1914.99, 1931.11]","[6.342490250476713, 2.161651520001449]",0.7376863826507425,15.426578,0.009999999497218104,-695.8885437537849,-0.010451840737516057,-1.0451841263015713,24.01426549643928,0.0,12.007106353532762,7,False,False,2026-02-28T19:15:00+00:00,2026-02-28T20:59:59.999000+00:00
ETHUSDT,15,SHORT,1772313299999,1772313300000,1772330399999,1954.329056,1999.439373366087,1841.5532625847827,1999.8392612407602,STOP,16.274686683043452,22.964414417170246,18.509647786856906,4.45476663031334,"[216081, 216083]","[1966.83, 1973.0]","[5.822978300658937, 5.460918938531481]",0.023917364322646774,14.605215,0.009999999961275062,-687.7869236032242,-0.010439268693927709,-1.043926873435371,23.100591367795804,0.0,11.550269558455394,19,False,False,2026-02-28T21:15:00+00:00,2026-03-01T01:59:59.999000+00:00
ETHUSDT,15,SHORT,1772333999999,1772334000000,1772470799999,2031.763566,2086.3948302644294,1895.1854053389268,2086.8121092304823,STOP,19.23741513221463,31.204983742318518,23.191639720401476,8.013344021917042,"[216090, 216103]","[1984.22, 2023.54]","[1.4605664447690607, 0.7154763992191846]",1.2075483623545369,11.933972,0.009999999400139625,-676.6081602685962,-0.010377934844265106,-1.037793546679633,19.66038671523267,0.0,9.830167472912091,152,False,False,2026-03-01T03:00:00+00:00,2026-03-02T16:59:59.999000+00:00
ETHUSDT,15,SHORT,1772471699999,1772471700000,1772638199999,2056.308656,2111.6053618569167,1918.0668913577085,2112.027682929288,STOP,23.1076809284583,39.066076297512836,27.257738812323964,11.808337485188872,"[216258, 216259]","[2083.0, 2089.0]","[16.17934286028403, 14.287185627028265]",0.02960942791222987,11.667999,0.009999999582753974,-669.5840081856215,-0.010377898318016823,-1.0377898751030523,19.454457693716236,0.0,9.727203230764228,185,False,False,2026-03-02T17:15:00+00:00,2026-03-04T15:29:59.999000+00:00
ETHUSDT,15,SHORT,1772641799999,1772641800000,1772652599999,2142.501414,2190.650425801298,2022.128884496756,2191.088555886458,STOP,21.72521290064882,34.76696850735152,27.605496119855594,7.161472387495927,"[216447, 216448]","[2165.5, 2165.88]","[7.280477368834973, 7.1635997833761]",0.00027828198151365005,13.261042,0.009999999565779691,-667.3032966568546,-0.010451009025284841,-1.0451009479088897,22.98716744057722,0.0,11.493558407385779,12,False,False,2026-03-04T16:30:00+00:00,2026-03-04T19:29:59.999000+00:00
ETHUSDT,15,SHORT,1772654399999,1772654400000,1772727299999,2176.034706,2220.7523104564334,2064.240694858916,2064.6535429978876,TAKE_PROFIT,18.29615522821681,36.848057974130825,35.72452123925605,1.1235367348747758,"[216448, 216460]","[2165.88, 2186.73]","[7.1635997833761, 1.4576898553428563]",0.8933248396393971,14.129403,0.009999999874102505,1549.7819813585518,0.024528345749931433,2.4528346058737167,23.9673573069822,0.0,11.98374208281433,81,False,False,2026-03-04T20:00:00+00:00,2026-03-05T16:14:59.999000+00:00
ETHUSDT,15,LONG,1772734499999,1772734500000,1772805599999,2069.16375,2024.2311581570225,2181.495229607444,2023.826311925391,STOP,16.22942092148876,-19.43951125657486,-16.882113884089648,-2.5573973724852124,"[216544, 216551]","[2055.55, 2053.3]","[-7.171309487604473, -3.4475267532585363]",0.07076100209777021,14.406711,0.009999999734833946,-676.7499778004997,-0.010454467665237272,-1.0454467942454273,23.586609979212486,0.0,11.793279334802703,79,False,False,2026-03-05T18:15:00+00:00,2026-03-06T13:59:59.999000+00:00
ETHUSDT,15,LONG,1772810999999,1772811000000,1772913599999,1989.307782,1950.6852787740934,2085.8640400647664,1950.2951417183388,STOP,15.77236061295326,-25.45311378470751,-18.25102599171594,-7.20208779299157,"[216624, 216630]","[2036.71, 2035.08]","[-2.058544588798208, -0.7540776322534999]",0.09100499991034836,16.585237,0.009999999796822246,-673.1695843374047,-0.010509023816782492,-1.0509024030302483,26.135699270304627,0.0,13.067824276509882,114,False,False,2026-03-06T15:30:00+00:00,2026-03-07T19:59:59.999000+00:00
ETHUSDT,15,LONG,1772914499999,1772914500000,1772938799999,1962.202362,1939.6481581666415,2018.5878715833962,1939.260228535008,STOP,6.995920916679253,-6.580414891839837,-4.382125168700169,-2.198289723139668,"[216728, 216744]","[1969.2, 1964.44]","[-1.3795973516855151, -0.7248239178932381]",0.406990574934815,28.102596,0.009999999869431463,-688.5899989411132,-0.01086392513001811,-1.0863925271866792,43.8564907963675,0.0,21.928220485972247,27,False,False,2026-03-07T20:15:00+00:00,2026-03-08T02:59:59.999000+00:00
ETHUSDT,15,LONG,1772942399999,1772942400000,1772945999999,1946.78928,1931.69053025743,1984.536154356425,1931.3041921513786,STOP,7.154734871284983,-6.998986470748605,-4.44624230857997,-2.5527441621686346,"[216751, 216779]","[1946.87, 1934.33]","[-2.56788354340682, -1.6435277142689497]",0.5694443588394859,41.523026,0.00999999986300672,-707.3997757804214,-0.011283268677579946,-1.1283268832153146,64.41207042982879,0.0,32.20601078364661,4,False,False,2026-03-08T04:00:00+00:00,2026-03-08T04:59:59.999000+00:00
ETHUSDT,15,LONG,1772973899999,1772973900000,1772976599999,1947.109344,1923.1724468845273,2006.9515867886817,1922.7878123951505,STOP,10.378776557736318,-2.6028689790255157,-0.11668057809611132,-2.4861884009294046,"[216816, 216817]","[1930.89, 1923.37]","[-2.690326405642992, -2.5797147666822866]",0.029018856606217384,25.896079,0.009999999834772184,-669.9183688337341,-0.010807369858831791,-1.0807370037399606,40.08606499355367,0.0,20.043008105205004,3,False,False,2026-03-08T12:45:00+00:00,2026-03-08T13:29:59.999000+00:00
ETHUSDT,15,SHORT,1773003599999,1773003600000,1773026099999,1956.988524,1985.4188589525077,1885.9126866187307,1985.815942724298,STOP,10.059429476253838,3.978221424031517,0.6565204693391752,3.321700954692342,"[216847, 216850]","[1969.19, 1970.16]","[4.216612967647144, 3.7598422611350433]",0.010438719203971769,21.567547,0.009999999674530987,-655.7513564841355,-0.010694400742096254,-1.069440109016587,34.0146482591545,0.0,17.007299940400916,25,False,False,2026-03-08T21:00:00+00:00,2026-03-09T03:14:59.999000+00:00
ETHUSDT,15,SHORT,1773037799999,1773037800000,1773075599999,1997.530414,2037.515419094519,1897.5679012637024,2037.922922178338,STOP,13.762709547259506,16.805951781125486,13.60371165164523,3.2022401294802556,"[216877, 216886]","[2004.84, 2008.0]","[4.907931953320601, 3.0731656106202667]",0.08500079649790927,15.171064,0.00999999966409169,-637.286175026958,-0.010505610291275856,-1.0505610644168046,24.48884833287003,0.0,12.244400144317954,42,False,False,2026-03-09T06:30:00+00:00,2026-03-09T16:59:59.999000+00:00
ETHUSDT,15,SHORT,1773128699999,1773128700000,1773134999999,2048.550208,2070.9872230224814,1992.4576704437968,2071.4014204670857,STOP,9.493611511240633,8.962597182534864,8.555834269828114,0.4067629127067498,"[216970, 216989]","[2053.93, 2059.24]","[3.36562975010665, 0.4882778899326521]",0.45941178159074053,26.752321,0.009999999970137584,-655.4102785463699,-0.010919096422035006,-1.0919096454642065,44.087307387689684,0.0,22.043630122671203,7,False,False,2026-03-10T07:45:00+00:00,2026-03-10T09:29:59.999000+00:00
ETHUSDT,15,SHORT,1773136799999,1773136800000,1773152099999,2066.506616,2087.3840105382787,2014.3131296543036,2014.7159922802343,TAKE_PROFIT,9.332005269139295,12.250548887292325,11.024140957146646,1.2264079301456796,"[216994, 216997]","[2069.72, 2074.0]","[1.607075008723628, 1.285310837176084]",0.08480088112593721,28.436887,0.009999999699660488,1426.3412079250904,0.024025092344756853,2.402509306632533,46.42290645340412,0.0,23.211513065727157,17,False,False,2026-03-10T10:00:00+00:00,2026-03-10T14:14:59.999000+00:00
ETHUSDT,15,LONG,1773181799999,1773181800000,1773361799999,2027.65545,1995.9731240226015,2106.8612649434963,2106.4398926905073,TAKE_PROFIT,11.81343798869925,-8.700455699764916,-6.545630478899494,-2.1548252208654217,"[217038, 217047]","[2025.55, 2015.78]","[-5.231569146662609, -2.062512585596947]",0.499528781444077,19.18898,0.009999999675702502,1480.0614659597031,0.024345056643606953,2.4345057433111075,31.731629139592517,0.0,15.86587567615509,200,False,False,2026-03-10T22:30:00+00:00,2026-03-13T00:29:59.999000+00:00
ETHUSDT,15,SHORT,1773405899999,1773405900000,1773406799999,2128.044306,2153.668007378793,2063.9850525530173,2154.0987409802688,STOP,9.439003689396545,9.100624141637127,7.690870829422833,1.4097533122142938,"[217289, 217297]","[2133.0, 2137.44]","[2.3213744196287336, 1.6159076109853983]",0.14090004965390027,24.303754,0.009999999694429872,-674.8494388520965,-0.010836565311191324,-1.08365656423244,41.62886048264756,0.0,20.814405745076876,1,False,False,2026-03-13T12:45:00+00:00,2026-03-13T12:59:59.999000+00:00
ETHUSDT,15,LONG,1773425699999,1773425700000,1773482399999,2104.360788,2063.9267646103963,2205.4458464740087,2063.513979257474,STOP,16.906617694801774,-5.431365688204551,2.490157230502926,-7.921522918707477,"[217313, 217318]","[2110.5, 2101.45]","[-7.70952348412364, -7.328873025304786]",0.02586155065253932,15.234785,0.009999999894562454,-647.6910195229353,-0.010514402138893535,-1.051440224975481,25.398670394437065,0.0,12.699310813497,63,False,False,2026-03-13T18:15:00+00:00,2026-03-14T09:59:59.999000+00:00
ETHUSDT,15,LONG,1773485999999,1773486000000,1773542699999,2065.423002,2051.7545484052807,2099.594135986798,2099.1742171596006,TAKE_PROFIT,5.412725797359597,-8.946555490914307,-8.013271475176488,-0.9332840157378186,"[217370, 217383]","[2067.13, 2062.47]","[-1.5193597828535759, -0.7390717352089506]",0.40428798453759207,44.593687,0.009999999869597015,1430.805226747976,0.02347403503343647,2.34740353395449,74.28589794890945,0.0,37.14301066382014,63,False,False,2026-03-14T11:00:00+00:00,2026-03-15T02:44:59.999000+00:00
ETHUSDT,15,SHORT,1773545399999,1773545400000,1773552599999,2094.371042,2114.7157325861835,2043.509315534541,2115.138675732701,STOP,6.387866293091788,5.410704642483779,4.618613803616625,0.7920908388671544,"[217436, 217450]","[2098.58, 2103.72]","[1.10173134842797, 0.6728994636231138]",0.32090183220423146,30.663273,0.009999999999228223,-688.4345609782104,-0.011035526700665724,-1.103552670151742,51.6309382683963,0.0,25.81544469467103,8,False,False,2026-03-15T03:30:00+00:00,2026-03-15T05:29:59.999000+00:00
ETHUSDT,15,SHORT,1773554399999,1773554400000,1773607499999,2106.468622,2125.3377007763956,2059.295925059011,2125.7627683165506,STOP,6.468850388197745,7.1758689608923305,6.127586118023944,1.0482828428683861,"[217451, 217461]","[2107.0, 2116.35]","[1.0125667071114348, 0.8814623409382873]",0.19148196187274644,32.696373,0.009999999705914303,-686.2000511465594,-0.011122449857876788,-1.112245018497214,55.35144646403941,0.0,27.675699105103483,59,False,False,2026-03-15T06:00:00+00:00,2026-03-15T20:44:59.999000+00:00
ETHUSDT,15,SHORT,1773613799999,1773613800000,1773614699999,2132.803354,2155.49326743958,2076.07857040105,2155.924366093068,STOP,9.906633719789985,10.498722436977914,7.798611673017918,2.700110763959996,"[217526, 217528]","[2144.0, 2148.98]","[3.7851990406022704, 3.108591359475616]",0.09113979836079539,26.88809,0.009999999658804565,-667.8061328188406,-0.010946054245570859,-1.0946054619045247,46.12627876934289,0.0,23.063115440001898,1,False,False,2026-03-15T22:30:00+00:00,2026-03-15T22:44:59.999000+00:00
ETHUSDT,15,SHORT,1773641699999,1773641700000,1773683099999,2262.19747,2314.7855444704437,2130.7272838238905,2315.2485015793377,STOP,17.002772235221872,40.26562436554059,36.10488318483126,4.16074118070933,"[217555, 217559]","[2279.97, 2288.0]","[7.737023671318752, 5.9786436206535996]",0.10935785717831734,11.474281,0.009999999164406352,-629.7316042172838,-0.01043620743575793,-1.0436208307800867,21.009160536087734,0.0,10.504556339328374,46,False,False,2026-03-16T06:15:00+00:00,2026-03-16T17:44:59.999000+00:00
ETHUSDT,15,SHORT,1773689399999,1773689400000,1773699299999,2331.173672,2376.6798585041493,2217.4082057396267,2377.1551944758503,STOP,18.01992925207465,22.073129231917846,18.980490602105796,3.0926386298120505,"[217609, 217612]","[2345.0, 2347.99]","[4.439107769899875, 3.725626799429829]",0.026623336520887598,13.12158,0.009999999809213712,-628.0625112437745,-0.01051831779067673,-1.0518317991351813,24.712285555108874,0.0,12.356119137790175,11,False,False,2026-03-16T19:30:00+00:00,2026-03-16T22:14:59.999000+00:00
ETHUSDT,15,SHORT,1773761399999,1773761400000,1773844199999,2321.825542,2363.1275790290233,2218.570449427442,2219.0141635173272,TAKE_PROFIT,14.683789514511643,2.720508227985192,1.644687127455024,1.075821100530168,"[217690, 217692]","[2347.82, 2356.66]","[2.6479792654885963, 2.1319878639848104]",0.11787125755499797,14.305164,0.00999999932714384,1444.7506475866496,0.024452797747961462,2.445279939328313,25.982982674054828,0.0,12.991550686034651,92,False,False,2026-03-17T15:30:00+00:00,2026-03-18T14:29:59.999000+00:00
ETHUSDT,15,LONG,1773847799999,1773847800000,1773905399999,2181.956304,2142.142665046046,2281.490401384885,2141.7142365130367,STOP,15.51366747697697,-40.99820314365297,-33.12407064582937,-7.874132497823602,"[217784, 217785]","[2221.18, 2211.26]","[-6.925420263781923, -6.825743063741363]",0.010764562620383193,15.202829,0.009999999759120684,-638.0860801626634,-0.010541999122638007,-1.0541999376572968,26.29280955190291,0.0,13.146380830075863,64,False,False,2026-03-18T15:30:00+00:00,2026-03-19T07:29:59.999000+00:00
ETHUSDT,15,LONG,1773932399999,1773932400000,1774137599999,2121.02412,2078.2823125387927,2227.8786386530187,2077.866656076285,STOP,15.95384373060372,-20.29702531220164,-16.52031691600031,-3.776708396201329,"[217877, 217882]","[2106.9, 2101.0]","[-5.159049862340323, -4.579585729058419]",0.042582343110471196,14.01202,0.009999999370838453,-628.2572242612544,-0.010490201532508184,-1.049020219251137,23.53397661287857,0.0,11.766964588187962,228,False,False,2026-03-19T15:00:00+00:00,2026-03-21T23:59:59.999000+00:00
ETHUSDT,15,LONG,1774181699999,1774181700000,1774214099999,2073.11454,2049.7819501877448,2131.446014530638,2049.371993797707,STOP,8.544024906127637,-11.964372743771037,-11.275443103949149,-0.6889296398218878,"[218145, 218158]","[2072.78, 2065.21]","[-2.754194225304947, -0.5994188826255389]",0.6856700500103265,25.39866,0.009999999816753875,-644.9111120569293,-0.010882435492516582,-1.0882435691933,41.88225353060259,0.0,20.941103481791092,36,False,False,2026-03-22T12:15:00+00:00,2026-03-22T21:14:59.999000+00:00
ETHUSDT,15,LONG,1774313999999,1774314000000,1774364399999,2142.4284,2118.7569016970237,2201.6071457574403,2118.3331503166846,STOP,10.371549151488065,0.5893568971791865,3.4612176576569076,-2.871860760477721,"[218301, 218305]","[2139.06, 2136.97]","[-3.0635905376276726, -2.8093833226876095]",0.017144628090613442,24.762581,0.009999999638652288,-638.8635532028862,-0.010898994664793793,-1.0898995058626486,42.20298120456099,0.0,21.101467579916317,56,False,False,2026-03-24T01:00:00+00:00,2026-03-24T14:59:59.999000+00:00
ETHUSDT,15,LONG,1774365299999,1774365300000,1774374299999,2136.117138,2105.8584376777962,2211.763888805509,2105.437265990261,STOP,12.585781161101808,-5.585173854022287,-1.7881570950393035,-3.7970167589829833,"[218361, 218363]","[2123.55, 2117.71]","[-4.792147966704199, -4.374289468296561]",0.0394227550152366,19.160729,0.009999999603265069,-620.3572231227432,-0.010699895283700947,-1.0699895708203184,32.50850978944556,0.0,16.25423203094353,10,False,False,2026-03-24T15:15:00+00:00,2026-03-24T17:44:59.999000+00:00
ETHUSDT,15,LONG,1774375199999,1774375200000,1774427399999,2108.801676,2078.733898770926,2183.9711190726857,2183.534324848871,TAKE_PROFIT,11.808050614537116,-12.222874736090034,-8.497351652989337,-3.725523083100697,"[218363, 218372]","[2117.71, 2110.39]","[-4.374289468296561, -2.4006519539557107]",0.27149213030778646,19.076076,0.00999999993089505,1392.8533180144848,0.024283708565378665,2.428370873319112,32.752371107891655,0.0,16.37624323322312,58,False,False,2026-03-24T18:00:00+00:00,2026-03-25T08:29:59.999000+00:00
ETHUSDT,15,SHORT,1774439999999,1774440000000,1774503899999,2184.572998,2206.4212983875564,2129.952247031109,2130.3782374805155,TAKE_PROFIT,8.140649193778174,8.84736428998167,8.4852196185694,0.3621446714122687,"[218445, 218446]","[2194.73, 2200.11]","[0.7983120309063843, 0.7958041888702017]",0.002186440137111975,26.890134,0.009999999734076913,1410.8925256966372,0.02401503901873755,2.40150396573529,46.411846770214645,0.0,23.205982605521527,71,False,False,2026-03-25T12:00:00+00:00,2026-03-26T05:44:59.999000+00:00
ETHUSDT,15,LONG,1774506599999,1774506600000,1774518299999,2122.104336,2098.752828446373,2180.4831048840674,2098.333077880684,STOP,8.783585776813467,-12.651548249058123,-9.048815951179844,-3.60273229787828,"[218506, 218516]","[2142.15, 2136.57]","[-1.8482542945709453, -1.1740502300408648]",0.28144700231334846,25.763333,0.009999999986410138,-655.919852556684,-0.010902693537794793,-1.0902693552611402,43.49301379978675,0.0,21.746483272679157,13,False,False,2026-03-26T06:30:00+00:00,2026-03-26T09:44:59.999000+00:00
ETHUSDT,15,LONG,1774520999999,1774521000000,1774538999999,2081.926302,2056.7668443607254,2144.824946098187,2056.355490991853,STOP,9.581577819637404,-20.344126690732082,-16.47376821349186,-3.8703584772402237,"[218520, 218534]","[2110.72, 2073.0]","[-3.659836170732566, -1.671219027382019]",2.0716620951394664,23.651283,0.009999999753045349,-643.932757221118,-0.010821426854003785,-1.082142712124396,39.15026952791909,0.0,19.575111355664493,20,False,False,2026-03-26T10:30:00+00:00,2026-03-26T15:29:59.999000+00:00
ETHUSDT,15,LONG,1774603799999,1774603800000,1774608299999,2049.719862,2021.0700711074232,2121.344339231442,2020.6658570932016,STOP,9.499964446288427,-4.579880347730523,-2.438332592928152,-2.141547754802371,"[218608, 218626]","[2041.32, 2032.1]","[-1.8105102931254828, -1.342157683588356]",0.27477761525115535,20.545146,0.009999999947020478,-630.3694402449222,-0.010709383236661856,-1.0709383293399657,33.45066755003393,0.0,16.725310567278477,5,False,False,2026-03-27T09:30:00+00:00,2026-03-27T10:44:59.999000+00:00
ETHUSDT,15,LONG,1774616399999,1774616400000,1774825199999,1988.107542,1962.350442272677,2052.500291318308,1961.9579721842224,STOP,10.074778863661576,-24.0281399472708,-19.905889851551496,-4.122250095719306,"[218636, 218642]","[1980.28, 1980.23]","[-7.364444067192391, -5.029821738608128]",0.0015393683312135982,22.607764,0.009999999767930045,-626.9041626683116,-0.010765806582064512,-1.0765806831906544,35.72085957168622,0.0,17.86040685292726,232,False,False,2026-03-27T13:00:00+00:00,2026-03-29T22:59:59.999000+00:00
ETHUSDT,15,SHORT,1774837799999,1774837800000,1774844099999,2013.14729,2046.594462719592,1929.5293582010197,2047.003781612136,STOP,12.487231359796056,5.126215545016748,1.6203331560950485,3.5058823889217,"[218865, 218881]","[2008.99, 2023.28]","[1.1365293147634983, 0.2591619946124135]",0.7993073224760171,17.222424,0.009999999762712706,-611.0611110003937,-0.010607937327417,-1.0607937579129878,27.970257303743427,0.0,13.9851058876418,7,False,False,2026-03-30T02:30:00+00:00,2026-03-30T04:14:59.999000+00:00
ETHUSDT,15,SHORT,1774845899999,1774845900000,1774860299999,2042.551408,2074.107342372627,1963.6615720684329,2074.5221638411012,STOP,11.68867118631345,15.468557141818565,11.438936959378752,4.029620182439812,"[218896, 218897]","[2047.82, 2051.84]","[4.5247021859891845, 4.515117793120476]",0.0007133609492010333,18.06097,0.009999999847160533,-607.1661990309836,-0.010653332067134086,-1.0653332229959047,29.74333690752599,0.0,14.871645951714349,16,False,False,2026-03-30T04:45:00+00:00,2026-03-30T08:44:59.999000+00:00
ETHUSDT,15,LONG,1774896299999,1774896300000,1774977299999,2036.547228,2005.0753005278013,2115.227046680497,2114.804001271161,TAKE_PROFIT,11.867349736099381,-5.3585249576663045,-0.6486284272837903,-4.709896530382514,"[218938, 218949]","[2042.88, 2030.3]","[-3.393475707363775, -3.2676094758285377]",0.03780799504896116,17.916256,0.009999999621516827,1372.3177151122597,0.02433795322770629,2.43379541488569,29.750668547814723,0.0,14.875390951658346,90,False,False,2026-03-30T18:45:00+00:00,2026-03-31T17:14:59.999000+00:00
ETHUSDT,15,SHORT,1774979099999,1774979100000,1775025899999,2098.03031,2150.272836721346,1967.4239931966354,2150.70289128869,STOP,18.371418360672916,15.9574418576899,10.943594331073847,5.013847526616054,"[219033, 219042]","[2091.49, 2108.07]","[6.3544159722493525, 2.0452078049539972]",0.6523058025186868,11.055788,0.00999999986353368,-601.1261295573282,-0.01040762712669369,-1.040762726872275,18.789237416803633,0.0,9.394595790709962,52,False,False,2026-03-31T17:45:00+00:00,2026-04-01T06:44:59.999000+00:00
ETHUSDT,15,SHORT,1775028599999,1775028600000,1775101499999,2138.02231,2170.7066953366966,2056.311346658258,2056.7226089275896,TAKE_PROFIT,10.853347668348379,16.378980068546298,12.507394721863582,3.871585346682716,"[219099, 219100]","[2156.47, 2157.99]","[5.4969895651743474, 5.12427307461078]",0.0095987780449239,17.487587,0.009999999746575587,1392.3932088927459,0.02436080723770934,2.4360807855071682,29.34238668502167,0.0,14.671250798784689,81,False,False,2026-04-01T07:30:00+00:00,2026-04-02T03:44:59.999000+00:00
ETHUSDT,15,LONG,1775102399999,1775102400000,1775135699999,2055.140946,2020.9298632470686,2140.6686528823284,2020.5256772744192,STOP,14.745068376465698,-25.511921939776585,-17.728809292147545,-7.783112647629039,"[219178, 219182]","[2062.37, 2044.0]","[-9.796211853869691, -8.222539701173194]",0.1910469483580551,17.11419,0.009999999857359136,-620.3129790575986,-0.010594676327446961,-1.0594676478570342,27.900693186950733,0.0,13.95032345499687,37,False,False,2026-04-02T04:00:00+00:00,2026-04-02T13:14:59.999000+00:00
ETHUSDT,15,SHORT,1775149199999,1775149200000,1775430899999,2061.517614,2093.6438936450418,1981.201914887395,2094.062622423771,STOP,11.911946822520978,4.4424014892156265,0.7850039652976553,3.6573975239179712,"[219226, 219234]","[2072.0, 2076.0]","[5.0599842940210475, 4.1072888817772775]",0.06158598845724364,18.031712,0.009999999538928309,-616.8151093414461,-0.010647743628920521,-1.064774411985786,29.97289040643414,0.0,14.986422328985205,313,False,False,2026-04-02T17:00:00+00:00,2026-04-05T23:14:59.999000+00:00
ETHUSDT,15,SHORT,1775443499999,1775443500000,1775467799999,2132.503414,2164.5018623150945,2052.5072932122634,2164.9347626875574,STOP,11.785931157547285,22.74055968049197,20.739298273356596,2.001261407135374,"[219552, 219560]","[2135.0, 2147.73]","[6.400120217778614, 2.0811424100763567]",0.714299576291004,17.910984,0.009999999964920911,-611.665906010721,-0.010672493710367423,-1.0672493747805558,30.78853856945601,0.0,15.394246665403172,27,False,False,2026-04-06T02:45:00+00:00,2026-04-06T09:29:59.999000+00:00
ETHUSDT,15,LONG,1775572199999,1775572200000,1775601899999,2076.255168,2039.141396201979,2169.0395974950525,2168.6057895755534,TAKE_PROFIT,11.194301899010481,-11.458427787397795,-9.440115281210739,-2.0183125061870566,"[219696, 219704]","[2073.1, 2058.01]","[-3.427464644176253, -2.5223211778997996]",0.36888377471264044,15.277537,0.009999999702066793,1384.9496299578288,0.02442561617962872,2.442561690734896,25.94040813568638,0.0,12.970261022255155,33,False,False,2026-04-07T14:30:00+00:00,2026-04-07T22:44:59.999000+00:00
ETHUSDT,15,SHORT,1775606399999,1775606400000,1775933099999,2238.692172,2302.257436174349,2079.779011564127,2302.717887661584,STOP,21.20871808717459,46.72349706330397,32.24790316095839,14.47559390234558,"[219741, 219742]","[2270.0, 2273.0]","[16.347774034912742, 16.112207748984392]",0.0020514982345954,9.137955,0.009999999802737733,-601.6637888630443,-0.01035821674649763,-1.0358216950826165,16.599680304693948,0.0,8.299817081775315,363,False,False,2026-04-08T00:00:00+00:00,2026-04-11T18:44:59.999000+00:00
ETHUSDT,15,LONG,1776006899999,1776006900000,1776092399999,2183.606634,2164.0937102616876,2232.388943345781,2231.942465557112,TAKE_PROFIT,7.283144869156236,-12.301192729447394,-11.353013354370933,-0.9481793750764602,"[220183, 220186]","[2183.01, 2177.0]","[-1.10473992595605, -0.9145388005833137]",0.13698099368804378,29.459444,0.009999999773629052,1371.9148743791131,0.02386603437169786,2.386603491195556,52.03184857106127,0.0,26.01598228403884,95,False,False,2026-04-12T15:15:00+00:00,2026-04-13T14:59:59.999000+00:00
ETHUSDT,15,SHORT,1776094199999,1776094200000,1776108599999,2211.70757,2243.3231966515414,2132.668503371147,2243.7718612908716,STOP,11.796598325770624,9.546792180832199,5.610163928018343,3.936628252813856,"[220283, 220284]","[2234.88, 2235.41]","[5.588085754093687, 5.0377480029855555]",0.00436987233754299,18.61608,0.00999999981469388,-630.0888364266743,-0.010705618082234615,-1.0705618280616274,33.177424612506144,0.0,16.588689093344165,16,False,False,2026-04-13T15:30:00+00:00,2026-04-13T19:29:59.999000+00:00
ETHUSDT,15,SHORT,1776111299999,1776111300000,1776118499999,2248.080294,2287.620677031522,2149.2293364211946,2288.0782011669285,STOP,12.545338515761074,15.02130208212202,12.590110384073107,2.431191698048913,"[220294, 220301]","[2243.0, 2245.0]","[2.1584961227665467, 0.46423621542156823]",0.13605414661575463,14.725657,0.009999999323899533,-615.7146272970159,-0.010574598557815054,-1.0574599272764205,26.71916563898574,0.0,13.359559794056795,8,False,False,2026-04-13T20:15:00+00:00,2026-04-13T22:14:59.999000+00:00
ETHUSDT,15,LONG,1776188699999,1776188700000,1776347999999,2332.26636,2294.257017311781,2427.289716720547,2293.798165908319,STOP,14.176491344109412,-10.839294061697728,-6.269084137357622,-4.570209924340107,"[220380, 220387]","[2331.46, 2328.88]","[-4.494490752874613, -4.348846285342385]",0.005672641247237786,15.156826,0.009999999691640163,-611.1023064154257,-0.010607554829217592,-1.0607555156311992,28.046582033585953,0.0,14.023268255494731,177,False,False,2026-04-14T17:45:00+00:00,2026-04-16T13:59:59.999000+00:00
ETHUSDT,15,LONG,1776351599999,1776351600000,1776431699999,2308.941696,2277.592138211739,2387.3155904706523,2386.8381273525583,TAKE_PROFIT,12.323930894130477,-11.959469485152113,-8.14523703605926,-3.8142324490928523,"[220553, 220567]","[2327.11, 2288.0]","[-1.5544519736980629, -0.8198707110663994]",1.6978898394581445,18.181755,0.009999999839721928,1382.142822913677,0.02424854561530018,2.4248546003951197,34.151007312855796,0.0,17.07556099120355,89,False,False,2026-04-16T15:00:00+00:00,2026-04-17T13:14:59.999000+00:00
ETHUSDT,15,SHORT,1776436199999,1776436200000,1776573899999,2431.0137,2475.4382115419644,2319.952421145089,2320.4164116293177,TAKE_PROFIT,17.734105770982215,27.211528660584918,17.714164398554168,9.49736426203075,"[220645, 220659]","[2376.96, 2381.52]","[4.9879410110883295, 1.6128496784461017]",0.2780642999932527,13.14165,0.009999999412072613,1428.4542021059765,0.024467733276656342,2.4467734715181475,24.97665261059737,0.0,12.488384942068272,153,False,False,2026-04-17T14:30:00+00:00,2026-04-19T04:44:59.999000+00:00
ETHUSDT,15,SHORT,1776607199999,1776607200000,1776625199999,2336.362634,2356.1433535440456,2286.9108351398863,2287.368217306914,TAKE_PROFIT,7.876676772022727,2.818324115467476,-0.5027579005117473,3.3210820159792234,"[220848, 220851]","[2333.94, 2335.71]","[3.4693388107707825, 2.832496525526325]",0.04432198149027869,30.236309,0.00999999983156062,1425.4885005057165,0.02383377584090395,2.3833776242358597,55.92182190117957,0.0,27.960971325441534,20,False,False,2026-04-19T14:00:00+00:00,2026-04-19T18:59:59.999000+00:00
ETHUSDT,15,LONG,1776626099999,1776626100000,1776632399999,2299.239756,2273.737389146086,2362.9956731347847,2273.282641668257,STOP,10.531305426956907,-10.638227616888344,-7.646655219151301,-2.991572397737043,"[220872, 220875]","[2287.93, 2286.3]","[-4.206776027957511, -3.756879709093945]",0.01597727758632825,24.011529,0.009999999637886422,-667.1873051948678,-0.010895507245976575,-1.08955076405177,43.917301661904354,0.0,21.958626778497106,7,False,False,2026-04-19T19:15:00+00:00,2026-04-19T20:59:59.999000+00:00
ETHUSDT,15,LONG,1776633299999,1776633300000,1776636899999,2284.616832,2257.0690672798337,2353.486243800416,2256.6176534663778,STOP,10.370466360083235,-12.682690568367434,-10.958833057235157,-1.7238575111322767,"[220875, 220882]","[2286.3, 2276.31]","[-3.756879709093945, -1.6585199213473842]",0.5383560035924431,21.986501,0.009999999771565581,-655.5423094510446,-0.010823263502352229,-1.0823263749592824,39.938342622376396,0.0,19.969147485795425,4,False,False,2026-04-19T21:15:00+00:00,2026-04-19T22:14:59.999000+00:00
ETHUSDT,15,SHORT,1776671999999,1776672000000,1776690899999,2296.370634,2325.9208343349824,2222.4951331625434,2326.3860185018493,STOP,12.300417167491274,3.4357007655394227,-0.5139086591845767,3.9496094247239997,"[220902, 220925]","[2292.91, 2331.88]","[4.075310819316471, 4.004140277364905]",0.06187933929606963,20.274771,0.009999999958053856,-646.0451802592293,-0.010783171236733974,-1.078317128196522,37.49013300728063,0.0,18.74504291124014,21,False,False,2026-04-20T08:00:00+00:00,2026-04-20T13:14:59.999000+00:00
ETHUSDT,15,LONG,1776742199999,1776742200000,1776792599999,2305.671042,2283.3407015228113,2361.496893192972,2282.8840333825065,STOP,7.649649238594441,-3.3699061361785425,-1.5757007367660616,-1.794205399412481,"[220989, 221001]","[2306.01, 2304.47]","[-2.9486115183558597, -1.1204027038275077]",0.12136766963891248,26.54071,0.009999999920695876,-653.4967913142965,-0.011026446496654619,-1.1026446584098888,48.7134038299021,0.0,24.356678697882696,56,False,False,2026-04-21T03:30:00+00:00,2026-04-21T17:29:59.999000+00:00
ETHUSDT,15,LONG,1776793499999,1776793500000,1777303799999,2313.922692,2264.5693887952634,2437.305950011841,2264.1164749175045,STOP,13.715305602368248,-3.4005994571916744,-3.3510943679800715,-0.049505089211602904,"[221052, 221061]","[2288.79, 2280.82]","[-1.1838943399707071, -0.9617528207725692]",0.11825022680854506,11.876168,0.009999999874108371,-613.2548264189439,-0.010462811756485389,-1.0462811888203432,21.74782490275693,0.0,10.873889226053974,567,False,False,2026-04-21T17:45:00+00:00,2026-04-27T15:29:59.999000+00:00
ETHUSDT,15,SHORT,1777336199999,1777336200000,1777437899999,2298.150278,2316.3473198499255,2252.6576733751863,2316.8105893138954,STOP,5.8086599249627735,0.5570173090159187,-1.8877433938134942,2.444760702829413,"[221648, 221662]","[2295.0, 2298.71]","[2.34580265551293, 2.028179380645862]",0.0957137873183406,31.873069,0.009999999847404054,-653.5985765317512,-0.011269026865477717,-1.1269027037438502,58.83718646247826,0.0,29.41857061752635,113,False,False,2026-04-28T00:30:00+00:00,2026-04-29T04:44:59.999000+00:00
ETHUSDT,15,LONG,1777472999999,1777473000000,1777477499999,2303.71065,2274.8411681531584,2375.8843546171042,2274.386199919528,STOP,9.299415923420822,-5.601741182141723,-1.2409529995250872,-4.360788182616636,"[221814, 221815]","[2292.12, 2288.07]","[-5.127084321349759, -4.953970057386019]",0.01508883314476096,19.863868,0.009999999704779794,-618.8724901782975,-0.010791911010370168,-1.0791911328969195,36.37548460720692,0.0,18.18771973123203,5,False,False,2026-04-29T14:30:00+00:00,2026-04-29T15:44:59.999000+00:00
ETHUSDT,15,LONG,1777479299999,1777479300000,1777486499999,2275.444998,2247.000982392615,2346.555037018463,2246.551582196136,STOP,10.689508803692588,-13.608671580319424,-8.807268579558416,-4.801403000761008,"[221820, 221821]","[2282.0, 2280.88]","[-4.145794953791907, -3.9332797727625923]",0.005886223759894776,19.943417,0.009999999925090977,-612.3070653194142,-0.010793909914035968,-1.0793909994892092,36.07362538857019,0.0,18.036790366419115,8,False,False,2026-04-29T16:15:00+00:00,2026-04-29T18:14:59.999000+00:00
ETHUSDT,15,LONG,1777489199999,1777489200000,1777847399999,2238.307572,2192.2181959593813,2353.5310121015464,2353.060305899126,TAKE_PROFIT,14.390902020309236,-23.296756494066813,-18.451901520239765,-4.844854973827047,"[221826, 221832]","[2260.66, 2225.69]","[-4.435550196624641, -2.3783386116413023]",1.1943426980288103,12.175209,0.0099999997855352,1374.7781731395191,0.02449939531114474,2.449939583657054,22.360345403723336,0.0,11.180229034611571,398,False,False,2026-04-29T19:00:00+00:00,2026-05-03T22:29:59.999000+00:00
ETHUSDT,15,SHORT,1777866299999,1777866300000,1778060699999,2377.814342,2411.496036584679,2293.6101055383024,2411.978335791996,STOP,13.24801829233952,15.950646659985978,9.233101592410886,6.717545067575092,"[222252, 222253]","[2387.5, 2391.62]","[7.562676699205737, 7.313344738101169]",0.0100551027207204,17.068487,0.009999999763720605,-615.8294895281991,-0.010712023387039044,-1.0712023640142092,32.70180562143515,0.0,16.350880139645422,216,False,False,2026-05-04T03:45:00+00:00,2026-05-06T09:44:59.999000+00:00
ETHUSDT,15,SHORT,1778067899999,1778067900000,1778091299999,2407.698364,2434.7815126706196,2339.9904923234512,2340.458490421916,TAKE_PROFIT,8.720756335309778,14.029340980239795,11.865708720544594,2.1636322596952002,"[222470, 222477]","[2417.9, 2422.52]","[4.765581199847761, 2.971946386503685]",0.20172213893013582,20.999673,0.009999999666779624,1372.1314611828807,0.02412592769537029,2.412592849929539,39.88389651822754,0.0,19.942005537408296,26,False,False,2026-05-06T11:45:00+00:00,2026-05-06T18:14:59.999000+00:00
ETHUSDT,15,LONG,1778093099999,1778093100000,1778116499999,2345.51901,2320.9811907751896,2406.863558062026,2320.5169945370344,STOP,9.509404612405207,-12.16342364699176,-10.89295824444411,-1.27046540254765,"[222488, 222504]","[2343.27, 2335.17]","[-7.288579983256381, -1.3070680155532521]",0.6762908222202053,23.737178,0.009999999711815352,-637.7807022808051,-0.010949803177010308,-1.0949803492566834,44.30341087764176,0.0,22.151682585796525,26,False,False,2026-05-06T18:45:00+00:00,2026-05-07T01:14:59.999000+00:00
ETHUSDT,15,LONG,1778168699999,1778168700000,1778207399999,2295.338976,2269.4409472095754,2360.084047976061,2268.9870590201335,STOP,9.379526395212208,-11.522254164013702,-7.806241124617044,-3.7160130393966586,"[222569, 222582]","[2316.11, 2313.74]","[-1.6116633531117637, -1.1162583496096443]",0.10721230232671196,22.244194,0.009999999725696195,-626.7890550929362,-0.01088022831736493,-1.088022861581374,40.61190152089546,0.0,20.30592812559871,43,False,False,2026-05-07T15:45:00+00:00,2026-05-08T02:29:59.999000+00:00
ETHUSDT,15,SHORT,1778240699999,1778240700000,1778262299999,2288.802148,2303.4629065479726,2252.1502516300693,2303.923599129282,STOP,5.3064532739861825,2.420423968689647,1.0214325103930746,1.3989914582965726,"[222661, 222668]","[2291.18, 2291.66]","[2.0836464638384493, 1.3904643692517094]",0.029580431533527057,38.866536,0.009999999965060525,-659.1197609240488,-0.011567301455371725,-1.1567301495787268,71.40133623557085,0.0,35.70064603707428,24,False,False,2026-05-08T11:45:00+00:00,2026-05-08T17:44:59.999000+00:00
ETHUSDT,15,SHORT,1778300999999,1778301000000,1778346899999,2315.466814,2330.3866299666242,2278.167274083439,2330.8527072926177,STOP,4.928314983312138,3.8652367783806767,3.864471772557523,0.0007650058231538637,"[222733, 222736]","[2319.72, 2324.51]","[0.27043628453786983, 0.1252094321360735]",0.5264036262933965,37.749909,0.009999999835998542,-650.9753273255128,-0.011558065365484071,-1.155806555503803,70.15925564548795,0.0,35.07960599328535,51,False,False,2026-05-09T04:30:00+00:00,2026-05-09T17:14:59.999000+00:00
ETHUSDT,15,LONG,1778372999999,1778373000000,1778376599999,2326.995306,2318.4075098843186,2348.4647962892036,2317.9438283823415,STOP,3.686245057840748,1.4692874981901696,2.5126263546752217,-1.043338856485052,"[222814, 222816]","[2323.47, 2322.62]","[-1.1818535954001668, -1.1480817924628242]",0.006546723740665974,64.825939,0.009999999930648682,-707.2155522958592,-0.012703437586078585,-1.2703437674178601,120.44501639367299,0.0,60.222487134914545,4,False,False,2026-05-10T00:30:00+00:00,2026-05-10T01:29:59.999000+00:00
ETHUSDT,15,LONG,1778378399999,1778378400000,1778433299999,2323.244556,2311.0016163814266,2353.8519050464333,2353.3811346654243,TAKE_PROFIT,4.024191809286694,-0.7280560884823899,0.5849068003834288,-1.3129628888658187,"[222816, 222819]","[2322.62, 2319.36]","[-1.1480817924628242, -1.1037537507844273]",0.03220801564145916,44.894429,0.009999999781307906,1268.9827151861389,0.023087533428755247,2.308753393366136,83.98177601166194,0.0,41.99094380404837,61,False,False,2026-05-10T02:00:00+00:00,2026-05-10T17:14:59.999000+00:00
ETHUSDT,15,SHORT,1778525099999,1778525100000,1778574599999,2337.452416,2359.7327719200316,2281.751526199921,2282.207876505161,TAKE_PROFIT,8.211385960015747,2.2235423517295203,0.3412410154840475,1.8823013362454728,"[222976, 222983]","[2341.09, 2343.31]","[1.8066090737973655, 1.6484075558157225]",0.022559297938743544,25.238807,0.009999999650162537,1347.6683843028723,0.02396580813227218,2.396580897068596,46.63788581124052,0.0,23.31899961063105,55,False,False,2026-05-11T18:45:00+00:00,2026-05-12T08:29:59.999000+00:00
ETHUSDT,15,SHORT,1778616899999,1778616900000,1778639399999,2283.623184,2298.7950921503734,2245.693413624066,2299.2548511688037,STOP,6.26254607518682,-0.18741844887745174,-2.817604163465055,2.6301857145876033,"[223086, 223087]","[2285.95, 2286.64]","[2.7587019286535757, 2.742481255416121]",0.0006244610287686576,37.952135,0.009999999997536894,-662.8271450172108,-0.011511286652588493,-1.1511286655423845,69.57200235170447,0.0,34.785978837085686,25,False,False,2026-05-12T20:15:00+00:00,2026-05-13T02:29:59.999000+00:00
ETHUSDT,15,SHORT,1778641199999,1778641200000,1778647499999,2292.381432,2306.7927174458027,2256.353218385493,2307.254075989292,STOP,5.896358722901391,3.857254973135241,2.469332887741147,1.3879220853940941,"[223110, 223111]","[2293.99, 2294.44]","[1.217678360668877, 1.2004540185430583]",0.0010765488315714962,39.495299,0.009999999870586949,-660.0651131492597,-0.01159681281663431,-1.1596812966712207,72.66559187162159,0.0,36.332773893140896,7,False,False,2026-05-13T03:00:00+00:00,2026-05-13T04:44:59.999000+00:00
ETHUSDT,15,SHORT,1778649299999,1778649300000,1778663699999,2302.129482,2317.5740879316245,2263.5179671709384,2318.037602749211,STOP,5.457043965812344,6.897628541354152,5.646460945898255,1.2511675954558967,"[223120, 223122]","[2303.56, 2307.0]","[1.4698091771845787, 1.4287562722692781]",0.017467654366404142,36.425492,0.009999999749630967,-646.777868759098,-0.011496691606868918,-1.1496691894710482,67.31674367367829,0.0,33.65835000472814,16,False,False,2026-05-13T05:15:00+00:00,2026-05-13T09:14:59.999000+00:00
ETHUSDT,15,SHORT,1778667299999,1778667300000,1778679899999,2313.527202,2331.8621214090226,2267.6899034774433,2268.143441458139,TAKE_PROFIT,5.576060704511328,8.18989976829289,6.9146891609843,1.2752106073085896,"[223123, 223138]","[2308.76, 2314.96]","[1.520960562919182, 0.12888964114796053]",1.0594545541449754,30.330627,0.009999999936468898,1320.9319355230768,0.023753086139206816,2.375308629011279,55.58597732943152,0.0,27.793044837154067,14,False,False,2026-05-13T10:15:00+00:00,2026-05-13T13:44:59.999000+00:00
ETHUSDT,15,LONG,1778688899999,1778688900000,1778853599999,2244.828876,2213.662228318154,2322.745495204614,2213.219495872491,STOP,10.098885840922874,-17.60040010204966,-13.279798161782153,-4.320601940267508,"[223160, 223167]","[2248.0, 2233.0]","[-5.822748389883841, -4.7511398357997585]",0.27696790375739905,18.266928,0.00999999973033147,-609.9802103656494,-0.010714209278021228,-1.0714209566949744,32.573939451804804,0.0,16.286947281129457,183,False,False,2026-05-13T16:15:00+00:00,2026-05-15T13:59:59.999000+00:00
ETHUSDT,15,SHORT,1779015599999,1779015600000,1779059699999,2192.821348,2201.250289102962,2171.748995242595,2172.1833450416434,TAKE_PROFIT,3.695144551480994,3.6411884781950903,2.7330502042786766,0.9081382739164137,"[223508, 223528]","[2194.9, 2196.06]","[1.884502550699972, 0.6689184831931865]",0.2088952839638341,66.819677,0.009999999991073052,1262.357410125412,0.02241325551276687,2.2413255532775067,116.6672814770107,0.0,58.333698232840945,49,False,False,2026-05-17T11:00:00+00:00,2026-05-17T23:14:59.999000+00:00
ETHUSDT,15,LONG,1779065999999,1779066000000,1779128999999,2114.82288,2079.418608093809,2203.3335597654773,2079.00272437219,STOP,13.120695953095499,-22.279768505160973,-13.200566006497233,-9.07920249866374,"[223557, 223579]","[2175.04, 2172.63]","[-1.2277613955497442, -1.138209316872551]",0.03309635973344147,16.26478,0.009999999948916547,-609.89161117748,-0.010591288468624161,-1.0591288522728122,27.284660325392284,0.0,13.642307404110404,70,False,False,2026-05-18T01:00:00+00:00,2026-05-18T18:29:59.999000+00:00
ETHUSDT,15,LONG,1779131699999,1779131700000,1779497099999,2105.350986,2052.8233757864564,2236.670011533859,2052.412811111299,STOP,12.588312106771783,-9.765020113143692,-8.940444246977016,-0.8245758661666756,"[223650, 223657]","[2089.01, 2074.26]","[-3.657623749656537, -1.1793155104240292]",0.9174850915571048,10.846558,0.009999999830421788,-592.2359548147045,-0.010394777005779027,-1.03947771820518,18.038970470267177,0.0,9.01946262803272,406,False,False,2026-05-18T19:15:00+00:00,2026-05-23T00:44:59.999000+00:00
ETHUSDT,15,SHORT,1779562799999,1779562800000,1779569099999,2072.575402,2090.621255526981,2027.460768182548,2091.039379778086,STOP,6.535627763490391,9.147569973311874,7.162231554280835,1.9853384190310397,"[224124, 224136]","[2067.84, 2079.11]","[5.272624983886859, 1.7967258187773778]",1.192394365064333,31.243821,0.00999999993780207,-628.9201106284337,-0.011154597667270538,-1.1154597736649827,52.03489398193143,0.0,26.01742495625405,7,False,False,2026-05-23T19:00:00+00:00,2026-05-23T20:44:59.999000+00:00
ETHUSDT,15,LONG,1779634799999,1779634800000,1779659099999,2097.639444,2077.959096282449,2146.8403132938774,2077.5435044631927,STOP,7.585451858775482,-6.178539704043942,-2.4373876830602987,-3.7411520209836433,"[224213, 224214]","[2114.41, 2114.17]","[-1.0812569305003943, -1.0387410658830558]",0.002098403464186374,28.329388,0.009999999761011862,-616.6178194499578,-0.011059770136378171,-1.1059770400693565,47.31215108719911,0.0,23.65605371761497,27,False,False,2026-05-24T15:00:00+00:00,2026-05-24T21:44:59.999000+00:00
ETHUSDT,15,SHORT,1779671699999,1779671700000,1779700499999,2105.158884,2121.5670279259425,2064.138524185143,2121.991341331528,STOP,7.908513962971354,1.093286328889917,-1.4339465633347137,2.5272328922246308,"[224258, 224259]","[2108.63, 2108.74]","[2.7296598886042496, 2.6148546821911536]",0.0005651134064021435,33.603193,0.009999999737378742,-622.4426103203205,-0.011289099497665812,-1.128909979414157,56.818297944723525,0.0,28.409127483754368,32,False,False,2026-05-25T01:15:00+00:00,2026-05-25T09:14:59.999000+00:00
ETHUSDT,15,SHORT,1779703199999,1779703200000,1779722099999,2115.416832,2130.7121994077584,2077.1784134806044,2131.13834184764,STOP,5.411099703879118,5.424192058235803,4.608876693838748,0.8153153643970557,"[224292, 224294]","[2122.39, 2123.72]","[1.1329744687093015, 1.0843918428979453]",0.010324834495260773,35.640962,0.009999999872764771,-620.8702596951583,-0.011389155442384091,-1.1389155587294273,60.54052463280285,0.0,30.270241114021665,21,False,False,2026-05-25T10:00:00+00:00,2026-05-25T15:14:59.999000+00:00
ETHUSDT,15,SHORT,1779722999999,1779723000000,1779811199999,2123.535208,2141.949928449763,2077.498406875593,2077.9139065569684,TAKE_PROFIT,5.519964224881369,5.048081775290939,4.166812544735914,0.8812692305550245,"[224294, 224313]","[2123.72, 2127.95]","[1.0843918428979453, 0.2774012434865871]",0.6615638288472749,29.266418,0.00999999987272598,1285.9875313388281,0.023861736787062583,2.3861737090760498,49.18454639694165,0.0,24.592327589047038,98,False,False,2026-05-25T15:30:00+00:00,2026-05-26T15:59:59.999000+00:00
ETHUSDT,15,LONG,1779818399999,1779818400000,1779905699999,2070.31398,2041.8926915041623,2141.3672012395946,2041.4843129658614,STOP,11.143654247918903,-13.334643614762172,-8.298167412347487,-5.0364762024146845,"[224421, 224422]","[2063.0, 2053.0]","[-5.854115793000768, -5.743636821054289]",0.016632517021398646,19.41477,0.009999999837653345,-591.6532019021138,-0.010722380113430246,-1.0722380287504505,31.931847257729927,0.0,15.965901878646852,97,False,False,2026-05-26T18:00:00+00:00,2026-05-27T18:14:59.999000+00:00
ETHUSDT,15,LONG,1779906599999,1779906600000,1779918299999,2051.990316,2025.1619176388167,2119.061311902958,2024.756885255289,STOP,9.419041180591634,-7.495360445114784,-5.753675346040619,-1.7416850990741652,"[224502, 224519]","[2051.0, 2043.43]","[-3.0406416148559363, -1.3873746071697024]",0.4430096069572323,20.346956,0.00999999972184137,-587.2971754625083,-0.010758796866567557,-1.0758797165832785,33.1797583708258,0.0,16.589857684310527,13,False,False,2026-05-27T18:30:00+00:00,2026-05-27T21:44:59.999000+00:00
ETHUSDT,15,LONG,1779921899999,1779921900000,1779938999999,2029.265772,2004.2111415809613,2091.9023480475967,2003.8102993526452,STOP,10.02942920951935,-11.57585972420111,-8.073981380010292,-3.5018783441908177,"[224520, 224534]","[2041.64, 2023.0]","[-1.9273348459808393, -0.9201542486978287]",1.1426077961510446,21.553033,0.00999999984795431,-583.412650661987,-0.010803872262972523,-1.0803872427240748,34.770008662949564,0.0,17.384983081168425,19,False,False,2026-05-27T22:45:00+00:00,2026-05-28T03:29:59.999000+00:00
ETHUSDT,15,SHORT,1779979499999,1779979500000,1779987599999,1983.033314,2010.6161557770786,1914.0762095573036,2011.018279008234,STOP,9.308077888539296,-3.393731921991048,-3.783887212488683,0.3901552904976353,"[224584, 224601]","[1997.95, 2002.21]","[3.1154790791864144, 0.5971401034199437]",0.37804205427490173,19.365994,0.009999999820835988,-572.8961761140249,-0.010724995399135063,-1.0724995591288387,30.93951167435516,0.0,15.469734777700394,9,False,False,2026-05-28T14:45:00+00:00,2026-05-28T16:59:59.999000+00:00
ETHUSDT,15,SHORT,1779992999999,1779993000000,1780069499999,2020.525814,2044.2530151360052,1961.207811159987,2044.6618657390325,STOP,8.976507568002601,9.27688941078577,5.551931957087924,3.7249574536978463,"[224614, 224615]","[2021.51, 2026.82]","[3.977932174056817, 3.9303403248912097]",0.0069938222018470575,22.271493,0.009999999959182323,-573.7610269346957,-0.010857634053887573,-1.0857634098205913,36.21511958119764,0.0,18.107539013064088,85,False,False,2026-05-28T18:30:00+00:00,2026-05-29T15:44:59.999000+00:00
ETHUSDT,15,SHORT,1780072199999,1780072200000,1780410599999,2023.84515,2059.9580114621176,1933.5629963447066,1933.9497089439753,TAKE_PROFIT,11.509005731058709,5.7649161954695956,1.168246228958831,4.596669966510765,"[224665, 224700]","[2020.76, 2021.91]","[1.4897016894152681, 0.7874894323082371]",0.05383159198106318,14.474139,0.009999999820025297,1278.2448401424706,0.02445453446431784,2.445453490443761,22.914269168736197,0.0,11.457187089019955,376,False,False,2026-05-29T16:30:00+00:00,2026-06-02T14:29:59.999000+00:00
ETHUSDT,15,LONG,1780415999999,1780416000000,1780439399999,1914.492822,1878.7960145691436,2003.734840577141,1878.4202553662296,STOP,13.266992715428227,-20.326609609591742,-13.120114207691632,-7.20649540190011,"[225061, 225080]","[1965.52, 1958.08]","[-1.684884372240619, -0.2964750307256918]",0.7569452816722799,15.000922,0.009999999806159256,-563.8806357035309,-0.010530278151312186,-1.0530278355431884,22.758877290540312,0.0,11.379417455576517,26,False,False,2026-06-02T16:00:00+00:00,2026-06-02T22:29:59.999000+00:00
ETHUSDT,15,LONG,1780460099999,1780460100000,1780516799999,1840.06794,1797.8920699102018,1945.5076152244956,1797.5324914962198,STOP,14.478965044899118,-21.881694363078168,-21.00110984009822,-0.880584522979948,"[225117, 225134]","[1837.01, 1823.0]","[-3.7970444741851246, -1.0131264203474117]",0.7482324773127234,12.562781,0.009999999839206955,-552.6428753243263,-0.010430250253374854,-1.0430250421086027,18.279351034557003,0.0,9.13965450832371,63,False,False,2026-06-03T04:15:00+00:00,2026-06-03T19:59:59.999000+00:00
ETHUSDT,15,LONG,1780518599999,1780518600000,1780520399999,1809.831894,1769.9659175260972,1909.4968351847572,1769.611924342592,STOP,12.847041236951416,-16.116208468607965,-14.864832372471856,-1.2513760961361093,"[225199, 225200]","[1794.2, 1791.96]","[-1.3745780160573844, -1.3582759496798538]",0.0020953410960117677,13.152062,0.009999999906286397,-547.8063613820929,-0.01044794345415764,-1.0447943552069083,18.830826809743403,0.0,9.415392622466022,2,False,False,2026-06-03T20:30:00+00:00,2026-06-03T20:59:59.999000+00:00
ETHUSDT,15,LONG,1780572599999,1780572600000,1780638299999,1747.559442,1706.284582521894,1850.7465906952652,1705.9433256053896,STOP,13.877708739053036,-16.870147140546123,-14.597274800785604,-2.2728723397605197,"[225254, 225259]","[1743.59, 1728.88]","[-3.386764346673951, -2.697079231109475]",0.2185575874729564,12.570405,0.009999999313524802,-540.4962089903614,-0.010417361825977233,-1.0417362541103332,17.36477138296825,0.0,8.682365113521225,73,False,False,2026-06-04T11:30:00+00:00,2026-06-05T05:44:59.999000+00:00
ETHUSDT,15,LONG,1780641899999,1780641900000,1780668899999,1664.312796,1603.3558722570763,1816.7051053573093,1603.0352010826248,STOP,19.49206387146185,-27.604798385155163,-18.750861399025705,-8.853936986129458,"[225329, 225334]","[1717.58, 1696.44]","[-1.7862308510301244, -1.7310839898053807]",0.044040588372104984,8.422944,0.009999999641898266,-527.1460261269109,-0.010267009558911737,-1.0267009926575144,11.008275683175645,0.0,5.504117416242502,30,False,False,2026-06-05T06:45:00+00:00,2026-06-05T14:14:59.999000+00:00
ETHUSDT,15,LONG,1780675199999,1780675200000,1780720199999,1582.51644,1533.940462920929,1703.9563826976776,1533.6336748283447,STOP,20.349768539535503,-33.36749472268639,-27.384752142430735,-5.982742580255653,"[225372, 225374]","[1578.03, 1571.21]","[-7.074834016599638, -6.400090825336839]",0.03107354002972145,10.461247,0.009999999631352107,-524.4142069198015,-0.010319756057193426,-1.0319756437629073,13.03952641611907,0.0,6.519743013862036,50,False,False,2026-06-05T16:00:00+00:00,2026-06-06T04:29:59.999000+00:00
ETHUSDT,15,SHORT,1780792199999,1780792200000,1780794899999,1565.316874,1581.9832107144725,1523.6510322138188,1582.2996073566155,STOP,6.69160535723626,1.812238150257599,0.32688712757494165,1.4853510226826574,"[225503, 225504]","[1569.0, 1572.0]","[1.59431749721886, 1.548959661344901]",0.012583583194098451,30.175867,0.009999999779655929,-550.4615255890604,-0.010945284413563223,-1.094528465473608,37.99282252337008,0.0,18.996391522792578,3,False,False,2026-06-07T00:30:00+00:00,2026-06-07T01:14:59.999000+00:00
ETHUSDT,15,SHORT,1780803899999,1780803900000,1780813799999,1593.471242,1612.5028762462068,1545.8921563844826,1612.825376821456,STOP,7.671438123103458,11.027306786338386,9.058723255169548,1.9685835311688376,"[225509, 225517]","[1595.7, 1599.99]","[3.7414010850278663, 2.267404375073596]",0.21959527633507853,26.136302,0.00999999968464233,-539.3658073347328,-0.010843342485054858,-1.0843342827007991,33.52029469243858,0.0,16.7601277828039,11,False,False,2026-06-07T03:45:00+00:00,2026-06-07T06:29:59.999000+00:00
ETHUSDT,15,LONG,1780898399999,1780898400000,1781022599999,1652.98053,1623.9136116852253,1725.6478257869367,1623.5888289628883,STOP,11.04319415738732,-2.0203369751593527,3.80620205921534,-5.826539034374693,"[225620, 225621]","[1647.12, 1646.0]","[-6.595448011105066, -6.219348715700735]",0.0056560455741801186,16.927246,0.00999999957218707,-519.7058720437354,-0.010562635892366203,-1.0562636344249443,22.185318230090846,0.0,11.092639657928856,138,False,False,2026-06-08T06:00:00+00:00,2026-06-09T16:29:59.999000+00:00
ETHUSDT,15,LONG,1781024399999,1781024400000,1781472599999,1631.686272,1600.916078605342,1708.6117554866453,1708.270033135548,TAKE_PROFIT,11.316960697329069,-14.634068422670225,-11.854769104709156,-2.779299317961069,"[225761, 225762]","[1621.29, 1613.1]","[-3.5419431863030315, -3.3625587269399393]",0.03637422555125633,15.821344,0.009999999497528313,1190.5209906799284,0.02445476174536146,2.445476297414406,21.13703905940739,0.0,10.56856841876762,498,False,False,2026-06-09T17:00:00+00:00,2026-06-14T21:29:59.999000+00:00
ETHUSDT,15,LONG,1781517599999,1781517600000,1781522999999,1717.983528,1703.1408528346226,1755.0902159134432,1754.7391978702606,TAKE_PROFIT,4.934573582688656,2.259946841230658,3.2374853141121,-0.977538472881442,"[226304, 226310]","[1714.2, 1711.27]","[-1.2799885155970134, -0.9970893089427357]",0.13146724323941605,33.601156,0.009999999893275852,1188.3579979724411,0.023827632154184264,2.382763240848264,46.67499922268475,0.0,23.33754994616426,6,False,False,2026-06-15T10:00:00+00:00,2026-06-15T11:29:59.999000+00:00
ETHUSDT,15,SHORT,1781540999999,1781541000000,1781576999999,1840.911744,1864.9964600054407,1780.6999539863982,1781.0560939771956,TAKE_PROFIT,10.503230002720342,34.11328162766904,30.968578131697466,3.144703495971573,"[226325, 226334]","[1826.86, 1832.99]","[8.178039299040837, 2.7677900647271763]",0.39988528302192894,21.200774,0.009999999841249609,1238.2707001292822,0.024250591930254996,2.42505923152341,30.715408627289257,0.0,15.357755687399205,40,False,False,2026-06-15T16:30:00+00:00,2026-06-16T02:29:59.999000+00:00
ETHUSDT,15,LONG,1781579699999,1781579700000,1781613899999,1773.974724,1751.5400259272335,1830.0614691819162,1829.6954568880797,TAKE_PROFIT,8.199987036383222,-10.069319198941457,-7.357434590463653,-2.7118846084778045,"[226366, 226377]","[1781.87, 1771.62]","[-5.667596229837601, -2.1759087234459695]",0.7532222940156342,23.311984,0.009999999742337338,1265.3573529159323,0.02419433648765717,2.4194337111054898,33.603480639256006,0.0,16.801792950133063,38,False,False,2026-06-16T03:15:00+00:00,2026-06-16T12:44:59.999000+00:00
ETHUSDT,15,SHORT,1781614799999,1781614800000,1781699399999,1813.677192,1836.771508658198,1755.941400354505,1756.2925886345758,TAKE_PROFIT,9.485754329098997,9.983729745208166,6.781862956955617,3.2018667882525484,"[226403, 226416]","[1807.32, 1809.06]","[4.942223746467254, 2.0863906251979225]",0.1313503234688266,23.194057,0.009999999765225523,1297.8609283479118,0.02422960374520903,2.42296043140583,33.12083303212634,0.0,16.56047041775244,94,False,False,2026-06-16T13:00:00+00:00,2026-06-17T12:29:59.999000+00:00
ETHUSDT,15,LONG,1781701199999,1781701200000,1781724599999,1758.60165,1737.417254252627,1811.5626393684327,1737.0697708017765,STOP,7.9913728736865455,-9.861070215281188,-8.6531607532266,-1.2079094620545874,"[226513, 226514]","[1742.4, 1741.31]","[-1.61589267579369, -1.602775513428778]",0.0010788504923736147,25.897812,0.00999999962804733,-593.8406559901848,-0.0108240740907112,-1.082407449331554,36.21209650787892,0.0,18.106026673038148,26,False,False,2026-06-17T13:00:00+00:00,2026-06-17T19:29:59.999000+00:00
ETHUSDT,15,LONG,1781735399999,1781735400000,1781797499999,1743.188568,1710.2426095995013,1825.5534640012468,1709.9005610775814,STOP,11.878695200249346,-10.038355923079507,-9.128690545615825,-0.909665377463682,"[226543, 226552]","[1728.24, 1724.22]","[-4.718948359611131, -1.6365612744429683]",0.21846632377383585,16.47216,0.00999999973982937,-571.0773107585572,-0.010523063633666514,-1.052306390744573,22.75193465137063,0.0,11.375945847708104,69,False,False,2026-06-17T22:30:00+00:00,2026-06-18T15:44:59.999000+00:00
ETHUSDT,15,LONG,1781804699999,1781804700000,1781967599999,1681.166166,1657.5875087772858,1740.1128090567852,1739.764786494974,TAKE_PROFIT,10.571245611357057,-20.394472062723253,-15.589778234533165,-4.8046938281900875,"[226623, 226629]","[1678.05, 1670.56]","[-6.4283120732431085, -5.526201925911419]",0.09708729340431226,22.773999,0.00999999956932189,1303.3616133174398,0.024272054641882916,2.4272055687227225,31.163311236475835,0.0,15.581709622503285,181,False,False,2026-06-18T17:45:00+00:00,2026-06-20T14:59:59.999000+00:00
ETHUSDT,15,LONG,1782020699999,1782020700000,1782031499999,1733.686668,1725.236466125146,1754.8121726871348,1724.891418831921,STOP,3.756766937426953,0.01802187250973475,0.7762519030299719,-0.7582300305202372,"[226868, 226869]","[1730.22, 1728.49]","[-0.8538508815767503, -0.780323756529415]",0.038822402872116385,65.088853,0.00999999986148559,-662.5186324725918,-0.012045487684870593,-1.2045487851717958,90.04595227312966,0.0,45.02295503857582,12,False,False,2026-06-21T05:45:00+00:00,2026-06-21T08:44:59.999000+00:00
ETHUSDT,15,LONG,1782032399999,1782032400000,1782041399999,1728.635658,1719.0643470407147,1752.5639353982133,1718.7205341713066,STOP,3.292826479642646,-1.7933172630248464,-0.8914461869363752,-0.9018710760884712,"[226869, 226881]","[1728.49, 1728.08]","[-0.780323756529415, -0.7701293320370833]",0.0017379977528737564,56.772658,0.009999999903507494,-641.1941637949925,-0.011799915648572796,-1.179991576243314,78.28622964092955,0.0,39.14309386987116,10,False,False,2026-06-21T09:00:00+00:00,2026-06-21T11:29:59.999000+00:00
ETHUSDT,15,LONG,1782046799999,1782046800000,1782076499999,1725.485028,1710.1284117314633,1763.876568671342,1709.786386049117,STOP,4.755794134268391,-3.516800792371896,-2.5795363455420235,-0.9372644468298725,"[226882, 226893]","[1722.82, 1717.19]","[-0.906657658779213, -0.049777921343398424]",1.208085050733007,34.967131,0.009999999729413957,-596.9851038408683,-0.011117520784521535,-1.1117521085346138,48.04863422224428,0.0,24.024296114635202,33,False,False,2026-06-21T13:00:00+00:00,2026-06-21T21:14:59.999000+00:00
ETHUSDT,15,SHORT,1782137699999,1782137700000,1782196199999,1766.6466,1792.3808035806314,1702.3110910484215,1702.651553266631,TAKE_PROFIT,7.515401790315716,9.962622605359684,8.895528722836492,1.0670938825231921,"[226991, 226998]","[1774.19, 1779.0]","[1.562872799621001, 1.2252303793763506]",0.14488081346650902,20.634288,0.009999999846768276,1291.8576259688443,0.024328449223833797,2.4328449596622828,28.634598900948724,0.0,14.31735284285747,65,False,False,2026-06-22T14:15:00+00:00,2026-06-23T06:29:59.999000+00:00
ETHUSDT,15,SHORT,1782226799999,1782226800000,1782302399999,1660.937746,1681.389084277355,1609.8094003066126,1681.7253620942104,STOP,8.034542138677502,-8.240861390785312,-11.678105655362012,3.4372442645767,"[227097, 227098]","[1669.73, 1672.0]","[3.6369728784620268, 3.61490693683805]",0.0016805967018151354,26.596086,0.009999999983634626,-588.4299275733663,-0.010818207102729368,-1.081820712043377,35.56070219676037,0.0,17.780329694824356,84,False,False,2026-06-23T15:00:00+00:00,2026-06-24T11:59:59.999000+00:00
ETHUSDT,15,SHORT,1782305999999,1782306000000,1782315899999,1670.495834,1688.3802409651635,1625.7848165870912,1626.1099735504088,TAKE_PROFIT,6.235120482581743,1.2394060398980855,0.2607034739319566,0.9787025659661289,"[227142, 227183]","[1679.92, 1692.0]","[1.0265868287289384, 0.1588465918447003]",1.5462515198413624,30.084377,0.009999999782681306,1295.6504264609996,0.024080875186149223,2.408087570947167,39.67053277389438,0.0,19.835320593198382,11,False,False,2026-06-24T13:00:00+00:00,2026-06-24T15:44:59.999000+00:00
ETHUSDT,15,LONG,1782318599999,1782318600000,1782320399999,1631.556246,1601.9072319755142,1705.6787810612145,1601.5868505291191,STOP,11.411384012242902,-12.618296233016281,-9.343053694498426,-3.2752425385178547,"[227199, 227200]","[1616.0, 1615.27]","[-4.21794215771326, -3.9685913573252556]",0.003777865729673067,18.584016,0.009999999881970702,-580.985638155653,-0.010544246872655942,-1.0544246997108948,24.033913214474676,0.0,12.016934809845733,2,False,False,2026-06-24T16:30:00+00:00,2026-06-24T16:59:59.999000+00:00
ETHUSDT,15,SHORT,1782367199999,1782367200000,1782395099999,1644.680998,1662.6306667790388,1599.8068260524028,1600.1267874176133,TAKE_PROFIT,7.28033338951945,8.278885794522694,4.757597286476273,3.521288508046421,"[227224, 227251]","[1629.15, 1636.1]","[7.302791054545921, 1.1637173909114893]",0.9016490533904231,30.373145,0.009999999842084198,1313.8294914339206,0.024098654586678515,2.4098654967234356,39.42200694544722,0.0,19.71105839122588,31,False,False,2026-06-25T06:00:00+00:00,2026-06-25T13:44:59.999000+00:00
ETHUSDT,15,SHORT,1782426599999,1782426600000,1782490499999,1567.746388,1593.030907012473,1504.5350904688173,1593.3495131938755,STOP,10.015453506236529,-6.881439973712986,-10.163846541987898,3.2824065682749115,"[227319, 227320]","[1582.55, 1583.0]","[4.036683512017905, 3.6889122335282796]",0.0037875218993421228,22.08174,0.009999999620419883,-593.2825528407011,-0.010626092005649712,-1.0626092408995051,27.92099912209154,0.0,13.960477505002721,71,False,False,2026-06-25T22:30:00+00:00,2026-06-26T16:14:59.999000+00:00
ETHUSDT,15,SHORT,1782491399999,1782491400000,1782575099999,1574.824972,1609.7763107921548,1487.4466250196128,1610.0982660543132,STOP,13.973155396077413,7.154420468541048,3.3050377871348617,3.849382681406186,"[227390, 227392]","[1587.65, 1594.89]","[4.872971041640446, 4.516960452274883]",0.03704914977386036,15.804641,0.009999999847144229,-577.6163767718579,-0.010456613123813262,-1.045661328364863,20.134627356002383,0.0,10.067291781422886,93,False,False,2026-06-26T16:30:00+00:00,2026-06-27T15:44:59.999000+00:00
ETHUSDT,15,LONG,1782600299999,1782600300000,1782625499999,1575.725082,1563.1565663853223,1607.1463710366938,1562.8439350720453,STOP,5.581716807338785,-5.075416929042149,-3.7444717704976416,-1.3309451585445071,"[227512, 227513]","[1571.35, 1561.69]","[-1.6249479599918253, -1.5410909721598016]",0.08744276159206524,43.490991,0.009999999866926767,-614.8136358630964,-0.011247608532351051,-1.1247608682026615,54.59979074974367,0.0,27.29987405831299,28,False,False,2026-06-27T22:45:00+00:00,2026-06-28T05:44:59.999000+00:00
ETHUSDT,15,SHORT,1782652499999,1782652500000,1782735299999,1579.174102,1593.4160305267328,1543.569280683168,1593.7347137328381,STOP,5.243015263366418,2.2033427713270157,1.933108795552077,0.2702339757749388,"[227556, 227570]","[1585.69, 1588.27]","[2.0485156726565923, 0.47099190528218027]",0.3946925637294461,37.949149,0.009999999950258992,-600.726499945288,-0.011114909859770124,-1.1114909915056808,48.16367576466361,0.0,24.081816743091508,92,False,False,2026-06-28T13:15:00+00:00,2026-06-29T12:14:59.999000+00:00
ETHUSDT,15,SHORT,1782737099999,1782737100000,1782753299999,1574.63501,1608.6977583577323,1489.4781391056692,1609.019497909404,STOP,9.108879178866168,1.6993683781574873,1.1046008486781975,0.5947675294792898,"[227629, 227664]","[1588.92, 1597.0]","[2.691903202960702, 0.6579753484467175]",0.7492165457907193,15.690507,0.00999999974084225,-559.4913095706906,-0.010468312308208034,-1.0468312579502468,19.981261336773624,0.0,9.990609487609262,18,False,False,2026-06-29T12:45:00+00:00,2026-06-29T17:14:59.999000+00:00
ETHUSDT,15,LONG,1782782999999,1782783000000,1782818999999,1598.959728,1577.8765533489848,1651.667664627538,1577.560978038315,STOP,6.491723325507595,-1.9240198296338349,1.988904815827685,-3.91292464546152,"[227709, 227713]","[1606.74, 1601.81]","[-3.1949845412053683, -3.107190190823725]",0.022362217360491866,25.084784,0.009999999808145841,-568.6559549718756,-0.010752345500343175,-1.0752345706631399,31.87293431299945,0.0,15.936446322636753,40,False,False,2026-06-30T01:30:00+00:00,2026-06-30T11:29:59.999000+00:00
ETHUSDT,15,LONG,1782827999999,1782828000000,1782943199999,1566.893316,1540.6621084564308,1632.4713348589228,1632.144840591951,TAKE_PROFIT,7.383945771784545,-9.82757416118875,-8.258364801111181,-1.5692093600775685,"[227764, 227766]","[1549.73, 1549.16]","[-3.0277340766632204, -2.4378117376270705]",0.015741579525406862,19.944958,0.009999999999884641,1275.917044752979,0.02438771041032753,2.4387710410608863,25.521872669449554,0.0,12.76098890272103,128,False,False,2026-06-30T14:00:00+00:00,2026-07-01T21:59:59.999000+00:00
ETHUSDT,15,SHORT,1782989099999,1782989100000,1782995399999,1643.511232,1662.3215957071052,1596.485322732237,1662.6540600262467,STOP,6.7407978535526265,6.712729488048808,3.785902948801718,2.92682653924709,"[227919, 227942]","[1643.47, 1652.0]","[2.7497844528936466, 1.3952459798375814]",0.606893158162269,28.491714,0.009999999995885522,-583.09130764986,-0.010879797144436074,-1.0879797148912544,37.67932637485532,0.0,18.839642124534095,7,False,False,2026-07-02T10:45:00+00:00,2026-07-02T12:29:59.999000+00:00
ETHUSDT,15,SHORT,1782997199999,1782997200000,1782998999999,1661.637606,1684.214830795415,1605.1945440114625,1684.551673761574,STOP,8.552415397707488,11.657043294954747,9.218857027431582,2.4381862675231645,"[227953, 227954]","[1664.99, 1670.0]","[2.5878832975789177, 2.4757677028963876]",0.025267367683818404,23.479794,0.009999999946524176,-569.444724733324,-0.010742039184865389,-1.074203924230933,31.42713398952405,0.0,15.71354610260024,2,False,False,2026-07-02T13:00:00+00:00,2026-07-02T13:29:59.999000+00:00
ETHUSDT,15,SHORT,1783069199999,1783069200000,1783075499999,1718.766178,1746.0469405388717,1650.5642716528205,1746.3961499269797,STOP,7.5534702694358895,6.449887276499567,5.7477267173112425,0.7021605591883242,"[228031, 228033]","[1721.97, 1723.23]","[0.44805682853576734, 0.3494025865469741]",0.04639314369099136,19.222855,0.009999999994253819,-557.7710691988797,-0.010636079838359675,-1.063607984447136,26.644125192481113,0.0,13.32204188404447,7,False,False,2026-07-03T09:00:00+00:00,2026-07-03T10:44:59.999000+00:00
ETHUSDT,15,SHORT,1783077299999,1783077300000,1783111499999,1741.80157,1761.669929498558,1692.130671253605,1762.0222634844577,STOP,8.469964749279,10.842988444256662,8.687517036761033,2.1554714074956287,"[228034, 228040]","[1737.34, 1740.0]","[1.0988027656324686, 0.9350588135493547]",0.04876658270041509,26.113702,0.009999999749260089,-564.6362884657146,-0.010882741716680413,-1.0882741989554188,36.5991245792443,0.0,18.29954190011727,38,False,False,2026-07-03T11:15:00+00:00,2026-07-03T20:44:59.999000+00:00
ETHUSDT,15,LONG,1783133999999,1783134000000,1783178099999,1748.989728,1735.507687776081,1782.6948285597978,1782.3382895940858,TAKE_PROFIT,5.331156111959549,0.3678621924532308,2.3819647302075464,-2.0141025377543156,"[228103, 228106]","[1745.12, 1743.09]","[-2.627903758395851, -2.280954804778298]",0.049558936260780916,38.064718,0.009999999802982964,1215.6359907224187,0.023687831535463593,2.368783200215424,53.767602062087164,0.0,26.883852882541408,49,False,False,2026-07-04T03:00:00+00:00,2026-07-04T15:14:59.999000+00:00
ETHUSDT,15,SHORT,1783189799999,1783189800000,1783345499999,1795.580812,1821.4476369809822,1730.9137495475443,1731.2599322974538,TAKE_PROFIT,8.053818490491132,11.304545581567936,9.887806137848722,1.416739443719214,"[228156, 228167]","[1799.0, 1808.0]","[1.9066299222516951, 1.1439516345371565]",0.4579682251119589,20.30966,0.009999999837006146,1277.6836231032821,0.02432078247936618,2.432078287578,28.65157455633129,0.0,14.325840104607156,173,False,False,2026-07-04T18:30:00+00:00,2026-07-06T13:44:59.999000+00:00
ETHUSDT,15,LONG,1783346399999,1783346400000,1783354499999,1744.378806,1722.7351188385649,1798.4880239035879,1798.128326298807,TAKE_PROFIT,9.247440580717555,-10.71752208613907,-8.678185645047892,-2.0393364410911783,"[228340, 228342]","[1731.12, 1728.3]","[-3.344554149547214, -2.716147629923258]",0.058624116187194555,24.862827,0.009999999704524375,1301.1343277315837,0.024179113063894073,2.4179113778327945,35.230696790644544,0.0,17.615402554539354,9,False,False,2026-07-06T14:00:00+00:00,2026-07-06T16:14:59.999000+00:00
ETHUSDT,15,SHORT,1783357199999,1783357200000,1783372499999,1791.54162,1820.3367682754617,1719.5537493113457,1820.700835629117,STOP,12.183384137730886,8.155820187363815,1.6073126729285963,6.548507514435219,"[228352, 228353]","[1803.59, 1804.5]","[7.028451977950205, 6.87909592027807]",0.001501242242827035,19.139842,0.00999999963066159,-585.7578799318007,-0.01062821805544264,-1.062821844798357,27.655099946573323,0.0,13.82752820227659,17,False,False,2026-07-06T17:00:00+00:00,2026-07-06T21:14:59.999000+00:00
ETHUSDT,15,SHORT,1783376099999,1783376100000,1783401299999,1812.967334,1834.5706692828862,1758.9589957927844,1759.310787591943,TAKE_PROFIT,9.23033464144311,12.711987703164368,10.946701612490255,1.7652860906741132,"[228353, 228372]","[1804.5, 1833.0]","[6.87909592027807, 0.8960010115165726]",2.488434803177936,25.240409,0.009999999787063615,1318.2468725265464,0.02417572720295539,2.4175727717744593,36.06630434029295,0.0,18.033207064001832,28,False,False,2026-07-06T22:15:00+00:00,2026-07-07T05:14:59.999000+00:00
ETHUSDT,15,LONG,1783402199999,1783402200000,1783443599999,1760.922114,1742.6051633381585,1806.7144906546037,1806.3531477564727,TAKE_PROFIT,7.067418330920723,-10.339158873541692,-7.293686591897607,-3.045472281644085,"[228402, 228403]","[1763.96, 1761.59]","[-3.353671186525519, -3.091891075380512]",0.026723370037635585,30.488671,0.009999999710126514,1341.6272486621374,0.024023716167930864,2.402371686431472,43.50459272885279,0.0,21.752352639794157,46,False,False,2026-07-07T05:30:00+00:00,2026-07-07T16:59:59.999000+00:00
ETHUSDT,15,SHORT,1783444499999,1783444500000,1783478699999,1803.369254,1826.3228273190778,1745.9853207023057,1746.334517766446,TAKE_PROFIT,9.646413659538881,7.993184430342808,4.963284435010431,3.029899995332377,"[228450, 228451]","[1806.0, 1812.85]","[3.3863150360675673, 3.176531844208508]",0.04312472916200998,24.914455,0.009999999972378019,1385.613795373747,0.024229279597614582,2.422927966454065,35.37557395400216,0.0,17.68784452408963,38,False,False,2026-07-07T17:15:00+00:00,2026-07-08T02:44:59.999000+00:00
ETHUSDT,15,LONG,1783479599999,1783479600000,1783499399999,1757.25138,1737.0128276861963,1807.8477607845095,1736.665425120659,STOP,8.373586156901906,-9.374438941642211,-7.035173675298141,-2.3392652663440696,"[228489, 228490]","[1748.14, 1740.4]","[-2.977825892257422, -2.8019372664673776]",0.05285904250069968,28.941393,0.00999999978119888,-636.2337381897975,-0.010862200408175156,-1.0862200645841322,40.447527746520564,0.0,20.223740850761498,22,False,False,2026-07-08T03:00:00+00:00,2026-07-08T08:29:59.999000+00:00
ETHUSDT,15,LONG,1783502999999,1783503000000,1783524599999,1734.636858,1713.8796814077248,1786.5297994806883,1713.536905471443,STOP,7.6451592961376615,-9.791334332011047,-8.264980865484926,-1.5263534665261211,"[228490, 228513]","[1740.4, 1730.03]","[-2.8019372664673776, -0.185911395473207]",1.2919888158221553,27.911771,0.009999999792037957,-627.4348976696394,-0.010829614262099826,-1.0829614487314703,38.49785458168923,0.0,19.248904503319075,24,False,False,2026-07-08T09:30:00+00:00,2026-07-08T15:29:59.999000+00:00
ETHUSDT,15,SHORT,1783561499999,1783561500000,1783581299999,1735.592812,1760.1965798235688,1674.0833924410783,1760.5486191395335,STOP,6.773289911784344,1.607415254014768,1.5026892615927532,0.10472599242201475,"[228575, 228580]","[1744.14, 1755.28]","[0.8097031491090297, 0.5394643707669879]",0.6072401891400822,23.292986,0.009999999943107102,-613.8694956836728,-0.010711474661538071,-1.0711474722478755,32.574229363821246,0.0,16.287092081583655,22,False,False,2026-07-09T01:45:00+00:00,2026-07-09T07:14:59.999000+00:00
ETHUSDT,15,LONG,1783602899999,1783602900000,1783679399999,1748.359602,1728.4783485368946,1798.0627356577636,1797.703123110632,TAKE_PROFIT,6.150825731552734,-0.96789911029623,0.3206639193698417,-1.2885630296660717,"[228626, 228627]","[1736.01, 1733.98]","[-2.292401489272545, -2.0363961536342194]",0.03831534826445251,28.517141,0.009999999656037347,1366.686720657643,0.024105670430227294,2.4105671259372357,40.44942829072966,0.0,20.224771239801633,85,False,False,2026-07-09T13:15:00+00:00,2026-07-10T10:29:59.999000+00:00
ETHUSDT,15,SHORT,1783686599999,1783686600000,1783781099999,1799.649998,1815.7645180739082,1759.3636978152297,1816.127670977523,STOP,5.677259036954068,10.678076370473264,10.193044383356922,0.48503198711634177,"[228713, 228720]","[1803.24, 1806.82]","[1.4883221412826728, 0.7789308297230004]",0.2995183227487793,36.031069,0.009999999822828164,-645.820305884399,-0.011122877780625358,-1.112287797769143,52.11213387183531,0.0,26.056044229832548,105,False,False,2026-07-10T12:30:00+00:00,2026-07-11T14:44:59.999000+00:00
ETHUSDT,15,SHORT,1783792799999,1783792800000,1783815299999,1823.405246,1839.79903474936,1782.4207741265996,1782.777258281425,TAKE_PROFIT,5.999517374680074,7.700435774500875,6.575261694477459,1.1251740800234158,"[228829, 228838]","[1827.8, 1829.52]","[2.6433426404017606, 1.2700922002967552]",0.14629826596717735,35.023337,0.009999999933165794,1372.4074874471341,0.023902659143694664,2.390265930344619,50.52021805238092,0.0,25.260166953705355,25,False,False,2026-07-11T18:00:00+00:00,2026-07-12T00:14:59.999000+00:00
ETHUSDT,15,LONG,1783817999999,1783818000000,1783901699999,1788.587646,1770.3521762103112,1834.1763204742217,1833.809485210127,TAKE_PROFIT,6.823911894844364,-9.585825565675577,-5.2455065373714245,-4.340319028304153,"[228864, 228866]","[1782.0, 1778.26]","[-5.61519046589367, -4.983780275601072]",0.061371274014965914,32.238778,0.009999999923250406,1411.1841722706108,0.024004251344508426,2.4004251528740084,46.71266277636806,0.0,23.35639063831306,93,False,False,2026-07-12T01:00:00+00:00,2026-07-13T00:14:59.999000+00:00
ETHUSDT,15,SHORT,1783903499999,1783903500000,1784033999999,1813.117304,1852.6482215437259,1714.2900101406854,1853.0187511880347,STOP,9.91411077186295,0.9590278320081325,-0.6741532347562231,1.6331810667643556,"[228926, 228960]","[1826.2, 1848.0]","[2.356879034223214, 1.1807787391036597]",1.3377610042383141,15.228614,0.009999999598489375,-629.9758056103416,-0.01046469510943854,-1.0464695529607182,22.332068342376513,0.0,11.166010312079177,145,False,False,2026-07-13T00:45:00+00:00,2026-07-14T12:59:59.999000+00:00
ETHUSDT,15,SHORT,1784037599999,1784037600000,1784120399999,1870.145896,1898.2357862434535,1799.921170391366,1898.6154334007022,STOP,11.922893121726759,25.76394805085033,16.092546413434427,9.671401637415904,"[229099, 229105]","[1804.53, 1808.0]","[1.1136292883073358, 0.9782031285771158]",0.07232951337546796,21.206966,0.0099999999476674,-635.7221090423063,-0.010671825883182696,-1.0671825939031137,31.969597349886197,0.0,15.984775164233637,92,False,False,2026-07-14T14:00:00+00:00,2026-07-15T12:59:59.999000+00:00
ETHUSDT,15,SHORT,1784123999999,1784124000000,1784249099999,1924.31506,1953.279641501649,1851.9036062458779,1852.273986967127,TAKE_PROFIT,10.244820750824418,16.355734249456646,9.933096299651542,6.422637949805104,"[229178, 229202]","[1891.54, 1895.54]","[1.4931299244011806, 1.1501766012420802]",0.15967900380637276,20.347061,0.009999999614653548,1435.0871124210914,0.02435057958362204,2.435058052196302,30.7369950842288,0.0,15.368556789820971,139,False,False,2026-07-15T14:00:00+00:00,2026-07-17T00:44:59.999000+00:00
ETHUSDT,15,LONG,1784257199999,1784257200000,1784267999999,1847.679462,1828.4147956433396,1895.841127891651,1828.049112684211,STOP,7.407602178330212,-8.598128513588108,-6.9287110136090595,-1.6694174999790485,"[229346, 229352]","[1845.85, 1842.35]","[-1.327393525195463, -1.2423616854895405]",0.029723792320733904,31.336904,0.009999999995408262,-661.2287533853229,-0.01095302682399103,-1.0953026829020371,46.07438138997438,0.0,23.03716701029899,12,False,False,2026-07-17T03:00:00+00:00,2026-07-17T05:59:59.999000+00:00
ETHUSDT,15,LONG,1784269799999,1784269800000,1784294099999,1834.16676,1809.772440626787,1895.1525584330323,1809.4104861386618,STOP,7.613779686606435,-11.470606096704842,-9.531144938564049,-1.9394611581407926,"[229354, 229365]","[1842.1, 1836.06]","[-1.7149447797902484, -0.628654822729021]",0.5556257275296801,24.476301,0.0099999998444913,-641.6145280258431,-0.010745823218553396,-1.0745823385660298,35.67251735729639,0.0,17.836235154417174,27,False,False,2026-07-17T06:30:00+00:00,2026-07-17T13:14:59.999000+00:00
ETHUSDT,15,LONG,1784296799999,1784296800000,1784571299999,1825.094946,1788.0228975145483,1917.7750672136297,1917.3915122001868,TAKE_PROFIT,8.153551242725916,-7.321110963639285,-5.641467567991382,-1.6796433956479024,"[229368, 229396]","[1819.9, 1806.95]","[-2.4722399605681282, -0.9269259101313061]",1.2883210913290313,15.932935,0.009999999511767962,1446.7036726000206,0.024492729938949347,2.4492731134762953,23.851517390753518,0.0,11.925817994617079,305,False,False,2026-07-17T14:00:00+00:00,2026-07-20T18:14:59.999000+00:00
ETHUSDT,15,SHORT,1784572199999,1784572200000,1784616299999,1907.028518,1936.7239339575713,1832.7899781060717,1937.1112787443628,STOP,9.50696697878568,12.124376900164407,9.926440562087267,2.19793633807714,"[229697, 229703]","[1906.38, 1909.63]","[3.832453306289845, 2.0361129097397814]",0.16679632686899146,20.378014,0.00999999996231288,-644.3612934456826,-0.010648248399372968,-1.0648248439503152,31.33437383840551,0.0,15.667163024812494,49,False,False,2026-07-20T18:30:00+00:00,2026-07-21T06:44:59.999000+00:00
ETHUSDT,15,SHORT,1784617199999,1784617200000,1784622599999,1933.683186,1948.940511587143,1895.5398720321425,1949.3302996894604,STOP,5.830255793571478,9.48633025285585,8.777005655893856,0.709324596961995,"[229744, 229751]","[1931.0, 1935.41]","[1.5967412655062123, 0.2761308288851687]",0.6270940130300677,39.23951,0.009999999807657079,-674.9320926894562,-0.01127348214119162,-1.1273482358029074,60.94701860073857,0.0,30.473485959905762,6,False,False,2026-07-21T07:00:00+00:00,2026-07-21T08:29:59.999000+00:00
ETHUSDT,15,SHORT,1784624399999,1784624400000,1784729699999,1938.622198,1954.5735638012552,1898.743783496862,1954.9644785140154,STOP,6.201781900627589,9.420019150237522,9.256963776554311,0.16305537368321055,"[229758, 229761]","[1939.51, 1953.64]","[0.20157014154757924, 0.1628246179821673]",0.41734923054225703,37.10909,0.009999999976404139,-664.2421417604686,-0.011221431045720627,-1.1221431072198562,57.794983360623796,0.0,28.897468578324304,117,False,False,2026-07-21T09:00:00+00:00,2026-07-22T14:14:59.999000+00:00
ETHUSDT,15,SHORT,1784730599999,1784730600000,1785107699999,1923.6152,1957.4565012951946,1839.0119467620138,1957.8479925954534,STOP,8.41325064759725,2.121119139706252,0.8931916941793021,1.22792744552695,"[229867, 229878]","[1932.9, 1938.58]","[1.7676372883218225, 0.5236514093547171]",0.6406241317728939,17.295382,0.009999999729311556,-618.9217803190916,-0.010574468337275333,-1.057446862351398,26.852555453951176,0.0,13.426254581256776,419,False,False,2026-07-22T14:30:00+00:00,2026-07-26T23:14:59.999000+00:00
ETHUSDT,15,SHORT,1785108599999,1785108600000,1785132899999,1952.479426,1975.454877259793,1895.0407978505175,1975.849968235245,STOP,7.107438629896517,15.038710070526577,11.082017818004719,3.956692252521858,"[230274, 230295]","[1927.9, 1930.44]","[3.1682292821967017, 0.2360470132386281]",0.5076625957993391,25.205556,0.00999999986248434,-628.6738016739698,-0.010855879768332325,-1.0855879917617675,39.60629061313702,0.0,19.80312253599297,27,False,False,2026-07-26T23:30:00+00:00,2026-07-27T06:14:59.999000+00:00
ETHUSDT,15,LONG,1785157199999,1785157200000,1785162599999,1956.961314,1938.9249980115128,2002.052103971218,1938.5372130119106,STOP,6.537500994243609,0.2941197826298776,2.6699564727847944,-2.375836690154917,"[230353, 230354]","[1946.0, 1941.8]","[-2.83029208150307, -2.792395488699159]",0.00849734327204359,31.759384,0.009999999862484487,-634.6255515718368,-0.011078925506107557,-1.107892565845997,49.487453436322255,0.0,24.743704302385375,6,False,False,2026-07-27T13:00:00+00:00,2026-07-27T14:29:59.999000+00:00
ETHUSDT,15,LONG,1785165299999,1785165300000,1785193199999,1933.28658,1901.1496222779704,2013.6289743050743,1900.7693923535148,STOP,11.565188861014835,-6.409906483991563,-2.1929682459410857,-4.216938238050477,"[230354, 230361]","[1941.8, 1935.55]","[-2.792395488699159, -1.6957536851203958]",0.22893028198789345,17.626934,0.009999999910708058,-600.2113811410036,-0.010595529927227298,-1.0595530021836843,27.03306063079249,0.0,13.516507928923742,31,False,False,2026-07-27T15:15:00+00:00,2026-07-27T22:59:59.999000+00:00
ETHUSDT,15,LONG,1785198599999,1785198600000,1785247199999,1882.636452,1857.2850279851098,1946.0150120372255,1856.9135709795128,STOP,9.957486007445114,-19.102999088210254,-13.065414169478773,-6.037584918731481,"[230396, 230400]","[1881.16, 1877.02]","[-6.352054921245971, -6.348608641815508]",0.00023170537847919573,22.108183,0.009999999954645813,-601.756023386433,-0.010736557003758002,-1.0736557052452784,33.06986249827411,0.0,16.534909163086986,54,False,False,2026-07-28T00:30:00+00:00,2026-07-28T13:59:59.999000+00:00
ETHUSDT,15,SHORT,1785258899999,1785258900000,1785610799999,1910.877748,1946.354113405334,1822.186834486665,1822.5512718535624,TAKE_PROFIT,10.74705670266699,11.881571001897782,7.888453276986871,3.9931177249109115,"[230465, 230467]","[1923.9, 1928.31]","[5.366156443851328, 5.252170980601016]",0.00891849543119556,15.628894,0.00999999983200345,1357.1053865230758,0.024476324473384287,2.4476324884578107,23.339746563126088,0.0,11.669928966165527,391,False,False,2026-07-28T17:15:00+00:00,2026-08-01T18:59:59.999000+00:00
ETHUSDT,15,LONG,1785672899999,1785672900000,1785707099999,1856.52123,1841.717435314184,1893.5307167145395,1893.1520105711966,TAKE_PROFIT,4.796282342907916,-3.344393061711571,-0.8069163747130885,-2.537476686998483,"[230916, 230926]","[1861.46, 1852.85]","[-2.107609450734346, -2.0778506093974918]",0.028429206274177433,38.370392,0.009999999781298093,1347.9868369377493,0.02373101711570543,2.373101763470731,57.55057284505085,0.0,28.775343795035567,38,False,False,2026-08-02T12:15:00+00:00,2026-08-02T21:44:59.999000+00:00
ETHUSDT,15,SHORT,1785709799999,1785709800000,1785742199999,1888.992126,1908.6882040653852,1839.7519308365372,1840.1198812227044,TAKE_PROFIT,5.894102032692558,8.676321800406413,7.333059077541263,1.3432627228651501,"[230966, 230967]","[1897.7, 1898.5]","[1.8354792333979537, 1.6946670728947932]",0.011236942788243137,29.524014,0.009999999975460451,1398.8654969727743,0.024055855029030175,2.4055855088062157,44.03934204352449,0.0,22.019729618744993,36,False,False,2026-08-02T22:30:00+00:00,2026-08-03T07:29:59.999000+00:00
ETHUSDT,15,LONG,1785743999999,1785744000000,1785745799999,1843.3686,1831.5095033710606,1873.0163415723484,1831.1432014703864,STOP,5.090248314469682,-8.510097321412559,-7.171831595236791,-1.3382657261757682,"[230991, 231002]","[1850.01, 1846.51]","[-2.135362869137393, -0.6543987057208813]",0.4820140255573103,50.214275,0.009999999973683962,-687.6947021865235,-0.011548268508700258,-1.1548268539090722,73.80517843591176,0.0,36.902566138477574,2,False,False,2026-08-03T08:00:00+00:00,2026-08-03T08:29:59.999000+00:00
ETHUSDT,15,LONG,1785747599999,1785747600000,1785847499999,1839.787884,1823.4334061098111,1880.6740787254723,1880.297943909727,TAKE_PROFIT,5.838296945094462,-10.005821079165571,-8.68768818817291,-1.3181328909926613,"[231009, 231010]","[1829.27, 1827.18]","[-1.7907867277441838, -1.741366523732296]",0.009725328738786601,35.991304,0.009999999857032985,1404.4535852938484,0.023860147222484213,2.386014756360562,53.55629597535627,0.0,26.77820737920168,111,False,False,2026-08-03T09:00:00+00:00,2026-08-04T12:44:59.999000+00:00
ETHUSDT,15,SHORT,1785873599999,1785873600000,1785947399999,1874.085108,1892.0459290104793,1829.1830554738015,1892.4243381962815,STOP,6.0729645052397,3.2288771302662553,3.0151159386182744,0.2137611916479809,"[231145, 231150]","[1880.43, 1880.95]","[0.553395108475276, 0.47231144841749595]",0.012553968155438229,33.554341,0.009999999718753077,-665.9138806184827,-0.011049513496639605,-1.1049513807403781,50.55309693495647,0.0,25.276524864107884,82,False,False,2026-08-04T20:00:00+00:00,2026-08-05T16:29:59.999000+00:00
ETHUSDT,15,LONG,1785981599999,1785981600000,1785983399999,1906.311186,1895.478614744756,1933.3926141381098,1895.099519021807,STOP,4.880692627621955,2.009989404842372,3.6678650644754236,-1.6578756596330515,"[231260, 231270]","[1903.14, 1902.2]","[-2.733892126979928, -1.7462188380320027]",0.06818125863695956,55.01966,0.009999999939936034,-700.5230349776626,-0.011753655603754503,-1.175365567435162,83.66092980426404,0.0,41.830441900865495,2,False,False,2026-08-06T02:00:00+00:00,2026-08-06T02:29:59.999000+00:00
ETHUSDT,15,LONG,1786023899999,1786023900000,1786374899999,1906.371198,1881.1508858365182,1969.4219784087045,1880.7746556593509,STOP,5.679557081740916,-2.2336015905159456,-1.6876035706561152,-0.5459980198598304,"[231308, 231316]","[1895.8, 1891.46]","[-1.37429027643218, -1.1450283879944931]",0.1448849992618116,23.354158,0.009999999905872891,-633.1639351313719,-0.01074982746096914,-1.0749827562154157,35.378241054162146,0.0,17.6890973232172,390,False,False,2026-08-06T13:45:00+00:00,2026-08-10T15:14:59.999000+00:00
ETHUSDT,15,LONG,1786377599999,1786377600000,1786463099999,1876.3752,1861.9726700153792,1912.3815249615518,1861.6002754813762,STOP,6.66866499231035,-13.012090783588064,-9.187280635912256,-3.8248101476758087,"[231703, 231707]","[1893.37, 1890.19]","[-2.507179836713606, -2.268612276486313]",0.053090127722071,40.455914,0.00999999988281816,-658.2223614300084,-0.011296705881212309,-1.1296706013589188,60.48928574807346,0.0,30.24462017449851,95,False,False,2026-08-10T16:00:00+00:00,2026-08-11T15:44:59.999000+00:00
ETHUSDT,15,SHORT,1786487399999,1786487400000,1786522499999,1882.82336,1894.4888175892768,1853.659716026808,1894.8677153527947,STOP,4.749408794638409,3.165188721744471,1.3139674451318557,1.8512212766126153,"[231824, 231832]","[1884.83, 1886.95]","[2.6823591959773223, 2.098863674520432]",0.09379261686848474,49.383857,0.00999999985722027,-669.4195047417561,-0.011620145618507237,-1.1620145784419367,74.62278234215945,0.0,37.311368871665586,39,False,False,2026-08-11T22:30:00+00:00,2026-08-12T08:14:59.999000+00:00
ETHUSDT,15,SHORT,1786524299999,1786524300000,1786526999999,1889.901944,1898.4419483858012,1868.5519330354969,1898.8216367754783,STOP,3.2309741929006126,2.6569238670135746,2.569330664868432,0.08759320214514243,"[231857, 231872]","[1892.83, 1895.45]","[0.18036759139000003, 0.03697790334080908]",0.6070832023687344,66.673396,0.009999999853351026,-695.749035672042,-0.012219176458629733,-1.2219176637822704,101.04282705423259,0.0,50.52139175972362,3,False,False,2026-08-12T08:45:00+00:00,2026-08-12T09:29:59.999000+00:00
ETHUSDT,15,SHORT,1786538699999,1786538700000,1787144399999,1908.208282,1936.4510543630533,1837.6013510923667,1936.838344573926,STOP,5.8655271815266685,9.027907057281709,8.298485570239086,0.7294214870426234,"[231887, 231888]","[1915.55, 1917.41]","[1.4923863570041513, 1.2560659933539347]",0.0694646819914807,19.914249,0.009999999805106937,-600.7746813580235,-0.010681699462360805,-1.0681699670539722,30.62848637528127,0.0,15.314220994361676,673,False,False,2026-08-12T12:45:00+00:00,2026-08-19T12:59:59.999000+00:00
ETHUSDT,15,SHORT,1787147099999,1787147100000,1787151599999,1931.353652,1951.079040818937,1882.0401799526574,1951.4692566271008,STOP,5.069520409468527,5.976634875218906,4.47629159965857,1.5003432755603363,"[232546, 232562]","[1929.8, 1932.89]","[1.0790304980309702, 0.8977777849220763]",0.1401923880304701,28.208613,0.00999999989274221,-611.2449256976954,-0.010985199712430966,-1.0985199830255792,43.8116195107985,0.0,21.90578793429852,5,False,False,2026-08-19T13:45:00+00:00,2026-08-19T14:59:59.999000+00:00
ETHUSDT,15,SHORT,1787219999999,1787220000000,1787227199999,2277.834342,2317.8387641242707,2177.823286689323,2318.3023318770956,STOP,14.029382062135367,18.745610841614962,18.063886250472066,0.6817245911428955,"[232644, 232645]","[2296.71, 2298.21]","[1.665324227692686, 1.5006129467155525]",0.010964192307379798,13.756314,0.009999999562993916,-581.9807354072559,-0.010575441526541059,-1.0575441988694307,25.29035970910757,0.0,12.645158092745081,8,False,False,2026-08-20T10:00:00+00:00,2026-08-20T11:59:59.999000+00:00
ETHUSDT,15,SHORT,1787298299999,1787298300000,1787302799999,2379.524,2417.3165513216995,2285.0426216957517,2417.8000146319637,STOP,14.473275660849659,14.438233856186343,12.123397191843699,2.3148366643426446,"[232711, 232731]","[2381.52, 2384.54]","[3.5485976302950952, 1.1880169887862486]",0.15113224260412675,14.407431,0.009999999387621241,-579.105885655188,-0.010635678293908869,-1.0635678945215257,27.646845890181204,0.0,13.823401439665068,5,False,False,2026-08-21T07:45:00+00:00,2026-08-21T08:59:59.999000+00:00
ETHUSDT,15,SHORT,1787337899999,1787337900000,1787346899999,2407.108482,2456.154453877401,2284.4935523064973,2456.6456847681766,STOP,15.1122269387005,11.712725391090316,10.281279346206375,1.4314460448839412,"[232775, 232777]","[2427.18, 2431.86]","[2.863564822397656, 2.768558811242496]",0.010615058931334043,10.983624,0.00999999932889727,-565.4666680158956,-0.010496825531066125,-1.0496826235511,21.368658798485978,0.0,10.684308062694942,10,False,False,2026-08-21T18:45:00+00:00,2026-08-21T21:14:59.999000+00:00
ETHUSDT,15,SHORT,1787352299999,1787352300000,1787375699999,2529.09408,2580.6812182145536,2400.1262344636157,2400.6062597105083,TAKE_PROFIT,22.240609107276878,39.817565733180345,27.385038835475008,12.432526897705337,"[232777, 232785]","[2431.86, 2447.49]","[2.768558811242496, 1.50472744980428]",0.46034691325335475,10.33296,0.009999999106969392,1307.2841489696198,0.02452470387660584,2.4524706066737156,20.37535856888604,0.0,10.187732798332632,26,False,False,2026-08-21T22:45:00+00:00,2026-08-22T05:14:59.999000+00:00
ETHUSDT,15,SHORT,1787430599999,1787430600000,1787461199999,2436.292644,2457.001610624752,2384.5202274381195,2384.997131483607,TAKE_PROFIT,8.055805312376124,2.7423804330146595,0.0038464409743436123,2.738533992040316,"[232873, 232878]","[2433.94, 2434.82]","[2.824940021144136, 2.3403085417606264]",0.018492339011160215,26.37122,0.009999999817916447,1301.8679282413418,0.02383846408265596,2.3838464516715185,50.85731734121152,0.0,25.428713796764136,34,False,False,2026-08-22T20:30:00+00:00,2026-08-23T04:59:59.999000+00:00
ETHUSDT,15,LONG,1787463899999,1787463900000,1787491799999,2376.705246,2345.749935516813,2454.093522207968,2453.6027035035263,TAKE_PROFIT,13.305032241593596,-13.302320833206977,-8.000099755840667,-5.30222107736631,"[232916, 232917]","[2362.21, 2355.38]","[-5.372618296710197, -5.35021960584123]",0.002121730516947656,18.062794,0.009999999864139037,1354.0833910305735,0.024217277144079934,2.42172774730982,34.89954297937784,0.0,17.44982774699939,31,False,False,2026-08-23T05:45:00+00:00,2026-08-23T13:29:59.999000+00:00
ETHUSDT,15,SHORT,1787495399999,1787495400000,1787566499999,2455.138874,2492.073992203166,2362.8010784920843,2492.5724070016067,STOP,12.461996101583164,15.719353488925208,11.404714765569743,4.314638723355465,"[232942, 232949]","[2438.67, 2485.51]","[3.6603353307906072, 3.0908120712254075]",0.5868979121119658,15.505033,0.009999999801430485,-611.0939351710658,-0.010670770434413949,-1.0670770646302923,30.685770674560874,0.0,15.342862734668367,79,False,False,2026-08-23T14:30:00+00:00,2026-08-24T10:14:59.999000+00:00
ETHUSDT,15,SHORT,1787568299999,1787568300000,1787571899999,2465.10688,2502.887782783262,2370.6546230418444,2503.388360339819,STOP,12.693891391631144,6.788556449510452,4.7176147888760145,2.0709416606344373,"[233020, 233032]","[2473.83, 2492.84]","[2.716033798791909, 2.5625211985075445]",0.08653830519269383,14.996182,0.009999999923101025,-603.8794299614545,-0.010658527234593044,-1.0658527316556026,29.803383556107867,0.0,14.901669411078853,4,False,False,2026-08-24T10:45:00+00:00,2026-08-24T11:44:59.999000+00:00
ETHUSDT,15,SHORT,1787583599999,1787583600000,1787822999999,2514.487002,2559.4020618312693,2402.1993524218265,2559.9139422436356,STOP,17.80603091563467,18.58039464868807,16.449175102042915,2.1312195466451556,"[233043, 233049]","[2520.0, 2528.0]","[4.394751306415937, 1.9871601073351748]",0.24428924883161834,12.479789,0.00999999938089478,-592.2496103904053,-0.01056587653707747,-1.0565877191216442,25.330981234224534,0.0,12.66546844698584,266,False,False,2026-08-24T15:00:00+00:00,2026-08-27T09:29:59.999000+00:00
ETHUSDT,15,SHORT,1787823899999,1787823900000,1787934599999,2540.201858,2583.150776187092,2432.8295625322694,2433.3161284447756,TAKE_PROFIT,13.710388093546136,16.392632265750763,10.15814742965593,6.234484836094833,"[233273, 233312]","[2515.0, 2529.69]","[4.157942373278896, 1.9790183821940484]",0.8504323464006485,12.9132,0.009999999316961015,1354.547189907498,0.024423505788637945,2.442350745685872,25.689612985023473,0.0,12.84486221577834,123,False,False,2026-08-27T09:45:00+00:00,2026-08-28T16:29:59.999000+00:00
